source_id,source_label,edge_type,target_id,target_label,aspect,condition,book,page,section,explicit,pass,status
comeliness,Comeliness,DERIVED_FROM,sys_ability_scores,Ability Scores,seventh ability score,,UA,7,COMELINESS,TRUE,prose-sweep,optional
abil_charisma,Charisma,MODIFIES,comeliness,Comeliness,adjusts the score,,UA,7,COMELINESS,TRUE,prose-sweep,optional
comeliness,Comeliness,MODIFIES,cbt_encounter_reactions,Encounter Reactions,reaction adjustment,,UA,7,COMELINESS,TRUE,prose-sweep,optional
comeliness,Comeliness,TRIGGERS,rule_fascinate,Fascinate,at high scores,,UA,7,COMELINESS,TRUE,prose-sweep,optional
rule_fascinate,Fascinate,EXCLUDES,cbt_melee,Combat Ability,does not impair fighting,,UA,7,COMELINESS,TRUE,prose-sweep,optional
rule_fascinate,Fascinate,EXCLUDES,rule_spell_casting,Spell Casting,does not impair casting,,UA,7,COMELINESS,TRUE,prose-sweep,optional
rule_fascinate,Fascinate,MODIFIES,sys_alignment,Alignment,actions while fascinated may affect it,,UA,7,COMELINESS,TRUE,prose-sweep,optional
spell_change_self,Change Self,MODIFIES,comeliness,Comeliness,slight temporary shift,,UA,7,COMELINESS,TRUE,prose-sweep,optional
spell_polymorph_other,Polymorph,MODIFIES,comeliness,Comeliness,shift from original,,UA,7,COMELINESS,TRUE,prose-sweep,optional
spell_shape_change,Shape Change,OVERRIDES,comeliness,Comeliness,confers full comeliness of new form,,UA,7,COMELINESS,TRUE,prose-sweep,optional
class_cavalier,Cavalier,DERIVED_FROM,class_fighter,Fighter,new subclass,,UA,12,CHARACTER CLASSES,TRUE,prose-sweep,optional
class_paladin,Paladin,DERIVED_FROM,class_cavalier,Cavalier,reassigned as cavalier subclass,,UA,12,CHARACTER CLASSES,TRUE,prose-sweep,optional
class_barbarian,Barbarian,DERIVED_FROM,class_fighter,Fighter,new subclass,,UA,12,CHARACTER CLASSES,TRUE,prose-sweep,optional
class_thief_acrobat,Thief-Acrobat,DERIVED_FROM,class_thief,Thief,new subclass,,UA,12,CHARACTER CLASSES,TRUE,prose-sweep,optional
sys_alignment,Alignment,GATES,class_cavalier,Cavalier,non-evil at start,,UA,12,CHARACTER CLASSES,TRUE,prose-sweep,optional
sys_alignment,Alignment,GATES,class_barbarian,Barbarian,non-lawful,,UA,12,CHARACTER CLASSES,TRUE,prose-sweep,optional
sys_alignment,Alignment,GATES,class_thief,Thief,non-good at start,,UA,12,CHARACTER CLASSES,TRUE,prose-sweep,optional
race,Race,CONSTRAINS,class_cavalier,Cavalier,limited racial access,,UA,12,CHARACTER CLASSES,TRUE,prose-sweep,optional
race_subrace,Elven Sub-Race,GATES,class_cavalier,Cavalier,dark gray or high elf descent only,,UA,12,CHARACTER CLASSES,TRUE,prose-sweep,optional
race_subrace,Elven Sub-Race,CONSTRAINS,class_ranger,Ranger,wild elf descent excluded,,UA,12,CHARACTER CLASSES,TRUE,prose-sweep,optional
prof_specialization,Weapon Specialization,DERIVED_FROM,prof_weapon,Weapon Proficiency,additional proficiency investment,,UA,15,WEAPON SPECIALIZATION,TRUE,prose-sweep,optional
prof_specialization,Weapon Specialization,MODIFIES,cbt_tohit,To-Hit Roll,bonus with chosen weapon,,UA,15,WEAPON SPECIALIZATION,TRUE,prose-sweep,optional
prof_specialization,Weapon Specialization,MODIFIES,cbt_damage,Damage,bonus with chosen weapon,,UA,15,WEAPON SPECIALIZATION,TRUE,prose-sweep,optional
prof_specialization,Weapon Specialization,MODIFIES,cbt_attacks_per_round,Attacks Per Melee Round,increased rate,,UA,15,WEAPON SPECIALIZATION,TRUE,prose-sweep,optional
prof_specialization,Weapon Specialization,GATES,class_fighter,Fighter,fighter classes only,,UA,15,WEAPON SPECIALIZATION,TRUE,prose-sweep,optional
spell_cantrip,Cantrip,DERIVED_FROM,rule_magic_user_spells,Magic-User Spells,zero level spells,,UA,44,CANTRIPS,TRUE,prose-sweep,optional
spell_cantrip,Cantrip,CONSUMES,rule_spell_memorization,Spell Memorization,occupies preparation,,UA,44,CANTRIPS,TRUE,prose-sweep,optional
race_subrace,Sub-Race,MODIFIES,race,Race,expanded racial roster,,UA,3,CHARACTER RACES,TRUE,prose-sweep,optional
sys_armor,Armor,CONSTRAINS,thief_skills,Thief Skills,penalty by armor type,,UA,22,THIEF SKILLS,TRUE,prose-sweep,optional
comeliness,Comeliness,FEEDS_INTO,cbt_encounter_reactions,Initial Reactions,determines first impressions,,UA,6,CHARACTER ABILITIES,TRUE,page-sweep,optional
comeliness,Comeliness,EXCLUDES,abil_charisma,Charisma,attractiveness is not leadership,,UA,6,CHARACTER ABILITIES,TRUE,page-sweep,optional
rule_disease,Disease,MODIFIES,comeliness,Comeliness,via charisma loss,,UA,6,CHARACTER ABILITIES,TRUE,page-sweep,optional
rule_aging,Aging,MODIFIES,comeliness,Comeliness,via charisma loss,,UA,6,CHARACTER ABILITIES,TRUE,page-sweep,optional
item_artifact,Artifacts,MODIFIES,comeliness,Comeliness,via charisma loss,,UA,6,CHARACTER ABILITIES,TRUE,page-sweep,optional
race,Race,MODIFIES,comeliness,Comeliness,racial adjustment applies cross-race only,,UA,6,CHARACTER ABILITIES,TRUE,page-sweep,optional
race_half_orc,Half-Orc,MODIFIES,comeliness,Comeliness,largest racial penalty,,UA,6,CHARACTER ABILITIES,TRUE,page-sweep,optional
race_elf,Elven Subrace,MODIFIES,comeliness,Comeliness,gray and high elves gain the most,,UA,6,CHARACTER ABILITIES,TRUE,page-sweep,optional
spell_polymorph_self,Polymorph,MODIFIES,comeliness,Comeliness,larger shift from subtle social cues,,UA,7,CHARACTER ABILITIES (COMELINESS),TRUE,page-sweep,optional
rule_illusion,Illusion of High Comeliness,CONSTRAINS,rule_fascinate,Fascinate,effective for one round only,,UA,7,CHARACTER ABILITIES (COMELINESS),TRUE,page-sweep,optional
race_subrace,Racial Stock,CONSTRAINS,sys_classes,Character Class,expanded class limitations table,,UA,7,CHARACTER RACE TABLE I.,TRUE,page-sweep,optional
race_subrace,Racial Stock,CONSTRAINS,exp_level,Class Level Limits,expanded level limit table,,UA,8,CHARACTER RACE TABLE II.,TRUE,page-sweep,optional
sys_ability_scores,Ability Scores,MODIFIES,exp_level,Class Level Limits,high scores raise demihuman caps,,UA,8,CHARACTER RACE TABLE II.,TRUE,page-sweep,optional
race_elf,Elven Subraces,DERIVED_FROM,race_elf,Elf,dark gray high sylvan valley and wild,,UA,9,TABLE II.C: ELVES,TRUE,page-sweep,optional
race_dwarf,Dwarven Subraces,DERIVED_FROM,race_dwarf,Dwarf,expanded dwarven stocks,,UA,10,Dwarves:,TRUE,page-sweep,optional
race_gnome,Gnomish Subraces,DERIVED_FROM,race_gnome,Gnome,expanded gnomish stocks,,UA,11,Gnomes:,TRUE,page-sweep,optional
race_subrace,Subrace,MODIFIES,tbl_racial_preferences,Racial Preferences,expanded preference table,,UA,12,RACIAL PREFERENCES TABLE,TRUE,page-sweep,optional
race_subrace,Subrace,MODIFIES,race_infravision,Infravision,ranges vary by subrace,,UA,10,Dwarves:,TRUE,page-sweep,optional
race_subrace,Subrace,MODIFIES,save_matrix,Saving Throws,resistances vary by subrace,,UA,10,Dwarves:,TRUE,page-sweep,optional
class_cavalier,Cavalier,EXCLUDED_FROM,sys_experience,Prime Requisite Bonus,no prime requisite so no bonus,,UA,14,THE CAVALIER,TRUE,page-sweep,optional
abil_strength,Strength,GATES,class_cavalier,Cavalier,high minimum score,,UA,14,THE CAVALIER,TRUE,page-sweep,optional
abil_dexterity,Dexterity,GATES,class_cavalier,Cavalier,high minimum score,,UA,14,THE CAVALIER,TRUE,page-sweep,optional
abil_constitution,Constitution,GATES,class_cavalier,Cavalier,high minimum score,,UA,14,THE CAVALIER,TRUE,page-sweep,optional
class_cavalier,Cavalier,DERIVED_FROM,cbt_attack_matrix,Fighter Matrix,attacks as a fighter,,UA,14,THE CAVALIER,TRUE,page-sweep,optional
class_cavalier,Cavalier,EXCLUDED_FROM,prof_specialization,Weapon Specialization,cavaliers and paladins are barred,,UA,14,THE CAVALIER,TRUE,page-sweep,optional
class_paladin,Paladin,EXCLUDED_FROM,prof_specialization,Weapon Specialization,barred as a cavalier subclass,,UA,14,THE CAVALIER,TRUE,page-sweep,optional
rule_service,Service to a Deity or Order,GATES,class_cavalier,Cavalier,must serve some higher cause,,UA,14,THE CAVALIER,TRUE,page-sweep,optional
campaign_social_class,Upper Class Status,GATES,class_cavalier,Cavalier,immediate entry requires noble birth,,UA,14,THE CAVALIER,TRUE,page-sweep,optional
campaign_social_class,Lower Social Standing,TRIGGERS,exp_level,Zero Level Grades,must progress through Horseman and Lancer,,UA,14,THE CAVALIER,TRUE,page-sweep,optional
rule_sponsorship,Sponsorship,GATES,class_cavalier,Cavalier,a higher authority must vouch for low-born entrants,,UA,14,THE CAVALIER,TRUE,page-sweep,optional
exp_level,Zero Level Entry,MODIFIES,sys_experience,Experience Points,begins at a negative total,,UA,15,CAVALIERS TABLE I,TRUE,page-sweep,optional
exp_level,Zero Level Progression,MODIFIES,hit_points,Hit Points,different dice if entering via the ranks,,UA,15,CAVALIERS TABLE I,TRUE,page-sweep,optional
class_cavalier,Cavalier,CONSTRAINS,prof_weapon,Weapon Proficiency,lance proficiency required at first level,,UA,15,CAVALIERS TABLE I,TRUE,page-sweep,optional
exp_level,Experience Level,MODIFIES,cbt_damage,Lance Damage,damage bonus equals level while mounted,,UA,15,CAVALIERS TABLE I,TRUE,page-sweep,optional
rule_mount,Mounted or Dismounted,MODIFIES,cbt_damage,Lance Damage,dismounted lance loses the level bonus,,UA,15,CAVALIERS TABLE I,TRUE,page-sweep,optional
rule_mount,Dismounted Lance,DERIVED_FROM,wpn_stats,Awl Pike or Spear,treated as another weapon type,,UA,15,CAVALIERS TABLE I,TRUE,page-sweep,optional
class_cavalier,Cavalier,MODIFIES,cbt_parry,Parry,all to-hit bonuses apply to the parry,,UA,15,CAVALIERS TABLE I,TRUE,page-sweep,optional
class_cavalier,Cavalier,MODIFIES,save_matrix,Saving Throws,bonuses against certain attack forms,,UA,16,CHARACTER CLASSES (CAVALIER),TRUE,page-sweep,optional
class_cavalier,Cavalier,MODIFIES,save_spell,Illusion Spells,bonus against all illusions,,UA,16,CHARACTER CLASSES (CAVALIER),TRUE,page-sweep,optional
sys_alignment,Good Cavalier,OVERRIDES,hit_points,Negative Hit Points,may function below zero,,UA,16,CHARACTER CLASSES (CAVALIER),TRUE,page-sweep,optional
hit_points,First Level Hit Points,CONSTRAINS,sys_alignment,Negative Threshold,how far below zero the cavalier may function,,UA,16,CHARACTER CLASSES (CAVALIER),TRUE,page-sweep,optional
sys_alignment,Good Cavalier,MODIFIES,rule_hp_recovery,Healing Rate,extra points per week of rest,,UA,16,CHARACTER CLASSES (CAVALIER),TRUE,page-sweep,optional
campaign_social_class,Coat of Arms,FEEDS_INTO,cbt_encounter_reactions,Recognition,bearing must be revealed to those who understand it,,UA,16,CHARACTER CLASSES (CAVALIER),TRUE,page-sweep,optional
rule_battleflag,Battle Flag,GATES,campaign_territory,Territory,pennon marks the cavalier's holding,,UA,16,CHARACTER CLASSES (CAVALIER),TRUE,page-sweep,optional
rule_battleflag,Lost Battle Flag,TRIGGERS,rule_dishonor,Dishonor,must be regained,,UA,16,CHARACTER CLASSES (CAVALIER),TRUE,page-sweep,optional
campaign_social_class,Social Class,GATES,rule_hospitality,Hospitality,cavaliers may expect full hospitality,,UA,16,CHARACTER CLASSES (CAVALIER),TRUE,page-sweep,optional
class_barbarian,Barbarian,EXCLUDES,item_magic_item,Magic Items,refuses to employ recognised magic at low levels,,UA,19,BARBARIANS (FIGHTERS) TABLE I,TRUE,page-sweep,optional
class_barbarian,Barbarian,TRIGGERS,rule_item_destruction,Magic Item Destruction,seeks to destroy magic items,,UA,19,BARBARIANS (FIGHTERS) TABLE I,TRUE,page-sweep,optional
rule_item_destruction,Destroying Magic Items,FEEDS_INTO,xp_magic_items,Experience Points,awarded as if the item were possessed,,UA,19,BARBARIANS (FIGHTERS) TABLE I,TRUE,page-sweep,optional
class_barbarian,Barbarian,MODIFIES,cbt_encounter_reactions,Magic-Users,shunned and viewed with suspicion,,UA,19,BARBARIANS (FIGHTERS) TABLE I,TRUE,page-sweep,optional
class_cleric,Shamanic Spells,EXCLUDED_FROM,class_barbarian,Barbarian Distrust,shamanic magic is tolerated,,UA,19,BARBARIANS (FIGHTERS) TABLE I,TRUE,page-sweep,optional
exp_level,Barbarian Level,GATES,item_magic_weapon,Weapon Threshold,natural attacks strike creatures needing magic weapons,,UA,19,BARBARIANS (FIGHTERS) TABLE I,TRUE,page-sweep,optional
class_barbarian,Barbarian,GATES,spell_detect_magic,Detect Magic,percentage chance by concentration,,UA,20,CHARACTER CLASSES (BARBARIAN),TRUE,page-sweep,optional
exp_level,Barbarian Level,MODIFIES,spell_detect_magic,Detect Magic,chance rises per level to a ceiling,,UA,20,CHARACTER CLASSES (BARBARIAN),TRUE,page-sweep,optional
spell_detect_magic,Barbarian Detection,EXCLUDES,rule_illusion,Illusion and Phantasm,cannot detect that school,,UA,20,CHARACTER CLASSES (BARBARIAN),TRUE,page-sweep,optional
exp_level,Barbarian Level,FEEDS_INTO,abil_charisma,Effective Charisma,level adds to charisma among other barbarians,,UA,20,CHARACTER CLASSES (BARBARIAN),TRUE,page-sweep,optional
comeliness,Comeliness,EXCLUDED_FROM,class_barbarian,Barbarian Leadership,neither affects nor is affected,,UA,20,CHARACTER CLASSES (BARBARIAN),TRUE,page-sweep,optional
rule_terrain,Familiar Territory,GATES,class_barbarian,Secondary Abilities,skills falter in unfamiliar country,,UA,20,CHARACTER CLASSES (BARBARIAN),TRUE,page-sweep,optional
rule_time,Acclimatisation,OVERRIDES,rule_terrain,Unfamiliar Territory,a month of exposure restores the skills,,UA,20,CHARACTER CLASSES (BARBARIAN),TRUE,page-sweep,optional
class_barbarian,First Aid,MODIFIES,rule_hp_recovery,Healing Rate,doubles the rate of recovery,,UA,20,CHARACTER CLASSES (BARBARIAN),TRUE,page-sweep,optional
class_barbarian,First Aid,OVERRIDES,rule_disease,Disease,concocts natural cures and antidotes,,UA,20,CHARACTER CLASSES (BARBARIAN),TRUE,page-sweep,optional
class_barbarian,Survival,GATES,rule_provisions,Food and Shelter,hunting trapping and shelter building,,UA,20,CHARACTER CLASSES (BARBARIAN),TRUE,page-sweep,optional
exp_level,Fifth Level,GATES,class_thief_acrobat,Thief-Acrobat,specialisation begins after fifth level,,UA,23,THE THIEF-ACROBAT,TRUE,page-sweep,optional
abil_strength,Strength,GATES,class_thief_acrobat,Thief-Acrobat,minimum score required,,UA,23,THE THIEF-ACROBAT,TRUE,page-sweep,optional
abil_dexterity,Dexterity,GATES,class_thief_acrobat,Thief-Acrobat,high minimum score required,,UA,23,THE THIEF-ACROBAT,TRUE,page-sweep,optional
class_thief_acrobat,Thief-Acrobat,CONSTRAINS,thief_pick_pockets,Pick Pockets,frozen at the level of specialisation,,UA,23,THE THIEF-ACROBAT,TRUE,page-sweep,optional
class_thief_acrobat,Thief-Acrobat,CONSTRAINS,thief_open_locks,Open Locks,frozen at the level of specialisation,,UA,23,THE THIEF-ACROBAT,TRUE,page-sweep,optional
class_thief_acrobat,Thief-Acrobat,CONSTRAINS,thief_find_remove_traps,Find and Remove Traps,frozen at the level of specialisation,,UA,23,THE THIEF-ACROBAT,TRUE,page-sweep,optional
class_thief_acrobat,Thief-Acrobat,EXCLUDES,spell_read_magic,Read Magic,never gained,,UA,23,THE THIEF-ACROBAT,TRUE,page-sweep,optional
rule_tutor,Established Thief-Acrobat,GATES,class_thief_acrobat,Thief-Acrobat,a high level trainer is required,,UA,23,THE THIEF-ACROBAT,TRUE,page-sweep,optional
class_thief_acrobat,Thief-Acrobat,GATES,ex_movement_rate,Tightrope Walking and Vaulting,new movement abilities,,UA,23,THE THIEF-ACROBAT,TRUE,page-sweep,optional
class_thief_acrobat,Thief-Acrobat,GATES,ex_falling,Tumbling,reduces or negates falling damage,,UA,23,THE THIEF-ACROBAT,FALSE,page-sweep,optional
abil_dexterity,Dexterity,MODIFIES,class_thief_acrobat,Acrobatic Functions,adjustment table by score,,UA,25,THIEF-ACROBAT TABLE III,TRUE,page-sweep,optional
sys_armor,Field Plate,MODIFIES,cbt_armor_class,Armor Class,new armor type improves the rating,,UA,26,ARMOR CLASS TABLE,TRUE,page-sweep,optional
money_gp,Money,CONSTRAINS,sys_armor,Field and Full Plate,extremely costly,,UA,26,BASIC EQUIPMENT AND SUPPLIES COSTS,TRUE,page-sweep,optional
sys_equipment,New Weapons,FEEDS_INTO,wpn_stats,Weapon Statistics,expanded arms list,,UA,26,BASIC EQUIPMENT AND SUPPLIES COSTS,TRUE,page-sweep,optional
class_barbarian,Barbarian,MODIFIES,prof_weapon,Initial Proficiencies,most starting weapons of any class,,UA,26,WEAPON PROFICIENCY TABLE,TRUE,page-sweep,optional
class_barbarian,Barbarian,MODIFIES,prof_nonproficiency_penalty,Non-Proficiency Penalty,smallest penalty of any class,,UA,26,WEAPON PROFICIENCY TABLE,TRUE,page-sweep,optional
class_druid,Druid,MODIFIES,prof_nonproficiency_penalty,Non-Proficiency Penalty,largest penalty,,UA,26,WEAPON PROFICIENCY TABLE,TRUE,page-sweep,optional
exp_level,Experience Level,MODIFIES,prof_weapon,Added Proficiencies,rate of gain differs by class,,UA,26,WEAPON PROFICIENCY TABLE,TRUE,page-sweep,optional
wpn_stats,Weapon Length,FEEDS_INTO,cbt_initiative,Order of Attack,tabulated per weapon,,UA,27,"HAND HELD WEAPON TYPES, GENERAL DATA",TRUE,page-sweep,optional
wpn_speed_factor,Speed Factor,FEEDS_INTO,cbt_initiative,Initiative,tabulated per weapon,,UA,27,"HAND HELD WEAPON TYPES, GENERAL DATA",TRUE,page-sweep,optional
wpn_type_vs_ac,Armor Class Adjustment,MODIFIES,cbt_tohit,To-Hit Roll,per weapon against each armor class,,UA,27,"HAND HELD WEAPON TYPES, GENERAL DATA",TRUE,page-sweep,optional
cbt_armor_class,Target Armor Class,FEEDS_INTO,wpn_type_vs_ac,Armor Class Adjustment,adjustment varies across the whole AC range,,UA,27,"HAND HELD WEAPON TYPES, GENERAL DATA",TRUE,page-sweep,optional
wpn_stats,Fist or Open Hand,FEEDS_INTO,wpn_type_vs_ac,Armor Class Adjustment,unarmed attacks appear on the weapon table,,UA,27,"HAND HELD WEAPON TYPES, GENERAL DATA",TRUE,page-sweep,optional
wpn_range,Hurled and Missile Weapons,FEEDS_INTO,cbt_missile,Missile Discharge,separate table for thrown and fired arms,,UA,28,"HURLED WEAPON AND MISSILE TYPES, GENERAL DATA",TRUE,page-sweep,optional
spell_cantrip,Cantrips,GATES,rule_spell_memorization,Spell Memorization,occupy preparation slots,,UA,30,"MAGIC-USERS, Cantrips",TRUE,page-sweep,optional
spell_cantrip,Cantrip Categories,DERIVED_FROM,spell_cantrip,Cantrips,useful reversed legerdemain person-affecting personal and haunting,,UA,30,"MAGIC-USERS, Cantrips",TRUE,page-sweep,optional
spell_cantrip,Reversed Cantrips,ALTERNATIVE_TO,spell_cantrip,Useful Cantrips,each useful cantrip has an inverse,,UA,30,"MAGIC-USERS, Cantrips",TRUE,page-sweep,optional
spell_cantrip,Person-Affecting Cantrips,TRIGGERS,rule_distraction,Distraction,belch cough sneeze and twitch,,UA,30,"MAGIC-USERS, Cantrips",TRUE,page-sweep,optional
rule_magic_user_spells,Magic-User Spell List,MODIFIES,rule_chance_know_spell,Chance to Know Spell,greatly expanded spell selection,,UA,30,SPELL TABLES (MAGIC-USERS),TRUE,page-sweep,optional
rule_cleric_spells,Cleric Spell List,MODIFIES,rule_deity,Spell Petition,expanded clerical selection,,UA,29,SPELL TABLES (CLERICS),TRUE,page-sweep,optional
rule_druid_spells,Druid Spell List,MODIFIES,rule_cleric_spells,Cleric Spells,expanded druidic selection,,UA,29,DRUIDS (Clerics),TRUE,page-sweep,optional
spell_exaction,Exaction,TRIGGERS,rule_deity,Divine Compulsion,new high level clerical spell,,UA,29,"CLERICS, Continued",TRUE,page-sweep,optional
spell_energy_drain,Energy Drain,TRIGGERS,exp_level_loss,Level Loss,now available as a magic-user spell,,UA,31,"MAGIC-USERS, Spells, Continued",TRUE,page-sweep,optional
spell_mordenkainens_disjunction,Mordenkainen's Disjunction,TRIGGERS,rule_item_destruction,Magic Item Destruction,dissolves magic in an area,,UA,31,"MAGIC-USERS, Spells, Continued",TRUE,page-sweep,optional
spell_crystalbrittle,Crystalbrittle,TRIGGERS,item_saving_throw,Item Saving Throw,turns metal to fragile crystal,,UA,31,"MAGIC-USERS, Spells, Continued",FALSE,page-sweep,optional
spell_trap_the_soul,Trap the Soul,TRIGGERS,spell_magic_jar,Soul Imprisonment,captures a creature's life force,,UA,31,"MAGIC-USERS, Spells, Continued",FALSE,page-sweep,optional
spell_precipitation,Precipitation,MODIFIES,rule_light_source,Fires and Torches,dampens flammable material,,UA,34,CLERIC SPELLS (1ST LEVEL),TRUE,page-sweep,optional
spell_precipitation,Precipitation,MODIFIES,rule_terrain,Surfaces,materials become damp then wet by porosity,,UA,34,CLERIC SPELLS (1ST LEVEL),TRUE,page-sweep,optional
exp_level,Caster Level,CONSTRAINS,spell_precipitation,Precipitation,duration in segments equals level,,UA,34,CLERIC SPELLS (1ST LEVEL),TRUE,page-sweep,optional
spell_cloudburst,Cloudburst,OVERRIDES,rule_uncontrolled_fire,Normal Fires,extinguishes fires by size,,UA,36,CLERIC SPELLS (3RD LEVEL),TRUE,page-sweep,optional
spell_cloudburst,Cloudburst,OVERRIDES,item_magic_weapon,Flame Tongue,suppresses rekindlable magical fire,,UA,36,CLERIC SPELLS (3RD LEVEL),TRUE,page-sweep,optional
spell_cloudburst,Cloudburst,OVERRIDES,spell_fireball,Fire Spells,large fire spells are extinguished,,UA,36,CLERIC SPELLS (3RD LEVEL),TRUE,page-sweep,optional
spell_cloudburst,Extinguished Fire Spell,TRIGGERS,cbt_damage,Steam Damage,vaporised rain scalds a wide area,,UA,36,CLERIC SPELLS (3RD LEVEL),TRUE,page-sweep,optional
rule_wind,Wind,MODIFIES,spell_cloudburst,Steam Cloud,breeze or gale shortens the duration,,UA,36,CLERIC SPELLS (3RD LEVEL),TRUE,page-sweep,optional
campaign_climate,Arid or Humid Region,MODIFIES,spell_cloudburst,Cloudburst,climate alters the effect and duration,,UA,36,CLERIC SPELLS (3RD LEVEL),TRUE,page-sweep,optional
campaign_climate,Freezing Temperature,OVERRIDES,spell_cloudburst,Cloudburst,becomes sleet or a snowburst,,UA,36,CLERIC SPELLS (3RD LEVEL),TRUE,page-sweep,optional
spell_deaths_door,Death's Door,OVERRIDES,death_character,Dying,restores a dying character to zero hit points,,UA,36,Death's Door (Necromantic),TRUE,page-sweep,optional
hit_points,Negative Hit Points,GATES,spell_deaths_door,Death's Door,only works within a narrow negative band,,UA,36,Death's Door (Necromantic),TRUE,page-sweep,optional
spell_deaths_door,Death's Door,CONSTRAINS,rule_hp_recovery,Bleeding and Deterioration,halted for the duration,,UA,36,Death's Door (Necromantic),TRUE,page-sweep,optional
spell_giant_insect,Giant Insect,FEEDS_INTO,monster_hd,Hit Dice,created creature hit dice scale with caster level,,UA,38,CLERIC SPELLS (4TH LEVEL),TRUE,page-sweep,optional
exp_level,Caster Level,CONSTRAINS,spell_giant_insect,Giant Insect,number and hit dice of insects created,,UA,38,CLERIC SPELLS (4TH LEVEL),TRUE,page-sweep,optional
spell_giant_insect,Giant Insect,CONSUMES,spell_casting_time,Casting Time,one round per hit die created,,UA,38,CLERIC SPELLS (4TH LEVEL),TRUE,page-sweep,optional
spell_disruption,Interrupted Casting,TRIGGERS,death_character,Insect Death,interruption kills the subject insect,,UA,38,CLERIC SPELLS (4TH LEVEL),TRUE,page-sweep,optional
monster_hd,Created Hit Dice,CONSTRAINS,cbt_damage,Damage,damage capped at the standard giant form,,UA,38,CLERIC SPELLS (4TH LEVEL),TRUE,page-sweep,optional
spell_rainbow,Rainbow,GATES,rule_potion_use,Draughts,seven coloured draughts with distinct effects,,UA,40,CLERIC SPELLS,TRUE,page-sweep,optional
spell_rainbow,Blue Draught,OVERRIDES,rule_disease,Disease,cures affliction,,UA,40,CLERIC SPELLS,TRUE,page-sweep,optional
spell_rainbow,Green Draught,OVERRIDES,save_poison,Poison,slows venom,,UA,40,CLERIC SPELLS,TRUE,page-sweep,optional
spell_rainbow,Rainbow,CONSUMES,tbl_gem_value,Diamond,a costly gem substitutes when no rainbow is present,,UA,40,CLERIC SPELLS,TRUE,page-sweep,optional
rule_ceremony,Druidic Ceremony,GATES,exp_level,Druid Level,each rite requires a minimum level,,UA,41,DRUID SPELLS,TRUE,page-sweep,optional
rule_ceremony,Coming of Age,MODIFIES,save_matrix,Saving Throw,grants a single bonus save,,UA,41,DRUID SPELLS,TRUE,page-sweep,optional
rule_ceremony,Rest Eternal,EXCLUDES,spell_raise_dead,Revival,prevents the body being raised,,UA,41,DRUID SPELLS,FALSE,page-sweep,optional
rule_ceremony,Cast Out,TRIGGERS,align_change,Excommunication,removes a member from druidic society,,UA,41,DRUID SPELLS,FALSE,page-sweep,optional
tbl_age_categories,Age,FEEDS_INTO,rule_ceremony,Coming of Age,performed at a fixed age,,UA,41,DRUID SPELLS,TRUE,page-sweep,optional
rule_ceremony,Special Vows,EXCLUDES,class_paladin,Paladin,does not function on paladins,,UA,42,DRUID SPELLS (1ST LEVEL),TRUE,page-sweep,optional
rule_ceremony,Special Vows,GATES,class_cavalier,Cavalier,works on cavaliers of any alignment,,UA,42,DRUID SPELLS (1ST LEVEL),TRUE,page-sweep,optional
rule_ceremony,Hallowed Ground,EXCLUDES,rule_disease,Disease,ensorcelled trees are immune,,UA,42,DRUID SPELLS (1ST LEVEL),TRUE,page-sweep,optional
rule_ceremony,Hallowed Ground,GATES,rule_stronghold,Permanent Grove,tied to the druid's base,,UA,42,DRUID SPELLS (1ST LEVEL),TRUE,page-sweep,optional
rule_ceremony,Cast Out,MODIFIES,cbt_encounter_reactions,Natural Creatures,all natural creatures react negatively,,UA,42,DRUID SPELLS (1ST LEVEL),TRUE,page-sweep,optional
rule_ceremony,Cast Out,MODIFIES,rule_mount,Domesticated Beasts,horses and dogs react badly,,UA,42,DRUID SPELLS (1ST LEVEL),TRUE,page-sweep,optional
rule_ceremony,Cast Out,CONSTRAINS,class_druid,Druids and Followers,shunned by all druids,,UA,42,DRUID SPELLS (1ST LEVEL),TRUE,page-sweep,optional
exp_level,Hierophant Druid,OVERRIDES,rule_ceremony,Cast Out,only a hierophant can fully neutralise it,,UA,42,DRUID SPELLS (1ST LEVEL),TRUE,page-sweep,optional
exp_level,Caster Level,CONSTRAINS,rule_ceremony,Reversed Ceremony,the reversing druid must match or exceed the original,,UA,42,DRUID SPELLS (1ST LEVEL),TRUE,page-sweep,optional
spell_cantrip,Bee Cantrip,TRIGGERS,cbt_damage,Bee Sting,likely to sting a living creature,,UA,50,Personal Cantrips:,TRUE,page-sweep,optional
spell_cantrip,Bluelight,FEEDS_INTO,rule_light,Light,small sphere of illumination,,UA,50,Bluelight (Conjuration),TRUE,page-sweep,optional
spell_cantrip,Bluelight,EXCLUDES,race_infravision,Infravision,does not affect heat or ultraviolet sight,,UA,50,Bluelight (Conjuration),TRUE,page-sweep,optional
spell_cantrip,Bug Cantrip,TRIGGERS,gen_random_encounter,Summoned Insect,conjures a crawling creature,,UA,50,Personal Cantrips:,TRUE,page-sweep,optional
spell_taunt,Itching,MODIFIES,cbt_armor_class,Armor Class,significant penalty while squirming,,UA,54,MAGIC-USER SPELLS (2ND LEVEL),TRUE,page-sweep,optional
spell_taunt,Itching,MODIFIES,cbt_tohit,To-Hit Roll,penalty while squirming,,UA,54,MAGIC-USER SPELLS (2ND LEVEL),TRUE,page-sweep,optional
spell_taunt,Itching,TRIGGERS,spell_disruption,Spell Disruption,ruins spells in the initial round,,UA,54,MAGIC-USER SPELLS (2ND LEVEL),TRUE,page-sweep,optional
spell_taunt,Rash,MODIFIES,comeliness,Comeliness,cumulative loss per day to a cap,,UA,54,MAGIC-USER SPELLS (2ND LEVEL),TRUE,page-sweep,optional
spell_taunt,Rash,MODIFIES,abil_dexterity,Dexterity,further loss after a week,,UA,54,MAGIC-USER SPELLS (2ND LEVEL),TRUE,page-sweep,optional
spell_cure_disease,Cure Disease,OVERRIDES,spell_taunt,Rash,removes the affliction,,UA,54,MAGIC-USER SPELLS (2ND LEVEL),TRUE,page-sweep,optional
spell_dispel_magic,Dispel Magic,OVERRIDES,spell_taunt,Rash,removes the affliction,,UA,54,MAGIC-USER SPELLS (2ND LEVEL),TRUE,page-sweep,optional
spell_taunt,Rash Removal,OVERRIDES,comeliness,Comeliness,all statistics return to normal,,UA,54,MAGIC-USER SPELLS (2ND LEVEL),TRUE,page-sweep,optional
race_subrace,Subrace,GATES,rule_multiclass,Multi-Class Options,each subrace permits specific combinations,,UA,72,CHARACTER RACE TABLE III.,TRUE,page-sweep,optional
race_elf,Dark Elf,GATES,rule_multiclass,Multi-Class Options,widest range of combinations,,UA,72,CHARACTER RACE TABLE III.,TRUE,page-sweep,optional
race_elf,Wild Elf,CONSTRAINS,rule_multiclass,Multi-Class Options,most restricted elven stock,,UA,72,CHARACTER RACE TABLE III.,TRUE,page-sweep,optional
race_gnome,Deep Gnome,GATES,class_illusionist,Illusionist Combinations,svirfneblin gain illusionist options,,UA,72,CHARACTER RACE TABLE III.,TRUE,page-sweep,optional
sys_armor,Full Plate,CONSTRAINS,cbt_damage,Absorption Capacity,a finite pool before repair is needed,,UA,76,"ARMOR, ARMOR CLASS & WEAPONS",TRUE,page-sweep,optional
cbt_damage,Exhausted Absorption,MODIFIES,cbt_armor_class,Armor Class,armor worsens by one class until repaired,,UA,76,"ARMOR, ARMOR CLASS & WEAPONS",TRUE,page-sweep,optional
sys_armor,Non-Magical Full Plate,CONSTRAINS,rule_player_character,Wearer,cannot be worn by anyone else,,UA,76,"ARMOR, ARMOR CLASS & WEAPONS",TRUE,page-sweep,optional
rule_shield,Buckler,GATES,cbt_missile,Crossbow and Sling,strapped to the arm so missile weapons remain usable,,UA,76,"ARMOR, ARMOR CLASS & WEAPONS",TRUE,page-sweep,optional
race,Small Demi-Humans,MODIFIES,rule_shield,Buckler,treated as a small shield for halflings and gnomes,,UA,76,"ARMOR, ARMOR CLASS & WEAPONS",TRUE,page-sweep,optional
rule_mount,Warhorse,DERIVED_FROM,rule_mount,Mount,trained specifically for combat,,UA,76,WARHORSES AND BARDING,TRUE,page-sweep,optional
rule_mount,Warhorse Training,CONSUMES,money_gp,Money,selection and training are costly,,UA,76,WARHORSES AND BARDING,TRUE,page-sweep,optional
rule_mount,Warhorse,EXCLUDES,cbt_morale,Shying,does not panic at noise or sudden movement,,UA,76,WARHORSES AND BARDING,TRUE,page-sweep,optional
rule_barding,Barding,MODIFIES,cbt_armor_class,Mount Armor Class,armor for the mount,,UA,76,WARHORSES AND BARDING,TRUE,page-sweep,optional
rule_barding,Barding,FEEDS_INTO,enc_encumbrance,Mount Encumbrance,adds to the animal's load,,UA,76,WARHORSES AND BARDING,FALSE,page-sweep,optional
rule_spell_book,Casting Directly From Books,ALTERNATIVE_TO,rule_spell_memorization,Spell Memorization,a hazardous alternative route,,UA,80,Casting spells directly from books,TRUE,page-sweep,optional
rule_spell_book,Casting Directly From Books,TRIGGERS,rule_item_destruction,Book Damage,risks ruining the tome,,UA,80,Casting spells directly from books,FALSE,page-sweep,optional
rule_chance_know_spell,Chance to Know Spell,GATES,class_illusionist,Illusionist Spell Acquisition,same acquisition mechanic as magic-users,,UA,80,ACQUISITION OF ILLUSIONIST SPELLS,TRUE,page-sweep,optional
cbt_pummel_grapple,Grappling,OVERRIDES,cbt_pummel_grapple,DMG Grappling Rules,UA supersedes the earlier system,,UA,108,APPENDIX Q: WEAPONLESS COMBAT,TRUE,page-sweep,optional
monster_size,Size Class,CONSTRAINS,cbt_pummel_grapple,Grappling,larger creatures cannot be grappled unless prone,,UA,108,APPENDIX Q: WEAPONLESS COMBAT,TRUE,page-sweep,optional
monster_special,Amorphous Creatures,EXCLUDED_FROM,cbt_pummel_grapple,Grappling,jellies and beholders cannot grapple,,UA,108,APPENDIX Q: WEAPONLESS COMBAT,TRUE,page-sweep,optional
cbt_pummel_grapple,Grappling,MODIFIES,cbt_initiative,Initiative,penalty to the roll,,UA,108,APPENDIX Q: WEAPONLESS COMBAT,TRUE,page-sweep,optional
cbt_damage,Damage Taken First,TRIGGERS,cbt_pummel_grapple,Ruined Attempt,earlier damage spoils the grapple,,UA,108,APPENDIX Q: WEAPONLESS COMBAT,TRUE,page-sweep,optional
rule_shield,Shield,EXCLUDED_FROM,cbt_pummel_grapple,Grappling Defence,shield gives no benefit,,UA,108,APPENDIX Q: WEAPONLESS COMBAT,TRUE,page-sweep,optional
item_magic_armor,Magical Armor Bonus,EXCLUDED_FROM,cbt_pummel_grapple,Grappling Defence,armor bonuses do not apply,,UA,108,APPENDIX Q: WEAPONLESS COMBAT,TRUE,page-sweep,optional
item_ring,Magical Rings and Bracers,MODIFIES,cbt_pummel_grapple,Grappling Defence,protection devices do apply,,UA,108,APPENDIX Q: WEAPONLESS COMBAT,TRUE,page-sweep,optional
cbt_pummel_grapple,Successful Grapple,EXCLUDES,cbt_damage,Damage,inflicts none,,UA,108,APPENDIX Q: WEAPONLESS COMBAT,TRUE,page-sweep,optional
cbt_pummel_grapple,Successful Grapple,CONSTRAINS,rule_declared_action,Victim Action,prevents further action that round,,UA,108,APPENDIX Q: WEAPONLESS COMBAT,TRUE,page-sweep,optional
cbt_pummel_grapple,Grappled Target,MODIFIES,cbt_tohit,To-Hit Roll,penalty to attack and easier to be hit,,UA,108,APPENDIX Q: WEAPONLESS COMBAT,TRUE,page-sweep,optional
cbt_pummel_grapple,Grappled Target,EXCLUDES,dex_defensive_adj,Dexterity Bonus,negated while held,,UA,108,APPENDIX Q: WEAPONLESS COMBAT,TRUE,page-sweep,optional
cbt_subdue,Subdual,OVERRIDES,cbt_subdue,DMG Subdual Rules,UA supersedes previously published material,,UA,109,APPENDIX R: NON-LETHAL COMBAT,TRUE,page-sweep,optional
monster_intelligence,Intelligence Range,GATES,cbt_subdue,Subdual,only low through genius intelligence creatures,,UA,109,APPENDIX R: NON-LETHAL COMBAT,TRUE,page-sweep,optional
rule_planar_travel,Extraplanar Origin,EXCLUDES,cbt_subdue,Subdual,cannot be subdued off their native plane,,UA,109,APPENDIX R: NON-LETHAL COMBAT,TRUE,page-sweep,optional
rule_player_character,Player Characters,EXCLUDED_FROM,cbt_subdue,Subdual,can never be subdued,,UA,109,APPENDIX R: NON-LETHAL COMBAT,TRUE,page-sweep,optional
sys_equipment,Weapon Orientation,GATES,cbt_subdue,Subdual,flat butt haft or pommel must be used,,UA,109,APPENDIX R: NON-LETHAL COMBAT,TRUE,page-sweep,optional
cbt_damage,Full Damage Attack,OVERRIDES,cbt_subdue,Subdual,negates all subdual accumulated so far,,UA,109,APPENDIX R: NON-LETHAL COMBAT,TRUE,page-sweep,optional
rule_spell_casting,Damage-Inflicting Spells,OVERRIDES,cbt_subdue,Subdual,negates accumulated subdual,,UA,109,APPENDIX R: NON-LETHAL COMBAT,TRUE,page-sweep,optional
cbt_subdue,Subdual Damage,TRIGGERS,cbt_morale,Submission,the creature ceases attacking when subdued,,UA,109,APPENDIX R: NON-LETHAL COMBAT,TRUE,page-sweep,optional
rule_deity,Non-Human Deities,FEEDS_INTO,rule_cleric_spells,Racial Clerics,demihuman pantheons for clerical magic,,UA,112,APPENDIX S: NON-HUMAN DEITIES,TRUE,page-sweep,optional
race,Race,GATES,rule_deity,Non-Human Deities,each demihuman race has its own pantheon,,UA,112,APPENDIX S: NON-HUMAN DEITIES,TRUE,page-sweep,optional
magic_item_determination,Revised Magic Item Table,OVERRIDES,magic_item_determination,DMG Determination Tables,UA revises the master table,,UA,84,RANDOM TREASURE DETERMINATION,TRUE,page-sweep,optional
magic_item_determination,Revised Table,GATES,item_magic_item,Expanded Subtables,each category gains a second table,,UA,84,RANDOM TREASURE DETERMINATION,TRUE,page-sweep,optional
item_egg_reason,Egg of Reason,TRIGGERS,save_poison,Saving Throw vs Poison,no bonuses permitted,,UA,100,TREASURE (MISCELLANEOUS MAGIC),TRUE,page-sweep,optional
item_egg_reason,Egg of Reason,TRIGGERS,death_character,Death,failure is fatal,,UA,100,TREASURE (MISCELLANEOUS MAGIC),TRUE,page-sweep,optional
spell_neutralize_poison,Neutralize Poison,EXCLUDED_FROM,item_egg_reason,Egg of Reason,the poison cannot be neutralised,,UA,100,TREASURE (MISCELLANEOUS MAGIC),TRUE,page-sweep,optional
item_egg_reason,Egg of Reason,MODIFIES,abil_intelligence,Intelligence,may raise the score,,UA,100,TREASURE (MISCELLANEOUS MAGIC),TRUE,page-sweep,optional
item_egg_reason,Egg of Reason,MODIFIES,abil_wisdom,Wisdom,may raise the score,,UA,100,TREASURE (MISCELLANEOUS MAGIC),TRUE,page-sweep,optional
sys_ability_scores,Current Score,CONSTRAINS,item_egg_reason,Egg of Reason,higher scores are far less likely to improve,,UA,100,TREASURE (MISCELLANEOUS MAGIC),TRUE,page-sweep,optional
spell_wish,Wish Diminishing Returns,FEEDS_INTO,item_egg_reason,Egg of Reason,scores above eighteen rise by a tenth at a time,,UA,100,TREASURE (MISCELLANEOUS MAGIC),TRUE,page-sweep,optional
tbl_race_maximums,Racial Limitations,CONSTRAINS,item_egg_reason,Egg of Reason,racial ceilings still apply,,UA,100,TREASURE (MISCELLANEOUS MAGIC),TRUE,page-sweep,optional
item_oil_timelessness,Oil of Timelessness,GATES,item_egg_reason,Egg of Reason,preserves the egg,,UA,100,TREASURE (MISCELLANEOUS MAGIC),TRUE,page-sweep,optional
rule_polearm,Pole Arms,DERIVED_FROM,wpn_stats,Weapon Statistics,nomenclature and family relationships,,UA,124,APPENDIX T: POLE ARMS,TRUE,page-sweep,optional
rule_polearm,Pike,CONSTRAINS,wpn_length,Weapon Length,defined by shaft length,,UA,124,Pike,TRUE,page-sweep,optional
rule_polearm,Pike,GATES,cbt_melee,Mass Formation,designed for use in massed ranks,,UA,124,Pike,TRUE,page-sweep,optional
rule_polearm,Lance,GATES,rule_mount,Mounted Combat,a horseman's weapon rather than a footman's,,UA,124,APPENDIX T: POLE ARMS,TRUE,page-sweep,optional
wpn_length,Lance Length,FEEDS_INTO,cbt_charge,Charge Reach,extends reach beyond the horse,,UA,124,APPENDIX T: POLE ARMS,TRUE,page-sweep,optional
sys_armor,Opponent Armor,MODIFIES,rule_polearm,Head Type,different heads for different armor,,UA,124,APPENDIX T: POLE ARMS,TRUE,page-sweep,optional
rule_deity,Elven Pantheon,DERIVED_FROM,rule_deity,Non-Human Deities,each race has its own gods,,UA,112,THE GODS OF THE ELVES,TRUE,page-sweep,optional
wpn_stats,Aklys,ALTERNATIVE_TO,cbt_missile,Missile or Melee,usable both ways and retrievable by thong,,UA,77,DESCRIPTIONS OF NEW WEAPON TYPES,TRUE,page-sweep,optional
wpn_stats,Aklys,TRIGGERS,rule_entanglement,Entanglement,a portion of hits entangle the target,,UA,77,DESCRIPTIONS OF NEW WEAPON TYPES,TRUE,page-sweep,optional
monster_size,Target Size,MODIFIES,rule_entanglement,Entanglement,larger targets may pull the thrower prone instead,,UA,77,DESCRIPTIONS OF NEW WEAPON TYPES,TRUE,page-sweep,optional
rule_entanglement,Entanglement,TRIGGERS,rule_prone,Prone or Dismounted,man-sized targets are jerked down,,UA,77,DESCRIPTIONS OF NEW WEAPON TYPES,TRUE,page-sweep,optional
rule_entanglement,Entanglement,CONSTRAINS,rule_declared_action,Action,a round must be spent disentangling,,UA,77,DESCRIPTIONS OF NEW WEAPON TYPES,TRUE,page-sweep,optional
cbt_damage,Cutting Damage,OVERRIDES,rule_entanglement,Entanglement,severing the thong frees the victim,,UA,77,DESCRIPTIONS OF NEW WEAPON TYPES,TRUE,page-sweep,optional
wpn_stats,Atlatl,MODIFIES,wpn_range,Range,leverage extends throwing distance,,UA,77,DESCRIPTIONS OF NEW WEAPON TYPES,TRUE,page-sweep,optional
wpn_stats,Atlatl,MODIFIES,cbt_tohit,To-Hit Roll,improved accuracy,,UA,77,DESCRIPTIONS OF NEW WEAPON TYPES,TRUE,page-sweep,optional
wpn_stats,Atlatl Javelin,EXCLUDES,cbt_damage,Reduced Damage,lighter javelins do full damage due to velocity,,UA,77,DESCRIPTIONS OF NEW WEAPON TYPES,TRUE,page-sweep,optional
wpn_stats,Blowgun,EXCLUDED_FROM,cbt_melee,Battlefield Use,fragile and impossible in a melee,,UA,77,DESCRIPTIONS OF NEW WEAPON TYPES,TRUE,page-sweep,optional
rule_distraction,Jostling,EXCLUDES,wpn_stats,Blowgun,any disturbance makes a hit impossible,,UA,77,DESCRIPTIONS OF NEW WEAPON TYPES,TRUE,page-sweep,optional
wpn_stats,Man Catcher,EXCLUDES,rule_shield,Shield Bonus,captured victim loses shield benefit,,UA,78,"ARMOR, ARMOR CLASS & WEAPONS",TRUE,page-sweep,optional
wpn_stats,Man Catcher,EXCLUDES,dex_defensive_adj,Dexterity Bonus,captured victim loses dexterity benefit,,UA,78,"ARMOR, ARMOR CLASS & WEAPONS",TRUE,page-sweep,optional
wpn_stats,Man Catcher,MODIFIES,hit_points,Hit Points,automatic damage per round while held,,UA,78,"ARMOR, ARMOR CLASS & WEAPONS",TRUE,page-sweep,optional
wpn_stats,Man Catcher,TRIGGERS,rule_prone,Prone,chance of being pulled off the feet,,UA,78,"ARMOR, ARMOR CLASS & WEAPONS",TRUE,page-sweep,optional
str_bend_bars,Bend Bars,OVERRIDES,wpn_stats,Man Catcher,a successful roll breaks the victim free,,UA,78,"ARMOR, ARMOR CLASS & WEAPONS",TRUE,page-sweep,optional
str_bend_bars,Escape Attempt,MODIFIES,hit_points,Hit Points,damage taken per attempt,unless gloved,UA,78,"ARMOR, ARMOR CLASS & WEAPONS",TRUE,page-sweep,optional
cbt_damage,Cutting the Pole,OVERRIDES,wpn_stats,Man Catcher,allies may hack through the shaft,,UA,78,"ARMOR, ARMOR CLASS & WEAPONS",TRUE,page-sweep,optional
wpn_stats,Sap,TRIGGERS,rule_unconsciousness,Unconsciousness,concusses the target,,UA,78,"ARMOR, ARMOR CLASS & WEAPONS",TRUE,page-sweep,optional
rule_helmet,Head Covering,EXCLUDES,rule_unconsciousness,Sap Knockout,any helm negates the chance entirely,,UA,78,"ARMOR, ARMOR CLASS & WEAPONS",TRUE,page-sweep,optional
abil_strength,Strength,MODIFIES,rule_unconsciousness,Sap Knockout,chance scales per point of strength,,UA,78,"ARMOR, ARMOR CLASS & WEAPONS",TRUE,page-sweep,optional
str_exceptional,Exceptional Strength,OVERRIDES,rule_unconsciousness,Sap Knockout,guarantees unconsciousness,,UA,78,"ARMOR, ARMOR CLASS & WEAPONS",TRUE,page-sweep,optional
rule_hit_location,Head Strike,GATES,rule_unconsciousness,Sap Knockout,only head blows can concuss,,UA,78,"ARMOR, ARMOR CLASS & WEAPONS",TRUE,page-sweep,optional
item_elixir_health,Elixir of Health,OVERRIDES,rule_disease,Disease,cures affliction,,UA,90,POTIONS (III.A.2.),TRUE,page-sweep,optional
item_elixir_health,Elixir of Health,OVERRIDES,rule_insanity,Insanity,cures madness,,UA,90,POTIONS (III.A.2.),TRUE,page-sweep,optional
item_elixir_health,Elixir of Health,OVERRIDES,tbl_parasite,Parasitic Infestation,cures infestation,,UA,90,POTIONS (III.A.2.),TRUE,page-sweep,optional
item_elixir_health,Elixir of Health,OVERRIDES,save_poison,Poisoning,cures poisoning,,UA,90,POTIONS (III.A.2.),TRUE,page-sweep,optional
item_elixir_health,Elixir of Health,OVERRIDES,ex_light_vision,Blindness,cures blindness and deafness,,UA,90,POTIONS (III.A.2.),TRUE,page-sweep,optional
item_elixir_health,Elixir of Health,EXCLUDES,hit_points,Hit Points,restores no lost points,,UA,90,POTIONS (III.A.2.),TRUE,page-sweep,optional
item_elixir_health,Partial Dose,CONSTRAINS,item_elixir_health,Elixir of Health,half a flask cures only one or two afflictions,,UA,90,POTIONS (III.A.2.),TRUE,page-sweep,optional
item_elixir_life,Elixir of Life,OVERRIDES,death_character,Death,restores life within a narrow window,,UA,90,POTIONS (III.A.2.),TRUE,page-sweep,optional
rule_time,Time Since Death,CONSTRAINS,item_elixir_life,Elixir of Life,must be administered within a few rounds,,UA,90,POTIONS (III.A.2.),TRUE,page-sweep,optional
hit_points,Negative Hit Points,GATES,item_elixir_life,Elixir of Life,works only within a proportion of total hit points,,UA,90,POTIONS (III.A.2.),TRUE,page-sweep,optional
item_elixir_life,Elixir of Life,CONSUMES,rule_time,Rest,a day of rest per negative hit point neutralised,,UA,90,POTIONS (III.A.2.),TRUE,page-sweep,optional
spell_cure_light_wounds,Curative Spells,OVERRIDES,rule_time,Required Rest,healing magic offsets rest days by spell power,,UA,90,POTIONS (III.A.2.),TRUE,page-sweep,optional
item_elixir_life,Elixir of Life,GATES,race,Demi-Humans,affects demihumans as well,,UA,90,POTIONS (III.A.2.),TRUE,page-sweep,optional
item_elixir_madness,Elixir of Madness,TRIGGERS,rule_insanity,Insanity,a single sip causes madness,,UA,90,POTIONS (III.A.2.),TRUE,page-sweep,optional
item_elixir_madness,Elixir of Madness,CONSTRAINS,item_elixir_madness,Elixir of Madness,the whole flask is spent on one victim,,UA,90,POTIONS (III.A.2.),TRUE,page-sweep,optional
item_boots_varied_tracks,Boots of Varied Tracks,MODIFIES,rule_disguise,Tracks,alters the wearer's footprints,,UA,98,TREASURE (MISCELLANEOUS MAGIC),TRUE,page-sweep,optional
item_boots_varied_tracks,Boots of Varied Tracks,CONSTRAINS,class_ranger,Tracking,defeats pursuit by track,,UA,98,TREASURE (MISCELLANEOUS MAGIC),FALSE,page-sweep,optional
monster_size,Track Size,FEEDS_INTO,item_boots_varied_tracks,Boots of Varied Tracks,prints from halfling to ogre scale,,UA,98,TREASURE (MISCELLANEOUS MAGIC),TRUE,page-sweep,optional
item_boots_winged,Winged Boots,GATES,rule_aerial_travel,Flight,wearer flies without concentration,,UA,98,TREASURE (MISCELLANEOUS MAGIC),TRUE,page-sweep,optional
item_boots_winged,Winged Boots,CONSTRAINS,rule_time,Daily Duration,limited flying time per day,,UA,98,TREASURE (MISCELLANEOUS MAGIC),TRUE,page-sweep,optional
rule_time,Uninterrupted Non-Use,MODIFIES,item_boots_winged,Winged Boots,recharge rate per rest period,,UA,98,TREASURE (MISCELLANEOUS MAGIC),TRUE,page-sweep,optional
item_boots_winged,Overuse,TRIGGERS,ex_falling,Slow Descent,power fades gradually rather than failing outright,,UA,98,TREASURE (MISCELLANEOUS MAGIC),TRUE,page-sweep,optional
spell_detect_magic,Detect Magic,FEEDS_INTO,item_boots_winged,Winged Boots,radiates enchantment and alteration,,UA,98,TREASURE (MISCELLANEOUS MAGIC),TRUE,page-sweep,optional
spell_melfs_minute_meteors,Melf's Minute Meteors,ALTERNATIVE_TO,rule_declared_action,Discharge Mode,two firing options chosen at casting,,UA,56,MAGIC-USER SPELLS (3RD LEVEL),TRUE,page-sweep,optional
rule_declared_action,Discharge Mode,CONSTRAINS,spell_melfs_minute_meteors,Melf's Minute Meteors,the choice cannot be reversed,,UA,56,MAGIC-USER SPELLS (3RD LEVEL),TRUE,page-sweep,optional
spell_melfs_minute_meteors,Slow Discharge,GATES,rule_spell_casting,Concurrent Casting,permits another spell in the same round,,UA,56,MAGIC-USER SPELLS (3RD LEVEL),TRUE,page-sweep,optional
rule_spell_casting,Concentration-Requiring Spell,EXCLUDES,spell_melfs_minute_meteors,Remaining Missiles,the original spell is involuntarily forgone,,UA,56,MAGIC-USER SPELLS (3RD LEVEL),TRUE,page-sweep,optional
rule_player_knowledge,Mental Count,GATES,spell_melfs_minute_meteors,Remaining Missiles,losing count forfeits the remainder,,UA,56,MAGIC-USER SPELLS (3RD LEVEL),TRUE,page-sweep,optional
time_segment_round_turn,Segments,CONSTRAINS,spell_melfs_minute_meteors,Firing Rate,one missile per two segments,,UA,56,MAGIC-USER SPELLS (3RD LEVEL),TRUE,page-sweep,optional
spell_contingency,Contingency,GATES,rule_spell_casting,Triggered Casting,a second spell fires on a prescribed condition,,UA,60,MAGIC-USER SPELLS (6TH LEVEL),TRUE,page-sweep,optional
exp_level,Caster Level,CONSTRAINS,spell_contingency,Companion Spell Level,capped at a third of caster level,,UA,60,MAGIC-USER SPELLS (6TH LEVEL),TRUE,page-sweep,optional
spell_contingency,Companion Spell,CONSTRAINS,rule_spell_casting,Target,must affect the caster's own person,,UA,60,MAGIC-USER SPELLS (6TH LEVEL),TRUE,page-sweep,optional
spell_contingency,Contingency,CONSTRAINS,spell_contingency,Contingency,only one may be active at a time,,UA,60,MAGIC-USER SPELLS (6TH LEVEL),TRUE,page-sweep,optional
spell_contingency,Second Contingency,OVERRIDES,spell_contingency,Active Contingency,cancels the first,,UA,60,MAGIC-USER SPELLS (6TH LEVEL),TRUE,page-sweep,optional
rule_dm_discretion,Convoluted Conditions,TRIGGERS,rule_spell_failure,Spell Failure,over-complex prescriptions may fail entirely,,UA,60,MAGIC-USER SPELLS (6TH LEVEL),TRUE,page-sweep,optional
ex_falling,Falling,TRIGGERS,spell_contingency,Feather Fall,a typical prescribed trigger,,UA,60,MAGIC-USER SPELLS (6TH LEVEL),TRUE,page-sweep,optional
spell_ensnarement,Ensnarement,TRIGGERS,monster_demon_devil,Called Creature,draws a being from another plane,,UA,60,MAGIC-USER SPELLS (6TH LEVEL),TRUE,page-sweep,optional
spell_imprisonment,Maze or Cage Spell,CONSUMES,tbl_gem_value,Diamond,a costly gem is expended at memorisation,,UA,62,MAGIC-USER SPELLS (7TH LEVEL),TRUE,page-sweep,optional
rule_spell_memorization,Memorization,CONSUMES,tbl_gem_value,Diamond Dust,the component is spent during study not casting,,UA,62,MAGIC-USER SPELLS (7TH LEVEL),TRUE,page-sweep,optional
spell_mordenkainens_mansion,Mordenkainen's Magnificent Mansion,GATES,rule_planar_travel,Extra-Dimensional Space,conjures a dwelling outside the plane,,UA,62,MAGIC-USER SPELLS (7TH LEVEL),TRUE,page-sweep,optional
spell_mordenkainens_mansion,Mansion Portal,CONSTRAINS,rule_declared_action,Entry,the caster controls who may enter,,UA,62,MAGIC-USER SPELLS (7TH LEVEL),TRUE,page-sweep,optional
exp_level,Caster Level,MODIFIES,spell_mordenkainens_mansion,Area of Effect,size scales with level,,UA,62,MAGIC-USER SPELLS (7TH LEVEL),TRUE,page-sweep,optional
spell_mordenkainens_mansion,Mansion,GATES,rule_rest,Rest and Recovery,a secure refuge for resting,,UA,62,MAGIC-USER SPELLS (7TH LEVEL),FALSE,page-sweep,optional
spell_cantrip,Dim Cantrip,MODIFIES,rule_light_source,Light Sources,halves radiance for a round,,UA,66,ILLUSIONIST SPELLS (CANTRIPS),TRUE,page-sweep,optional
spell_cantrip,Dim Cantrip,MODIFIES,spell_light,Light Spells,dims magical light as well,,UA,66,ILLUSIONIST SPELLS (CANTRIPS),TRUE,page-sweep,optional
rule_light_source,Light Source Type,CONSTRAINS,spell_cantrip,Dim Cantrip,quantity affected varies by source,,UA,66,ILLUSIONIST SPELLS (CANTRIPS),TRUE,page-sweep,optional
spell_cantrip,Haze Cantrip,MODIFIES,cbt_tohit,Missile To-Hit,penalty against screened targets,,UA,66,ILLUSIONIST SPELLS (CANTRIPS),TRUE,page-sweep,optional
spell_cantrip,Haze Cantrip,MODIFIES,save_matrix,Saving Throw,bonus to the screened target,,UA,66,ILLUSIONIST SPELLS (CANTRIPS),TRUE,page-sweep,optional
spell_cantrip,Haze Cantrip,OVERRIDES,save_matrix,No Save Allowed,grants a save where none normally exists,,UA,66,ILLUSIONIST SPELLS (CANTRIPS),TRUE,page-sweep,optional
spell_wraithform,Wraithform,MODIFIES,item_magic_weapon,Weapon Threshold,struck only by magic weapons,,UA,69,ILLUSIONIST SPELLS,TRUE,page-sweep,optional
spell_wraithform,Wraithform,MODIFIES,monster_undead,Undead Recognition,most undead mistake the caster for one of their own,,UA,69,ILLUSIONIST SPELLS,TRUE,page-sweep,optional
monster_undead,Lich or Special Undead,OVERRIDES,spell_wraithform,Undead Recognition,may save to see through the disguise,,UA,69,ILLUSIONIST SPELLS,TRUE,page-sweep,optional
spell_wraithform,Wraithform,GATES,ex_movement_rate,Passing Through Cracks,insubstantial movement through narrow openings,,UA,69,ILLUSIONIST SPELLS,TRUE,page-sweep,optional
spell_wraithform,Wraithform,EXCLUDES,cbt_melee,Attacking,no attack is possible while insubstantial,,UA,69,ILLUSIONIST SPELLS,TRUE,page-sweep,optional
rule_planar_travel,Ethereal Plane,OVERRIDES,spell_wraithform,Attack Restriction,attacks are normal both ways against ethereal creatures,,UA,69,ILLUSIONIST SPELLS,TRUE,page-sweep,optional
spell_dispel_magic,Dispel Magic,OVERRIDES,spell_wraithform,Wraithform,forces a return to normal form,,UA,69,ILLUSIONIST SPELLS,TRUE,page-sweep,optional
spell_wraithform,Voluntary Return,CONSTRAINS,spell_wraithform,Wraithform,returning to normal ends the spell,,UA,69,ILLUSIONIST SPELLS,TRUE,page-sweep,optional
class_illusionist,Illusionist,GATES,spell_cantrip,Illusionist Cantrips,a separate cantrip list,,UA,66,ILLUSIONIST SPELLS (CANTRIPS),TRUE,page-sweep,optional
item_rod_alertness,Rod of Alertness,DERIVED_FROM,cursed_item,Disguised Item,indistinguishable from an ordinary magic mace,,UA,94,RODS (III.D.),TRUE,page-sweep,optional
item_rod_alertness,Rod of Alertness,MODIFIES,cbt_surprise,Surprise,bonus to the possessor's roll,,UA,94,RODS (III.D.),TRUE,page-sweep,optional
item_rod_alertness,Rod of Alertness,MODIFIES,cbt_initiative,Initiative,bonus to the roll,,UA,94,RODS (III.D.),TRUE,page-sweep,optional
item_rod_alertness,Rod of Alertness,GATES,rule_detection,Detection Powers,alignment evil good illusion invisibility lie and magic,,UA,94,RODS (III.D.),TRUE,page-sweep,optional
rule_detection,Detection Powers,EXCLUDED_FROM,rule_charges,Charges,detection expends none,,UA,94,RODS (III.D.),TRUE,page-sweep,optional
item_rod_alertness,Planted Rod,TRIGGERS,rule_detection,Hostile Intent,senses creatures intending harm,,UA,94,RODS (III.D.),TRUE,page-sweep,optional
item_rod_alertness,Planted Rod,FEEDS_INTO,rule_light,Light,casts light along the cardinal directions,,UA,94,RODS (III.D.),TRUE,page-sweep,optional
item_rod_alertness,Planted Rod,TRIGGERS,spell_prayer,Prayer,affects friendly creatures nearby,,UA,94,RODS (III.D.),TRUE,page-sweep,optional
item_rod_alertness,Planted Rod,TRIGGERS,rule_communication,Mental Alert,warns allies of danger,,UA,94,RODS (III.D.),TRUE,page-sweep,optional
item_rod_alertness,Planted Rod,TRIGGERS,gen_random_encounter,Animated Objects,animates designated objects around it,,UA,94,RODS (III.D.),TRUE,page-sweep,optional
rule_charges,Charges,CONSTRAINS,item_rod_alertness,Rod of Alertness,most functions cost charges,,UA,94,RODS (III.D.),TRUE,page-sweep,optional
class_druid,Druid,GATES,item_staff_slinging,Staff of Slinging,the slinging power works only for druids,,UA,95,STAVES (III.D.2.),TRUE,page-sweep,optional
item_staff_slinging,Staff of Slinging,GATES,cbt_missile,Missile Discharge,hurls adhered objects,,UA,95,STAVES (III.D.2.),TRUE,page-sweep,optional
item_staff_slinging,Staff of Slinging,MODIFIES,wpn_range,Range,defines short medium and long bands,,UA,95,STAVES (III.D.2.),TRUE,page-sweep,optional
item_staff_slinging,Staff of Slinging,CONSUMES,rule_charges,Charges,giant-strength hurling costs a charge,,UA,95,STAVES (III.D.2.),TRUE,page-sweep,optional
item_staff_slinging,Charged Hurl,MODIFIES,cbt_damage,Damage,damage as a stone giant's boulder,,UA,95,STAVES (III.D.2.),TRUE,page-sweep,optional
item_staff_slinging,Staff of Slinging,MODIFIES,cbt_tohit,To-Hit Roll,bonus in all modes,,UA,95,STAVES (III.D.2.),TRUE,page-sweep,optional
exp_level,Druid Level,GATES,rule_charges,Recharging,only a high level druid may recharge it,,UA,95,STAVES (III.D.2.),TRUE,page-sweep,optional
item_staff_slinging,Missile Trajectory,CONSTRAINS,cbt_missile,Line of Fire,rising arc rather than flat trajectory,,UA,95,STAVES (III.D.2.),TRUE,page-sweep,optional
item_staff_spear,Staff-Spear,ALTERNATIVE_TO,wpn_stats,Weapon Form,functions as more than one weapon type,,UA,95,STAVES (III.D.2.),TRUE,page-sweep,optional
item_anything_wand,Anything Wand,ALTERNATIVE_TO,item_wand,Any Known Wand,duplicates other wands on command,,UA,96,WANDS (III.D.2.),TRUE,page-sweep,optional
item_anything_wand,Anything Wand,CONSTRAINS,item_anything_wand,Anything Wand,each wand type may be duplicated only once,,UA,96,WANDS (III.D.2.),TRUE,page-sweep,optional
item_anything_wand,Anything Wand,TRIGGERS,rule_item_destruction,Total Drain,three duplication demands expend it entirely,,UA,96,WANDS (III.D.2.),TRUE,page-sweep,optional
item_anything_wand,Anything Wand,EXCLUDED_FROM,rule_charges,Recharging,cannot be recharged,,UA,96,WANDS (III.D.2.),TRUE,page-sweep,optional
item_buckler_wand,Buckler Wand,ALTERNATIVE_TO,rule_shield,Buckler,transforms into a spiked buckler,,UA,96,WANDS (III.D.2.),TRUE,page-sweep,optional
class_cleric,Cleric,EXCLUDED_FROM,item_buckler_wand,Buckler Wand,unusable by clerics,,UA,96,WANDS (III.D.2.),TRUE,page-sweep,optional
item_buckler_wand,Buckler Form,EXCLUDES,rule_spell_casting,Spell Casting,no spells while in buckler form,,UA,96,WANDS (III.D.2.),TRUE,page-sweep,optional
rule_multiclass,Fighter Magic-User,OVERRIDES,item_buckler_wand,Casting Restriction,multi-classed characters may still cast,,UA,96,WANDS (III.D.2.),TRUE,page-sweep,optional
item_buckler_wand,Buckler Form,CONSTRAINS,thief_climb_walls,Climb Walls,thief abilities requiring hands are blocked,,UA,96,WANDS (III.D.2.),TRUE,page-sweep,optional
race_dwarf,Dwarf or Gnome,GATES,item_wand_metal_command,Wand of Metal Command,powers operate only for these races,,UA,97,WANDS (III.D.2.),TRUE,page-sweep,optional
item_wand_metal_command,Wand of Metal Command,MODIFIES,money_gp,Gold and Lead,transmutes one metal into the other,,UA,97,WANDS (III.D.2.),TRUE,page-sweep,optional
item_wand_metal_command,Wand of Metal Command,CONSUMES,rule_charges,Charges,cost scales with the power used,,UA,97,WANDS (III.D.2.),TRUE,page-sweep,optional
item_wand_metal_command,Wand of Metal Command,GATES,spell_crystalbrittle,Crystalbrittle,casts as a high level magic-user,,UA,97,WANDS (III.D.2.),TRUE,page-sweep,optional
item_wand_size_alteration,Wand of Size Alteration,MODIFIES,monster_size,Creature Size,enlarges or diminishes by half,,UA,97,WANDS (III.D.2.),TRUE,page-sweep,optional
item_wand_size_alteration,Size Change,MODIFIES,abil_strength,Strength,strength scales to the giant of matching size,,UA,97,WANDS (III.D.2.),TRUE,page-sweep,optional
item_wand_size_alteration,Size Change,FEEDS_INTO,sys_equipment,Carried Gear,possessions change with the creature,,UA,97,WANDS (III.D.2.),TRUE,page-sweep,optional
item_wand_size_alteration,Wand of Size Alteration,TRIGGERS,save_matrix,Saving Throw,target may resist,,UA,97,WANDS (III.D.2.),TRUE,page-sweep,optional
item_deck_illusions,Deck of Illusions,TRIGGERS,rule_illusion,Illusion,creates an audial and visual creature,,UA,99,TREASURE (MISCELLANEOUS MAGIC),TRUE,page-sweep,optional
item_deck_illusions,Deck of Illusions,CONSTRAINS,ex_movement_rate,Illusion Range,the illusion stays near the fallen card,,UA,99,TREASURE (MISCELLANEOUS MAGIC),TRUE,page-sweep,optional
spell_dispel_magic,Dispel Magic,OVERRIDES,item_deck_illusions,Deck of Illusions,dispelling blanks the card permanently,,UA,99,TREASURE (MISCELLANEOUS MAGIC),TRUE,page-sweep,optional
rule_declared_action,Picking Up the Card,OVERRIDES,item_deck_illusions,Illusion,retrieval instantly dispels it,,UA,99,TREASURE (MISCELLANEOUS MAGIC),TRUE,page-sweep,optional
rule_dm_discretion,DM Play,GATES,item_deck_illusions,Illusion Behaviour,illusions are played as real creatures,,UA,99,TREASURE (MISCELLANEOUS MAGIC),TRUE,page-sweep,optional
item_haversack,Heward's Handy Haversack,MODIFIES,enc_encumbrance,Encumbrance,holds far more than its size,,UA,101,TREASURE (MISCELLANEOUS MAGIC),TRUE,page-sweep,optional
item_haversack,Heward's Handy Haversack,OVERRIDES,rule_declared_action,Item Retrieval,the sought item is always on top,,UA,101,TREASURE (MISCELLANEOUS MAGIC),TRUE,page-sweep,optional
item_haversack,Heward's Handy Haversack,MODIFIES,item_saving_throw,Item Saving Throw,contents gain a bonus on all saves,,UA,101,TREASURE (MISCELLANEOUS MAGIC),TRUE,page-sweep,optional
item_horn_fog,Horn of Fog,TRIGGERS,rule_concealment,Concealment,creates a fog cloud,,UA,101,TREASURE (MISCELLANEOUS MAGIC),TRUE,page-sweep,optional
time_segment_round_turn,Rounds Sounded,MODIFIES,item_horn_fog,Fog Volume,each round adds to the cloud,,UA,101,TREASURE (MISCELLANEOUS MAGIC),TRUE,page-sweep,optional
item_pouch_accessibility,Pouch of Accessibility,MODIFIES,enc_encumbrance,Encumbrance,thirty pockets of extradimensional space,,UA,102,TREASURE (MISCELLANEOUS MAGIC),TRUE,page-sweep,optional
item_pouch_accessibility,Pouch of Accessibility,OVERRIDES,rule_declared_action,Item Retrieval,speaking the name calls the item forth,,UA,102,TREASURE (MISCELLANEOUS MAGIC),TRUE,page-sweep,optional
item_bag_holding,Extradimensional Space Rules,CONSTRAINS,item_pouch_accessibility,Pouch of Accessibility,the same placement strictures apply,,UA,102,TREASURE (MISCELLANEOUS MAGIC),TRUE,page-sweep,optional
item_prison_zagyg,Prison of Zagyg,DERIVED_FROM,cursed_item,Disguised Item,appears an ordinary birdcage,,UA,102,TREASURE (MISCELLANEOUS MAGIC),TRUE,page-sweep,optional
spell_detect_magic,Detect Magic,EXCLUDED_FROM,item_prison_zagyg,Prison of Zagyg,detection is unreliable or misleading,,UA,102,TREASURE (MISCELLANEOUS MAGIC),TRUE,page-sweep,optional
item_prison_zagyg,Prison of Zagyg,GATES,spell_anti_magic_shell,Anti-Magic Shell,carries a permanent shell,,UA,102,TREASURE (MISCELLANEOUS MAGIC),TRUE,page-sweep,optional
item_shoes_fharlanghn,Shoes of Fharlanghn,EXCLUDES,fatigue,Fatigue,the wearer never tires from walking,,UA,103,TREASURE (MISCELLANEOUS MAGIC),TRUE,page-sweep,optional
item_shoes_fharlanghn,Shoes of Fharlanghn,MODIFIES,ex_movement_rate,Overland Movement,sustains a high daily pace,,UA,103,TREASURE (MISCELLANEOUS MAGIC),TRUE,page-sweep,optional
sys_alignment,Neutral Alignment,GATES,item_shoes_fharlanghn,Additional Powers,further benefits by alignment,,UA,103,TREASURE (MISCELLANEOUS MAGIC),TRUE,page-sweep,optional
item_shoes_fharlanghn,Shoes of Fharlanghn,EXCLUDES,tbl_traps,Snares and Pits,the wearer never steps into them,,UA,103,TREASURE (MISCELLANEOUS MAGIC),TRUE,page-sweep,optional
rule_deity,Worship of Fharlanghn,GATES,item_shoes_fharlanghn,Greatest Powers,devotion unlocks the full effect,,UA,103,TREASURE (MISCELLANEOUS MAGIC),TRUE,page-sweep,optional
item_shoes_fharlanghn,Worshiper Powers,EXCLUDES,ex_mapping,Becoming Lost,impossible for the wearer,,UA,103,TREASURE (MISCELLANEOUS MAGIC),TRUE,page-sweep,optional
item_shoes_fharlanghn,Worshiper Powers,EXCLUDES,cbt_surprise,Surprise,nothing walking on earth can surprise the wearer,,UA,103,TREASURE (MISCELLANEOUS MAGIC),TRUE,page-sweep,optional
item_shoes_fharlanghn,Worshiper Powers,GATES,thief_climb_walls,Climb Walls,climbs as a high level thief,,UA,103,TREASURE (MISCELLANEOUS MAGIC),TRUE,page-sweep,optional
item_slippers_kicking,Slippers of Kicking,GATES,rule_open_hand_combat,Unarmed Attack,the feet become effective weapons,,UA,103,TREASURE (MISCELLANEOUS MAGIC),TRUE,page-sweep,optional
sword_alignment,Sword Alignment,GATES,item_magic_weapon,Final Word Sword,bonuses only for matching alignment,,UA,105,TREASURE (MISCELLANEOUS WEAPONS),TRUE,page-sweep,optional
item_magic_weapon,Final Word Sword,OVERRIDES,cbt_initiative,Initiative,always strikes last in the round,,UA,105,TREASURE (MISCELLANEOUS WEAPONS),TRUE,page-sweep,optional
item_magic_weapon,Final Word Sword,OVERRIDES,cbt_tohit,To-Hit Roll,strikes unerringly against earlier attackers,,UA,105,TREASURE (MISCELLANEOUS WEAPONS),TRUE,page-sweep,optional
cbt_melee,Attacking the Wielder,TRIGGERS,item_magic_weapon,Final Word Retaliation,any earlier attacker is struck regardless of success,,UA,105,TREASURE (MISCELLANEOUS WEAPONS),TRUE,page-sweep,optional
cbt_attacks_per_round,Attacks Per Round,CONSTRAINS,item_magic_weapon,Final Word Retaliation,capped at the wielder's attack rate,,UA,105,TREASURE (MISCELLANEOUS WEAPONS),TRUE,page-sweep,optional
item_magic_weapon,Weapon Plus,CONSTRAINS,monster_special,Weapon Threshold,creatures needing a higher plus are unharmed,,UA,105,TREASURE (MISCELLANEOUS WEAPONS),TRUE,page-sweep,optional
item_axe_hurling,Axe of Hurling,ALTERNATIVE_TO,cbt_missile,Missile Discharge,returns to the thrower,,UA,105,MISCELLANEOUS WEAPONS (III.H.2.),TRUE,page-sweep,optional
rule_time,Familiarity and Practice,GATES,item_axe_hurling,Axe of Hurling,the power is discovered over time,,UA,105,MISCELLANEOUS WEAPONS (III.H.2.),TRUE,page-sweep,optional
item_magic_dart,Magic Dart,MODIFIES,cbt_damage,Damage,fixed damage against any size of creature,,UA,106,TREASURE (MISCELLANEOUS WEAPONS),TRUE,page-sweep,optional
item_magic_dart,Missed Dart,TRIGGERS,rule_item_destruction,Loss of Dweomer,a miss expends the magic,,UA,106,TREASURE (MISCELLANEOUS WEAPONS),TRUE,page-sweep,optional
item_magic_dart,Magic Dart,MODIFIES,wpn_range,Range,double the range of ordinary darts,,UA,106,TREASURE (MISCELLANEOUS WEAPONS),TRUE,page-sweep,optional
item_buckle_knife,Buckle Knife,MODIFIES,rule_disguise,Concealment,hilt resembles a belt ornament,,UA,106,TREASURE (MISCELLANEOUS WEAPONS),TRUE,page-sweep,optional
item_magic_quarterstaff,Magic Quarterstaff,MODIFIES,wpn_length,Weapon Length,alters length on command,,UA,106,TREASURE (MISCELLANEOUS WEAPONS),TRUE,page-sweep,optional
item_scimitar_speed,Scimitar of Speed,MODIFIES,cbt_initiative,Initiative,acts before other combatants,,UA,106,TREASURE (MISCELLANEOUS WEAPONS),TRUE,page-sweep,optional
sys_classes,Character Class,GATES,cbt_pummel_grapple,Pummeling,player characters humans giants and vampires may pummel,,UA,107,APPENDIX Q: WEAPONLESS COMBAT,TRUE,page-sweep,optional
monster_undead,Most Undead,EXCLUDED_FROM,cbt_pummel_grapple,Pummeling,cannot pummel,,UA,107,APPENDIX Q: WEAPONLESS COMBAT,TRUE,page-sweep,optional
monster_dragon,Dragons,EXCLUDED_FROM,cbt_pummel_grapple,Pummeling,cannot pummel,,UA,107,APPENDIX Q: WEAPONLESS COMBAT,TRUE,page-sweep,optional
rule_planar_travel,Prime Material Native,GATES,cbt_pummel_grapple,Pummeling Target,target must be a native organic creature,,UA,107,APPENDIX Q: WEAPONLESS COMBAT,TRUE,page-sweep,optional
monster_demon_devil,Demons and Elementals,EXCLUDED_FROM,cbt_pummel_grapple,Pummeling Target,cannot be pummeled,,UA,107,APPENDIX Q: WEAPONLESS COMBAT,TRUE,page-sweep,optional
rule_prone,Prone Target,OVERRIDES,monster_size,Size Restriction,any size may be pummeled when prone,,UA,107,APPENDIX Q: WEAPONLESS COMBAT,TRUE,page-sweep,optional
cbt_surprise,Surprise,OVERRIDES,cbt_pummel_grapple,Initiative Penalty,surprise attacks avoid the penalty,,UA,107,APPENDIX Q: WEAPONLESS COMBAT,TRUE,page-sweep,optional
cbt_rear_attack,Rear Attack,OVERRIDES,cbt_pummel_grapple,Initiative Penalty,attacks from behind avoid the penalty,,UA,107,APPENDIX Q: WEAPONLESS COMBAT,TRUE,page-sweep,optional
cbt_surprise,Surprise Pummel,MODIFIES,cbt_tohit,To-Hit Roll,bonus to strike,,UA,107,APPENDIX Q: WEAPONLESS COMBAT,TRUE,page-sweep,optional
sys_equipment,Pummeling Implement,FEEDS_INTO,cbt_pummel_grapple,Pummeling,the item used determines the result,,UA,107,APPENDIX Q: WEAPONLESS COMBAT,TRUE,page-sweep,optional
sys_armor,Opponent Vulnerability,FEEDS_INTO,cbt_pummel_grapple,Pummeling,target protection determines the result,,UA,107,APPENDIX Q: WEAPONLESS COMBAT,TRUE,page-sweep,optional
spell_permanency,Permanency,CONSTRAINS,rule_spell_casting,Eligible Spells,only an enumerated list may be made permanent,,UA,81,SPELL EXPLANATIONS,TRUE,page-sweep,optional
rule_item_material,Non-Living Target,MODIFIES,spell_permanency,Constitution Loss,greatly reduced risk on objects,,UA,81,SPELL EXPLANATIONS,TRUE,page-sweep,optional
item_ring,Spell Storing Device,OVERRIDES,spell_permanency,Constitution Loss,charging a device always costs a point,,UA,81,SPELL EXPLANATIONS,TRUE,page-sweep,optional
spell_permanency,Permanency,GATES,race_infravision,Infravision,may be made permanent on a person,,UA,81,SPELL EXPLANATIONS,TRUE,page-sweep,optional
spell_permanency,Permanency,GATES,rule_ultravision,Ultravision,may be made permanent on a person,,UA,81,SPELL EXPLANATIONS,TRUE,page-sweep,optional
spell_permanency,Permanency,GATES,rule_languages,Comprehend Languages and Tongues,may be made permanent,,UA,81,SPELL EXPLANATIONS,TRUE,page-sweep,optional
spell_sertens_spell_immunity,Serten's Spell Immunity,MODIFIES,save_spell,Saving Throw vs Spell,tiered bonuses by spell family,,UA,81,SPELL EXPLANATIONS,TRUE,page-sweep,optional
rule_spell_level,Spell Power,FEEDS_INTO,spell_sertens_spell_immunity,Bonus Tier,weaker enchantments give the largest bonus,,UA,81,SPELL EXPLANATIONS,TRUE,page-sweep,optional
spell_sertens_spell_immunity,Serten's Spell Immunity,GATES,spell_cantrip,Person-Affecting Cantrips,cantrips are covered by the lowest tier,,UA,81,SPELL EXPLANATIONS,TRUE,page-sweep,optional
rule_underwater,Underwater,MODIFIES,rule_spell_casting,Spell Effects,many spells behave differently submerged,,UA,82,THE ADVENTURE (UNDERWATER ADVENTURES),TRUE,page-sweep,optional
rule_underwater,Underwater,EXCLUDES,rule_uncontrolled_fire,Ignition,firewater cannot be lit underwater,,UA,82,THE ADVENTURE (UNDERWATER ADVENTURES),TRUE,page-sweep,optional
rule_underwater,Underwater,MODIFIES,spell_lightning_bolt,Chain Lightning,doubled radius but reduced damage,,UA,82,THE ADVENTURE (UNDERWATER ADVENTURES),TRUE,page-sweep,optional
rule_underwater,Underwater,CONSTRAINS,spell_melfs_acid_arrow,Acid Duration,acid is washed away in a round,,UA,82,THE ADVENTURE (UNDERWATER ADVENTURES),TRUE,page-sweep,optional
rule_underwater,Underwater,MODIFIES,spell_mordenkainens_mansion,Mansion Interior,may be filled with water or kept dry,,UA,82,THE ADVENTURE (UNDERWATER ADVENTURES),TRUE,page-sweep,optional
rule_underwater,Underwater,MODIFIES,spell_phantom_steed,Phantom Steed,becomes a hippocampus without flight,,UA,82,THE ADVENTURE (UNDERWATER ADVENTURES),TRUE,page-sweep,optional
rule_birth,Circumstances of Birth,FEEDS_INTO,rule_char_gen,Character Generation,order of birth and parental status,,UA,83,CIRCUMSTANCES OF BIRTH,TRUE,page-sweep,optional
rule_birth,Parents' Marital Status,MODIFIES,campaign_social_class,Social Class,illegitimacy lowers standing by one class,,UA,83,CIRCUMSTANCES OF BIRTH,TRUE,page-sweep,optional
race,Race,MODIFIES,rule_birth,Birth Table,racial modifiers to both rolls,,UA,83,CIRCUMSTANCES OF BIRTH,TRUE,page-sweep,optional
race_subrace,Elven Subrace,MODIFIES,rule_birth,Birth Table,each elven stock has its own modifier,,UA,83,CIRCUMSTANCES OF BIRTH,TRUE,page-sweep,optional
race_half_orc,Half-Orc,MODIFIES,rule_birth,Birth Table,the only positive racial modifier,,UA,83,CIRCUMSTANCES OF BIRTH,TRUE,page-sweep,optional
rule_dm_discretion,DM Judgement,GATES,rule_birth,Circumstances of Birth,referee fits results to the campaign,,UA,83,CIRCUMSTANCES OF BIRTH,TRUE,page-sweep,optional
spell_leomunds_shelter,Leomund's Secure Shelter,GATES,rule_rest,Rest and Recovery,provides a secure lodging,,UA,57,MAGIC-USER SPELLS,TRUE,page-sweep,optional
exp_level,Caster Level,MODIFIES,spell_leomunds_shelter,Floor Area,size scales with level,,UA,57,MAGIC-USER SPELLS,TRUE,page-sweep,optional
rule_terrain,Local Materials,CONSTRAINS,spell_leomunds_shelter,Construction,built from whatever is common nearby,,UA,57,MAGIC-USER SPELLS,TRUE,page-sweep,optional
spell_leomunds_shelter,Secure Shelter,EXCLUDES,cbt_missile,Normal Missiles,impervious to ordinary missile fire,,UA,57,MAGIC-USER SPELLS,TRUE,page-sweep,optional
rule_siege_engine,Siege Machinery,OVERRIDES,spell_leomunds_shelter,Missile Immunity,engine and giant missiles still penetrate,,UA,57,MAGIC-USER SPELLS,TRUE,page-sweep,optional
spell_wizard_lock,Wizard Lock,FEEDS_INTO,spell_leomunds_shelter,Door and Shutters,openings are magically secured,,UA,57,MAGIC-USER SPELLS,TRUE,page-sweep,optional
spell_leomunds_shelter,Secure Shelter,EXCLUDES,rule_temperature,Heating and Cooling,provides no climate control,,UA,57,MAGIC-USER SPELLS,TRUE,page-sweep,optional
rule_temperature,Extreme Heat,MODIFIES,spell_leomunds_shelter,Occupants,affects the dwelling and those inside,,UA,57,MAGIC-USER SPELLS,TRUE,page-sweep,optional
rule_light,Nearby Light,OVERRIDES,rule_ultravision,Ultravision,brightness blinds the eyes to dimmer areas,,UA,58,MAGIC-USER SPELLS,TRUE,page-sweep,optional
item_magic_item,Magic Item Radiance,OVERRIDES,rule_ultravision,Ultravision,item glow spoils the ability,,UA,58,MAGIC-USER SPELLS,TRUE,page-sweep,optional
rule_ultravision,Ultravision,CONSUMES,tbl_gem_value,Amethyst,a costly gem is expended,,UA,58,MAGIC-USER SPELLS,TRUE,page-sweep,optional
spell_avoidance,Avoidance,EXCLUDES,cbt_melee,Touching the Object,living creatures cannot approach,,UA,58,MAGIC-USER SPELLS (5TH LEVEL),TRUE,page-sweep,optional
tbl_height_weight,Relative Mass,GATES,spell_avoidance,Avoidance,who is repulsed depends on comparative mass,,UA,58,MAGIC-USER SPELLS (5TH LEVEL),TRUE,page-sweep,optional
spell_avoidance,Avoidance,EXCLUDED_FROM,rule_player_character,Living Targets,cannot be cast upon living things,,UA,58,MAGIC-USER SPELLS (5TH LEVEL),TRUE,page-sweep,optional
spell_binding,Binding,TRIGGERS,rule_imprisonment,Imprisonment,six distinct forms of confinement,,UA,64,MAGIC-USER SPELLS (8TH LEVEL),TRUE,page-sweep,optional
exp_level,Caster Level,FEEDS_INTO,spell_binding,Binding Duration,duration scales per level,,UA,64,MAGIC-USER SPELLS (8TH LEVEL),TRUE,page-sweep,optional
monster_hd,Subject Hit Dice,CONSTRAINS,spell_binding,Binding,success depends on level against hit dice,,UA,64,MAGIC-USER SPELLS (8TH LEVEL),TRUE,page-sweep,optional
rule_assistant_casters,Assisting Magic-Users,MODIFIES,spell_binding,Effective Caster Level,helpers add fractions of their levels,,UA,64,MAGIC-USER SPELLS (8TH LEVEL),TRUE,page-sweep,optional
rule_assistant_casters,Assisting Magic-Users,CONSTRAINS,spell_binding,Binding,no more than six may assist,,UA,64,MAGIC-USER SPELLS (8TH LEVEL),TRUE,page-sweep,optional
spell_binding,Chaining,TRIGGERS,rule_antipathy,Antipathy,restraints repel all but the caster,,UA,64,MAGIC-USER SPELLS (8TH LEVEL),TRUE,page-sweep,optional
spell_binding,Metamorphosis,MODIFIES,monster_special,Corporeal Form,subject becomes noncorporeal but for the head,,UA,64,MAGIC-USER SPELLS (8TH LEVEL),TRUE,page-sweep,optional
spell_binding,Hedged Prison,GATES,rule_planar_travel,Confined Area,subject is transported and cannot wander,,UA,64,MAGIC-USER SPELLS (8TH LEVEL),TRUE,page-sweep,optional
exp_level,Caster Level,GATES,spell_chromatic_orb,Chromatic Orb,each level unlocks a stronger orb,,UA,67,ILLUSIONIST SPELLS,TRUE,page-sweep,optional
spell_chromatic_orb,Chromatic Orb,MODIFIES,cbt_damage,Damage,damage scales with the orb colour,,UA,67,ILLUSIONIST SPELLS,TRUE,page-sweep,optional
spell_chromatic_orb,Pearly Orb,TRIGGERS,ex_light_vision,Blindness,failed save blinds the target,,UA,67,ILLUSIONIST SPELLS,TRUE,page-sweep,optional
spell_chromatic_orb,Ruby Orb,MODIFIES,abil_strength,Strength,temporary point loss,,UA,67,ILLUSIONIST SPELLS,TRUE,page-sweep,optional
spell_chromatic_orb,Ruby Orb,MODIFIES,abil_dexterity,Dexterity,temporary point loss,,UA,67,ILLUSIONIST SPELLS,TRUE,page-sweep,optional
spell_chromatic_orb,Flame Orb,TRIGGERS,rule_uncontrolled_fire,Fire,ignites combustibles near the target,,UA,67,ILLUSIONIST SPELLS,TRUE,page-sweep,optional
spell_chromatic_orb,Emerald Orb,TRIGGERS,spell_stinking_cloud,Stinking Cloud,creates a cloud around the target,,UA,67,ILLUSIONIST SPELLS,TRUE,page-sweep,optional
spell_chromatic_orb,Sapphire Orb,TRIGGERS,rule_immobile,Paralysis,failed save immobilises,,UA,67,ILLUSIONIST SPELLS,TRUE,page-sweep,optional
spell_chromatic_orb,Amethyst Orb,TRIGGERS,save_petrify,Petrification,failed save turns the target to stone,,UA,67,ILLUSIONIST SPELLS,TRUE,page-sweep,optional
spell_chromatic_orb,Ashen Orb,TRIGGERS,death_character,Death,failed save is fatal,,UA,67,ILLUSIONIST SPELLS,TRUE,page-sweep,optional
spell_cure_blindness,Cure Blindness,OVERRIDES,spell_chromatic_orb,Amber Orb Blindness,negates the effect,,UA,67,ILLUSIONIST SPELLS,TRUE,page-sweep,optional
comeliness,Illusionist Comeliness,RESOLVED_BY,spell_fascinate,Fascinate,obedience checked against comeliness,,UA,68,ILLUSIONIST SPELLS (2ND LEVEL),TRUE,page-sweep,optional
spell_fascinate,Fascinate,TRIGGERS,save_spell,Saving Throw vs Spell,target may resist entirely,,UA,68,ILLUSIONIST SPELLS (2ND LEVEL),TRUE,page-sweep,optional
rule_request_danger,Hazardous Requests,MODIFIES,spell_fascinate,Obedience Check,dangerous demands worsen the roll,,UA,68,ILLUSIONIST SPELLS (2ND LEVEL),TRUE,page-sweep,optional
spell_fascinate,Exceeded Comeliness,TRIGGERS,cbt_encounter_reactions,Rage and Hate,the spell shatters and the subject turns hostile,,UA,68,ILLUSIONIST SPELLS (2ND LEVEL),TRUE,page-sweep,optional
monster_intelligence,Animal Intelligence,CONSTRAINS,spell_fascinate,Duration,ordinary creatures remain fascinated only days,,UA,68,ILLUSIONIST SPELLS (2ND LEVEL),TRUE,page-sweep,optional
rule_character_actions,Good Treatment,MODIFIES,spell_fascinate,Voluntary Loyalty,kindness may convert the subject permanently,,UA,68,ILLUSIONIST SPELLS (2ND LEVEL),TRUE,page-sweep,optional
comeliness,Comeliness,FEEDS_INTO,hench_loyalty,Voluntary Following,chance of befriending scales with comeliness,,UA,68,ILLUSIONIST SPELLS (2ND LEVEL),TRUE,page-sweep,optional
spell_dream,Dream,CONSUMES,rule_rest,Sleep,requires eight undisturbed hours,,UA,70,ILLUSIONIST SPELLS (5TH LEVEL),TRUE,page-sweep,optional
spell_dream,Dream,MODIFIES,hit_points,Hit Points,may restore lost points,,UA,70,ILLUSIONIST SPELLS (5TH LEVEL),TRUE,page-sweep,optional
spell_dream,Dream,OVERRIDES,rule_body_part_loss,Body Member Loss,may restore a lost hand or foot,,UA,70,ILLUSIONIST SPELLS (5TH LEVEL),TRUE,page-sweep,optional
spell_dream,Dream,FEEDS_INTO,tbl_treasure_map,Treasure Location,improves chances of finding riches,,UA,70,ILLUSIONIST SPELLS (5TH LEVEL),TRUE,page-sweep,optional
spell_dream,Dream,FEEDS_INTO,ex_mapping,Safe Path,locates a route through wilderness,,UA,70,ILLUSIONIST SPELLS (5TH LEVEL),TRUE,page-sweep,optional
spell_dream,Dream Scrying,TRIGGERS,save_spell,Saving Throw vs Spell,powerful creatures may detect the scrying,,UA,70,ILLUSIONIST SPELLS (5TH LEVEL),TRUE,page-sweep,optional
monster_hd,Hit Dice,GATES,spell_dream,Scrying Detection,only stronger creatures get the save,,UA,70,ILLUSIONIST SPELLS (5TH LEVEL),TRUE,page-sweep,optional
spell_dream,Dream,CONSTRAINS,death_character,Revival,dreamed life is strictly temporary,,UA,70,ILLUSIONIST SPELLS (5TH LEVEL),TRUE,page-sweep,optional
exp_level,Caster Level,CONSTRAINS,spell_dream,Temporary Effect,duration of dreamed results scales with level,,UA,70,ILLUSIONIST SPELLS (5TH LEVEL),TRUE,page-sweep,optional
rule_dm_discretion,DM Limits,CONSTRAINS,spell_dream,Dream,results must be strictly bounded,,UA,70,ILLUSIONIST SPELLS (5TH LEVEL),TRUE,page-sweep,optional
item_oil_sharpness,Oil of Sharpness,MODIFIES,cbt_tohit,To-Hit Roll,bonus determined randomly,,UA,91,TREASURE (POTIONS),TRUE,page-sweep,optional
item_oil_sharpness,Oil of Sharpness,MODIFIES,cbt_damage,Damage,bonus determined randomly,,UA,91,TREASURE (POTIONS),TRUE,page-sweep,optional
item_oil_timelessness,Oil of Timelessness,OVERRIDES,rule_aging,Aging,a year passes as a day for the coated object,,UA,91,TREASURE (POTIONS),TRUE,page-sweep,optional
item_oil_timelessness,Oil of Timelessness,MODIFIES,item_saving_throw,Item Saving Throw,coated objects gain a bonus,,UA,91,TREASURE (POTIONS),TRUE,page-sweep,optional
rule_item_material,Formerly Living Matter,GATES,item_oil_timelessness,Oil of Timelessness,works only on organic substances,,UA,91,TREASURE (POTIONS),TRUE,page-sweep,optional
item_philter_beauty,Philter of Beauty,MODIFIES,abil_charisma,Charisma,temporary increase to a ceiling,,UA,91,TREASURE (POTIONS),TRUE,page-sweep,optional
item_philter_beauty,Philter of Beauty,MODIFIES,comeliness,Comeliness,temporary increase,,UA,91,TREASURE (POTIONS),TRUE,page-sweep,optional
item_philter_beauty,Expiry in View,TRIGGERS,cbt_encounter_reactions,Hostile Reaction,influenced creatures attack when the effect lapses,,UA,91,TREASURE (POTIONS),TRUE,page-sweep,optional
item_scroll,Protection from Poison,EXCLUDES,save_poison,Poison,no form of poison affects the reader,,UA,92,TREASURE (SCROLLS),TRUE,page-sweep,optional
item_scroll,Protection from Poison,OVERRIDES,save_poison,Existing Poison,neutralises poison already in the system,,UA,92,TREASURE (SCROLLS),TRUE,page-sweep,optional
item_scroll,Protection from Traps,EXCLUDES,tbl_traps,Traps,traps do not function against the protected,,UA,92,TREASURE (SCROLLS),TRUE,page-sweep,optional
item_scroll,Protection from Traps,EXCLUDED_FROM,thief_find_remove_traps,Trap Detection,protection never reveals the trap,,UA,92,TREASURE (SCROLLS),TRUE,page-sweep,optional
rule_trap_type,Mechanical or Magical,GATES,item_scroll,Protection from Traps,three varieties with different coverage,,UA,92,TREASURE (SCROLLS),TRUE,page-sweep,optional
time_segment_round_turn,Reading Time,CONSTRAINS,item_scroll,Protection Scrolls,broader protection takes longer to invoke,,UA,92,TREASURE (SCROLLS),TRUE,page-sweep,optional
item_ring_faerie,Ring of Faerie,GATES,race_elf,Elven Abilities,wearer performs elven functions,,UA,93,TREASURE (RINGS),TRUE,page-sweep,optional
sys_alignment,Ring Alignment,GATES,item_ring_faerie,Ring of Faerie,mismatched alignment prevents function,,UA,93,TREASURE (RINGS),TRUE,page-sweep,optional
item_ring_faerie,Ring of Faerie,GATES,rule_concealment,Woodland Concealment,detectable only by invisibility detection,,UA,93,TREASURE (RINGS),TRUE,page-sweep,optional
item_ring_faerie,Ring of Faerie,GATES,thief_move_silently,Move Silently,silent movement with a fixed chance,,UA,93,TREASURE (RINGS),TRUE,page-sweep,optional
sys_armor,Metal Armor,EXCLUDES,item_ring_faerie,Silent Movement,armor negates the ability,,UA,93,TREASURE (RINGS),TRUE,page-sweep,optional
item_ring_faerie,Silent Movement,MODIFIES,cbt_surprise,Surprise,improves the surprise roll,,UA,93,TREASURE (RINGS),TRUE,page-sweep,optional
item_ring_faerie,Failed Silence,TRIGGERS,rule_noise,Noise,the failure margin sets the audible distance,,UA,93,TREASURE (RINGS),TRUE,page-sweep,optional
item_ring_faerie,Ring of Faerie,GATES,race_infravision,Infravision,bestowed on the wearer,,UA,93,TREASURE (RINGS),TRUE,page-sweep,optional
item_ring_faerie,Ring of Faerie,GATES,ex_secret_doors,Secret Door Detection,elven passive and active detection,,UA,93,TREASURE (RINGS),TRUE,page-sweep,optional
item_ring_jumping,Ring of Jumping,GATES,ex_movement_rate,Leaping,forward backward and vertical jumps,,UA,93,TREASURE (RINGS),TRUE,page-sweep,optional
item_scroll,Protection from Acid,EXCLUDES,cbt_damage,Acid Damage,a distinct protection variety,,UA,85,III.B.2. SCROLLS,TRUE,page-sweep,optional
item_scroll,Protection from Breath Weapons,EXCLUDES,save_breath,Breath Weapons,separate dragon and non-dragon varieties,,UA,85,III.B.2. SCROLLS,TRUE,page-sweep,optional
item_scroll,Protection from Illusions,EXCLUDES,rule_illusion,Illusions,a distinct protection variety,,UA,85,III.B.2. SCROLLS,TRUE,page-sweep,optional
item_scroll,Protection from Paralyzation,EXCLUDES,rule_immobile,Paralysis,a distinct protection variety,,UA,85,III.B.2. SCROLLS,TRUE,page-sweep,optional
item_scroll,Protection from Petrification,EXCLUDES,save_petrify,Petrification,a distinct protection variety,,UA,85,III.B.2. SCROLLS,TRUE,page-sweep,optional
item_scroll,Protection from Possession,EXCLUDES,spell_magic_jar,Possession,a distinct protection variety,,UA,85,III.B.2. SCROLLS,TRUE,page-sweep,optional
item_scroll,Protection from Magical Weapons,EXCLUDES,item_magic_weapon,Magic Weapons,separate blunt and edged varieties,,UA,85,III.B.2. SCROLLS,TRUE,page-sweep,optional
item_scroll,Cursed Scroll,DERIVED_FROM,cursed_item,Cursed Item,appears among the scroll results,,UA,85,III.B.2. SCROLLS,TRUE,page-sweep,optional
rule_dm_discretion,DM Encouragement,GATES,item_scroll,Cursed Scroll,the referee is urged to induce reading,,UA,85,III.B.2. SCROLLS,TRUE,page-sweep,optional
sys_classes,Class Restriction,CONSTRAINS,item_wand,Wands,entries tagged by permitted class,,UA,86,III.D.2. WANDS,TRUE,page-sweep,optional
rule_charges,Full Charges,CONSTRAINS,xp_magic_items,Experience Point Value,values assume a full item,,UA,86,III.D.2. WANDS,TRUE,page-sweep,optional
item_wand,Wand of Wonder,TRIGGERS,rule_dm_discretion,Random Effect,unpredictable results,,UA,86,III.D.2. WANDS,FALSE,page-sweep,optional
item_magic_item,Amulet Versus Undead,MODIFIES,xp_magic_items,Experience Point Value,value scales per level of the item,,UA,88,TABLE III.E.6.,TRUE,page-sweep,optional
item_magic_item,Anything Item,ALTERNATIVE_TO,item_magic_item,Any Known Item,duplicates other items,,UA,88,TABLE III.E.6.,TRUE,page-sweep,optional
item_magic_item,Dust and Pinch Items,CONSTRAINS,xp_magic_items,Experience Point Value,valued per pinch rather than per item,,UA,88,TABLE III.E.6.,TRUE,page-sweep,optional
class_magic_user,Magic-User,GATES,item_magic_item,Boccob's Blessed Book,class-restricted item,,UA,88,TABLE III.E.6.,TRUE,page-sweep,optional
class_fighter,Fighter,GATES,item_magic_item,Bracers of Archery,class-restricted item,,UA,88,TABLE III.E.6.,TRUE,page-sweep,optional
class_cleric,Cleric,GATES,item_magic_item,Dicerion of Light and Darkness,class-restricted item,,UA,88,TABLE III.E.6.,TRUE,page-sweep,optional
rule_generation_method_v,Method V,ALTERNATIVE_TO,rule_ability_generation,Ability Score Generation,class-targeted generation,,UA,74,GENERATION OF ABILITY SCORES,TRUE,page-sweep,optional
race,Human,GATES,rule_generation_method_v,Method V,humans only,,UA,74,GENERATION OF ABILITY SCORES,TRUE,page-sweep,optional
sys_classes,Desired Class,FEEDS_INTO,rule_generation_method_v,Dice Allocation,dice per ability vary by class,,UA,74,GENERATION OF ABILITY SCORES,TRUE,page-sweep,optional
rule_generation_method_v,Method V,OVERRIDES,sys_ability_scores,Minimum Requirement,scores are raised to the class minimum,,UA,74,GENERATION OF ABILITY SCORES,TRUE,page-sweep,optional
rule_generation_method_v,Method V,CONSTRAINS,sys_ability_scores,Maximum Allowable,scores are lowered to the class maximum,,UA,74,GENERATION OF ABILITY SCORES,TRUE,page-sweep,optional
comeliness,Comeliness,DERIVED_FROM,rule_generation_method_v,Method V,generated alongside the six core scores,,UA,74,GENERATION OF ABILITY SCORES,TRUE,page-sweep,optional
rule_dm_discretion,DM Approval,GATES,rule_generation_method_v,Class Selection,the referee must approve the chosen class,,UA,74,GENERATION OF ABILITY SCORES,TRUE,page-sweep,optional
class_barbarian,Barbarian,CONSTRAINS,abil_wisdom,Wisdom,a maximum rather than a minimum,,UA,74,GENERATION OF ABILITY SCORES,TRUE,page-sweep,optional
rule_multiclass,Multi-Class,EXCLUDED_FROM,prof_specialization,Weapon Specialization,single-classed characters only,,UA,18,CHARACTER CLASSES (FIGHTER),TRUE,page-sweep,optional
rule_char_gen,Character Creation,GATES,prof_specialization,Weapon Specialization,the choice must be made at creation,,UA,18,CHARACTER CLASSES (FIGHTER),TRUE,page-sweep,optional
prof_specialization,Weapon Specialization,CONSUMES,prof_weapon,Proficiency Slots,costs two slots,,UA,18,CHARACTER CLASSES (FIGHTER),TRUE,page-sweep,optional
sys_equipment,Bow Specialization,CONSUMES,prof_weapon,Proficiency Slots,bows cost an additional slot,,UA,18,CHARACTER CLASSES (FIGHTER),TRUE,page-sweep,optional
class_ranger,Ranger,GATES,prof_specialization,Weapon Specialization,available to the sub-class,,UA,18,CHARACTER CLASSES (FIGHTER),TRUE,page-sweep,optional
class_cavalier,Cavalier,GATES,hench_henchmen,Cavalier Retainers,distinct retainer rules,,UA,75,Henchmen (Retainers) for Cavaliers,TRUE,page-sweep,optional
hit_points,Starting Hit Points,MODIFIES,rule_char_gen,Character Generation,revised starting hit point rules,,UA,74,Starting Hit Points for Player Characters,TRUE,page-sweep,optional
spell_endure_cold_heat,Endure Cold/Heat,EXCLUDES,rule_temperature,Exposure Damage,protects across a wide temperature band,,UA,33,CLERIC SPELLS (1ST LEVEL),TRUE,page-sweep,optional
rule_temperature,Temperature Extremes,MODIFIES,hit_points,Exposure Damage,damage per degree beyond the limit,,UA,33,CLERIC SPELLS (1ST LEVEL),TRUE,page-sweep,optional
spell_endure_cold_heat,Endure Cold/Heat,MODIFIES,rule_temperature,Exposure Rate,damage rate drops from per turn to per hour,,UA,33,CLERIC SPELLS (1ST LEVEL),TRUE,page-sweep,optional
rule_magical_attack,Magical Cold or Heat,OVERRIDES,spell_endure_cold_heat,Endure Cold/Heat,either form cancels either application,,UA,33,CLERIC SPELLS (1ST LEVEL),TRUE,page-sweep,optional
monster_dragon,White Dragon Breath,TRIGGERS,spell_endure_cold_heat,Spell Cancellation,counts as magical cold,,UA,33,CLERIC SPELLS (1ST LEVEL),TRUE,page-sweep,optional
spell_endure_cold_heat,Spell Breaking,EXCLUDES,cbt_damage,Damage,the recipient takes none in the breaking round,,UA,33,CLERIC SPELLS (1ST LEVEL),TRUE,page-sweep,optional
spell_enthrall,Enthrall,TRIGGERS,save_spell,Saving Throw vs Spell,listeners may resist,,UA,35,CLERIC SPELLS (2ND LEVEL),TRUE,page-sweep,optional
rule_languages,Shared Language,GATES,spell_enthrall,Enthrall,the audience must understand the speech,,UA,35,CLERIC SPELLS (2ND LEVEL),TRUE,page-sweep,optional
race,Racial Relationship,MODIFIES,spell_enthrall,Saving Throw,unfriendly races save at a bonus,,UA,35,CLERIC SPELLS (2ND LEVEL),TRUE,page-sweep,optional
exp_level,Level or Hit Dice,EXCLUDES,spell_enthrall,Enthrall,stronger creatures cannot be enthralled,,UA,35,CLERIC SPELLS (2ND LEVEL),TRUE,page-sweep,optional
abil_wisdom,Wisdom,EXCLUDES,spell_enthrall,Enthrall,high wisdom prevents the effect,,UA,35,CLERIC SPELLS (2ND LEVEL),TRUE,page-sweep,optional
spell_enthrall,Enthrall,OVERRIDES,abil_charisma,Perceived Charisma,the cleric is seen as having superhuman charisma,,UA,35,CLERIC SPELLS (2ND LEVEL),TRUE,page-sweep,optional
spell_enthrall,Enthrall,MODIFIES,hench_loyalty,Loyalty Base,large perceived loyalty bonus,,UA,35,CLERIC SPELLS (2ND LEVEL),TRUE,page-sweep,optional
spell_enthrall,Enthrall,MODIFIES,cbt_encounter_reactions,Reaction Adjustment,large perceived reaction bonus,,UA,35,CLERIC SPELLS (2ND LEVEL),TRUE,page-sweep,optional
spell_enthrall,Enthrall,EXCLUDES,spell_suggestion,Suggestion,listeners will not act on what they hear,,UA,35,CLERIC SPELLS (2ND LEVEL),TRUE,page-sweep,optional
cbt_melee,Attacking the Cleric,OVERRIDES,spell_enthrall,Enthrall,any hit or spell instantly cancels it,,UA,35,CLERIC SPELLS (2ND LEVEL),TRUE,page-sweep,optional
rule_declared_action,Any Other Action,OVERRIDES,spell_enthrall,Enthrall,the cleric must do nothing but speak,,UA,35,CLERIC SPELLS (2ND LEVEL),TRUE,page-sweep,optional
spell_taunt,Taunt,TRIGGERS,cbt_melee,Forced Melee,affected creatures rush to attack the caster,,UA,53,MAGIC-USER SPELLS (2ND LEVEL),TRUE,page-sweep,optional
spell_taunt,Taunt,CONSTRAINS,cbt_missile,Ranged Attack,victims close to melee rather than shoot,,UA,53,MAGIC-USER SPELLS (2ND LEVEL),TRUE,page-sweep,optional
monster_intelligence,Intelligence,GATES,spell_taunt,Taunt,minimum intelligence required to be affected,,UA,53,MAGIC-USER SPELLS (2ND LEVEL),TRUE,page-sweep,optional
exp_level,Caster Level,MODIFIES,spell_taunt,Area of Effect,hit dice affected scale with level,,UA,53,MAGIC-USER SPELLS (2ND LEVEL),TRUE,page-sweep,optional
spell_taunt,Taunt,CONSTRAINS,gen_random_encounter,Mixed Groups,only one creature type may be affected,,UA,53,MAGIC-USER SPELLS (2ND LEVEL),TRUE,page-sweep,optional
rule_barrier,Impassable Boundary,OVERRIDES,spell_taunt,Taunt,separation breaks the compulsion,,UA,53,MAGIC-USER SPELLS (2ND LEVEL),TRUE,page-sweep,optional
spell_air_walk,Air Walk,GATES,ex_movement_rate,Aerial Movement,tread upon air as solid ground,,UA,39,CLERIC SPELLS (5TH LEVEL),TRUE,page-sweep,optional
spell_air_walk,Ascent Angle,MODIFIES,ex_movement_rate,Movement Rate,steeper climbs are proportionally slower,,UA,39,CLERIC SPELLS (5TH LEVEL),TRUE,page-sweep,optional
spell_air_walk,Air Walk,EXCLUDES,ex_falling,Falling Damage,the walker controls the descent rate,,UA,39,CLERIC SPELLS (5TH LEVEL),TRUE,page-sweep,optional
spell_gust_of_wind,Gust of Wind,MODIFIES,spell_air_walk,Air Walk,halves or doubles movement by direction,,UA,39,CLERIC SPELLS (5TH LEVEL),TRUE,page-sweep,optional
spell_cantrip,Tangle,MODIFIES,rule_entanglement,Entanglement,twists fine materials together,,UA,48,MAGIC-USER SPELLS (CANTRIPS),TRUE,page-sweep,optional
spell_cantrip,Tangle,CONSUMES,rule_time,Time,untangling takes rounds,,UA,48,MAGIC-USER SPELLS (CANTRIPS),TRUE,page-sweep,optional
spell_cantrip,Tangle,EXCLUDED_FROM,sys_equipment,Heavy Material,will not affect rope,,UA,48,MAGIC-USER SPELLS (CANTRIPS),TRUE,page-sweep,optional
spell_cantrip,Tarnish,TRIGGERS,rule_item_destruction,Corrosion,covers an object in rust or verdigris,,UA,48,MAGIC-USER SPELLS (CANTRIPS),TRUE,page-sweep,optional
spell_leomunds_belabourment,Leomund's Lamentable Belabourment,TRIGGERS,save_spell,Saving Throw vs Spell,targets may resist,,UA,59,MAGIC-USER SPELLS (6TH LEVEL),TRUE,page-sweep,optional
abil_intelligence,Target Intelligence,MODIFIES,save_spell,Saving Throw,graduated modifier by intelligence band,,UA,59,MAGIC-USER SPELLS (6TH LEVEL),TRUE,page-sweep,optional
monster_intelligence,Very Low Intelligence,EXCLUDES,spell_leomunds_belabourment,Belabourment,unintelligent creatures are unaffected,,UA,59,MAGIC-USER SPELLS (6TH LEVEL),TRUE,page-sweep,optional
rule_languages,Shared Language,GATES,spell_leomunds_belabourment,Belabourment,targets must understand the speech,,UA,59,MAGIC-USER SPELLS (6TH LEVEL),TRUE,page-sweep,optional
spell_leomunds_belabourment,Belabourment,CONSTRAINS,rule_declared_action,Target Action,victims ignore everything but the argument,,UA,59,MAGIC-USER SPELLS (6TH LEVEL),TRUE,page-sweep,optional
cbt_melee,Attacking the Victims,OVERRIDES,spell_leomunds_belabourment,Belabourment,an attack breaks the fascination,,UA,59,MAGIC-USER SPELLS (6TH LEVEL),TRUE,page-sweep,optional
spell_leomunds_belabourment,Belabourment,TRIGGERS,spell_confusion,Confusion,a later stage of the effect,,UA,59,MAGIC-USER SPELLS (6TH LEVEL),TRUE,page-sweep,optional
spell_leomunds_belabourment,Belabourment,TRIGGERS,cbt_melee,Rage,the final stage turns victims violent,,UA,59,MAGIC-USER SPELLS (6TH LEVEL),TRUE,page-sweep,optional
rule_spell_casting,Maintaining Conversation,CONSTRAINS,spell_leomunds_belabourment,Belabourment,the caster must keep talking,,UA,59,MAGIC-USER SPELLS (6TH LEVEL),TRUE,page-sweep,optional
spell_goodberry,Goodberry,ALTERNATIVE_TO,rule_provisions,Provisions,a berry nourishes as a full meal,,UA,43,DRUID SPELLS (3RD LEVEL),TRUE,page-sweep,optional
spell_goodberry,Goodberry,MODIFIES,hit_points,Hit Points,each berry cures a point,,UA,43,DRUID SPELLS (3RD LEVEL),TRUE,page-sweep,optional
spell_goodberry,Goodberry,CONSTRAINS,hit_points,Daily Cure Limit,capped healing in any day,,UA,43,DRUID SPELLS (3RD LEVEL),TRUE,page-sweep,optional
spell_goodberry,Badberry,TRIGGERS,save_poison,Poison Damage,no saving throw permitted,,UA,43,DRUID SPELLS (3RD LEVEL),TRUE,page-sweep,optional
spell_goodberry,Badberry,MODIFIES,rule_disguise,Appearance,rotten berries appear wholesome,,UA,43,DRUID SPELLS (3RD LEVEL),TRUE,page-sweep,optional
class_druid,Druid,GATES,spell_goodberry,Berry Detection,druids of sufficient level discern the affected berries,,UA,43,DRUID SPELLS (3RD LEVEL),TRUE,page-sweep,optional
spell_detect_magic,Detect Magic,FEEDS_INTO,spell_goodberry,Berry Detection,also reveals the dweomer,,UA,43,DRUID SPELLS (3RD LEVEL),TRUE,page-sweep,optional
spell_reflecting_pool,Reflecting Pool,ALTERNATIVE_TO,rule_scrying,Scrying,a natural pool serves as a crystal ball,,UA,43,DRUID SPELLS (3RD LEVEL),TRUE,page-sweep,optional
exp_level,Caster Level,CONSTRAINS,spell_reflecting_pool,Pool Diameter,size scales with level,,UA,43,DRUID SPELLS (3RD LEVEL),TRUE,page-sweep,optional
rule_terrain,Natural Setting,GATES,spell_reflecting_pool,Reflecting Pool,requires a natural pool of water,,UA,43,DRUID SPELLS (3RD LEVEL),TRUE,page-sweep,optional
spell_casting_time,Casting Time,CONSTRAINS,spell_reflecting_pool,Reflecting Pool,hours of preparation required,,UA,43,DRUID SPELLS (3RD LEVEL),TRUE,page-sweep,optional
spell_moonbeam,Moonbeam,FEEDS_INTO,rule_light,Light,illuminates as moonlight,,UA,44,DRUID SPELLS (5TH LEVEL),TRUE,page-sweep,optional
spell_moonbeam,Moonbeam,CONSTRAINS,ex_light_vision,Colour Perception,only black grey and white are discernible,,UA,44,DRUID SPELLS (5TH LEVEL),TRUE,page-sweep,optional
spell_moonbeam,Moonbeam,EXCLUDED_FROM,race_infravision,Infravision,does not spoil heat sight,,UA,44,DRUID SPELLS (5TH LEVEL),TRUE,page-sweep,optional
spell_moonbeam,Moonbeam,MODIFIES,rule_ultravision,Ultravision,enhances it to full potential,,UA,44,DRUID SPELLS (5TH LEVEL),TRUE,page-sweep,optional
spell_moonbeam,Moonbeam,EXCLUDES,rule_concealment,Concealment,a creature centred in the beam is certainly observed,,UA,44,DRUID SPELLS (5TH LEVEL),TRUE,page-sweep,optional
spell_moonbeam,Moonbeam,CONSTRAINS,thief_hide_in_shadows,Hide in Shadows,the spell allows shadows but marks the target,,UA,44,DRUID SPELLS (5TH LEVEL),FALSE,page-sweep,optional
spell_cantrip,Tie,MODIFIES,sys_equipment,Cordage,knots rope and cable together,,UA,47,MAGIC-USER SPELLS (CANTRIPS),TRUE,page-sweep,optional
spell_cantrip,Warm,MODIFIES,rule_temperature,Temperature,raises a small area's temperature,,UA,47,MAGIC-USER SPELLS (CANTRIPS),TRUE,page-sweep,optional
spell_cantrip,Warm,CONSTRAINS,rule_temperature,Living Creatures,never exceeds normal body temperature,,UA,47,MAGIC-USER SPELLS (CANTRIPS),TRUE,page-sweep,optional
campaign_social_class,Social Standing,MODIFIES,hit_points,Starting Hit Points,cavaliers roll different dice by birth,,UA,13,CHARACTER CLASSES,TRUE,page-sweep,optional
exp_level,Paladin Level,GATES,rule_cleric_spells,Clerical Spell Ability,gained at upper levels,,UA,13,CHARACTER CLASSES,TRUE,page-sweep,optional
exp_level,Ranger Level,GATES,rule_druid_spells,Druidic Spell Ability,gained at upper levels,,UA,13,CHARACTER CLASSES,TRUE,page-sweep,optional
exp_level,Ranger Level,GATES,rule_magic_user_spells,Magic-User Spell Ability,gained at upper levels,,UA,13,CHARACTER CLASSES,TRUE,page-sweep,optional
class_ranger,Ranger,MODIFIES,hit_points,Hit Dice,begins with two dice then one per level,,UA,13,CHARACTER CLASSES,TRUE,page-sweep,optional
exp_level,Thief or Assassin Level,GATES,thief_read_scrolls,Scroll Use,upper level thieves and assassins gain it,,UA,13,CHARACTER CLASSES,TRUE,page-sweep,optional
exp_level,Grand Druid,GATES,class_druid,Hierophant,abdication opens the higher discipline,,UA,17,CHARACTER CLASSES (DRUID),TRUE,page-sweep,optional
class_druid,Abdication,CONSUMES,sys_experience,Experience Points,the character drops to a single point,,UA,17,CHARACTER CLASSES (DRUID),TRUE,page-sweep,optional
class_druid,Abdication,CONSUMES,rule_cleric_spells,Bonus Spell Levels,six bonus spell levels are surrendered,,UA,17,CHARACTER CLASSES (DRUID),TRUE,page-sweep,optional
rule_tutor,Successor,GATES,class_druid,Abdication,a replacement must be found first,,UA,17,CHARACTER CLASSES (DRUID),TRUE,page-sweep,optional
exp_level,Barbarian Level,FEEDS_INTO,rule_barbarian_horde,Barbarian Horde,horde size scales with experience points,,UA,21,CHARACTER CLASSES (BARBARIAN),TRUE,page-sweep,optional
rule_barbarian_horde,Barbarian Horde,CONSUMES,rule_time,Time,a week to gather,,UA,21,CHARACTER CLASSES (BARBARIAN),TRUE,page-sweep,optional
campaign_territory,Home Territory,GATES,rule_barbarian_horde,Barbarian Horde,gathered only in the homeland,,UA,21,CHARACTER CLASSES (BARBARIAN),TRUE,page-sweep,optional
rule_quest,Stated Purpose,GATES,rule_barbarian_horde,Barbarian Horde,the horde requires a declared aim,,UA,21,CHARACTER CLASSES (BARBARIAN),TRUE,page-sweep,optional
rule_quest,Deviation from Purpose,TRIGGERS,rule_barbarian_horde,Disbanding,the horde may break up,,UA,21,CHARACTER CLASSES (BARBARIAN),TRUE,page-sweep,optional
exp_level,Barbarian Level,CONSTRAINS,rule_barbarian_horde,Duration,weeks held equal the leader's levels,,UA,21,CHARACTER CLASSES (BARBARIAN),TRUE,page-sweep,optional
sys_treasure,Distributed Treasure,MODIFIES,rule_barbarian_horde,Duration,generous shares extend the term,,UA,21,CHARACTER CLASSES (BARBARIAN),TRUE,page-sweep,optional
class_thief_acrobat,Running Broad Jump,CONSTRAINS,ex_movement_rate,Run-Up,requires a minimum run,,UA,24,CHARACTER CLASSES (THIEF-ACROBAT),TRUE,page-sweep,optional
class_thief_acrobat,Extended Jump,TRIGGERS,rule_prone,Prone,extension lands the character prone,,UA,24,CHARACTER CLASSES (THIEF-ACROBAT),TRUE,page-sweep,optional
class_thief_acrobat,Extended Jump,TRIGGERS,rule_spell_failure,Failure Chance,greater extensions risk failure,,UA,24,CHARACTER CLASSES (THIEF-ACROBAT),TRUE,page-sweep,optional
class_thief_acrobat,Jumping,CONSUMES,time_segment_round_turn,Segments,recovery time scales with extension,,UA,24,CHARACTER CLASSES (THIEF-ACROBAT),TRUE,page-sweep,optional
class_thief_acrobat,Standing Jump,GATES,cbt_melee,Attack or Withdrawal,jumps may open or close melee range,,UA,24,CHARACTER CLASSES (THIEF-ACROBAT),TRUE,page-sweep,optional
exp_level,Cleric Level,GATES,rule_ceremony,Ceremony,each rite requires a minimum level,,UA,32,CLERIC SPELLS (1ST LEVEL),TRUE,page-sweep,optional
rule_ceremony,Ceremony,EXCLUDED_FROM,spell_detect_magic,Magical Aura,leaves no detectable magic,,UA,32,CLERIC SPELLS (1ST LEVEL),TRUE,page-sweep,optional
rule_ceremony,Ceremony,FEEDS_INTO,sys_alignment,Good or Evil Aura,some rites leave a detectable alignment aura,,UA,32,CLERIC SPELLS (1ST LEVEL),TRUE,page-sweep,optional
rule_deity,Religion,MODIFIES,rule_ceremony,Ceremony,rites vary between faiths,,UA,32,CLERIC SPELLS (1ST LEVEL),TRUE,page-sweep,optional
spell_remove_paralysis,Remove Paralysis,OVERRIDES,rule_immobile,Paralysis,frees affected creatures,,UA,37,CLERIC SPELLS (3RD LEVEL),TRUE,page-sweep,optional
spell_remove_paralysis,Remove Paralysis,OVERRIDES,spell_hold_person,Hold Spells,also frees held creatures,,UA,37,CLERIC SPELLS (3RD LEVEL),TRUE,page-sweep,optional
rule_barrier,Physical or Magical Barrier,EXCLUDES,spell_remove_paralysis,Remove Paralysis,any barrier wastes the spell,,UA,37,CLERIC SPELLS (3RD LEVEL),TRUE,page-sweep,optional
spell_remove_paralysis,Remove Paralysis,TRIGGERS,save_matrix,New Saving Throw,each target gains a fresh save,,UA,37,CLERIC SPELLS (3RD LEVEL),TRUE,page-sweep,optional
spell_remove_paralysis,Number of Targets,MODIFIES,save_matrix,Saving Throw Bonus,fewer targets receive a larger bonus,,UA,37,CLERIC SPELLS (3RD LEVEL),TRUE,page-sweep,optional
spell_sunray,Sunray,TRIGGERS,ex_light_vision,Blindness,blinds creatures in the area,,UA,45,DRUID SPELLS (7TH LEVEL),TRUE,page-sweep,optional
rule_ultravision,Ultravision,MODIFIES,spell_sunray,Blindness Duration,ultravision users are blinded longer,,UA,45,DRUID SPELLS (7TH LEVEL),TRUE,page-sweep,optional
monster_special,Light-Sensitive Creatures,MODIFIES,spell_sunray,Blindness,permanent blindness unless saved,,UA,45,DRUID SPELLS (7TH LEVEL),TRUE,page-sweep,optional
spell_sunray,Sunray,EXCLUDES,race_infravision,Infravision,suppressed for rounds inside and near the area,,UA,45,DRUID SPELLS (7TH LEVEL),TRUE,page-sweep,optional
spell_sunray,Sunray,TRIGGERS,monster_undead,Undead,acts as true sunlight against them,,UA,45,DRUID SPELLS (7TH LEVEL),TRUE,page-sweep,optional
spell_cantrip,Exterminate,TRIGGERS,death_character,Pest Death,kills a small creature outright,,UA,46,MAGIC-USER SPELLS (CANTRIPS),TRUE,page-sweep,optional
spell_cantrip,Exterminate,EXCLUDED_FROM,spell_polymorph_other,Polymorphed Creatures,has no effect on enchanted beings,,UA,46,MAGIC-USER SPELLS (CANTRIPS),TRUE,page-sweep,optional
spell_cantrip,Exterminate,GATES,monster_special,Magical Creations,effective against magical vermin,,UA,46,MAGIC-USER SPELLS (CANTRIPS),TRUE,page-sweep,optional
spell_cantrip,Present,GATES,rule_declared_action,Item Retrieval,calls a small object to the hand,,UA,49,MAGIC-USER SPELLS (CANTRIPS),TRUE,page-sweep,optional
rule_player_knowledge,Exact Knowledge,GATES,spell_cantrip,Present,the caster must know the object and its location,,UA,49,MAGIC-USER SPELLS (CANTRIPS),TRUE,page-sweep,optional
spell_cantrip,Present,TRIGGERS,save_spell,Saving Throw vs Spell,taking from a person allows a save,,UA,49,MAGIC-USER SPELLS (CANTRIPS),TRUE,page-sweep,optional
tbl_height_weight,Object Size,CONSTRAINS,spell_cantrip,Present,larger objects exhaust the cantrip,,UA,49,MAGIC-USER SPELLS (CANTRIPS),TRUE,page-sweep,optional
spell_cantrip,Haunting-Sound Cantrips,TRIGGERS,rule_noise,Noise,creaks footfalls moans and whistles,,UA,51,MAGIC-USER SPELLS (1ST LEVEL),TRUE,page-sweep,optional
spell_cantrip,Footfall,ALTERNATIVE_TO,thief_move_silently,Silent Movement,fakes an approach or a follower,,UA,51,MAGIC-USER SPELLS (1ST LEVEL),FALSE,page-sweep,optional
spell_cantrip,Haunting-Sound Cantrips,MODIFIES,cbt_encounter_reactions,Reactions,noises may mislead or unnerve,,UA,51,MAGIC-USER SPELLS (1ST LEVEL),FALSE,page-sweep,optional
spell_magic_armor,Magic Armor,MODIFIES,cbt_armor_class,Armor Class,acts as leather armor,,UA,52,MAGIC-USER SPELLS (1ST LEVEL),TRUE,page-sweep,optional
sys_armor,Existing Armor,EXCLUDES,spell_magic_armor,Magic Armor,no effect on an already armored person,,UA,52,MAGIC-USER SPELLS (1ST LEVEL),TRUE,page-sweep,optional
monster_special,Natural Armor Class,MODIFIES,spell_magic_armor,Magic Armor,improves a naturally good AC by one step,,UA,52,MAGIC-USER SPELLS (1ST LEVEL),TRUE,page-sweep,optional
spell_magic_armor,Magic Armor,EXCLUDED_FROM,enc_encumbrance,Encumbrance,adds no weight and does not hinder movement,,UA,52,MAGIC-USER SPELLS (1ST LEVEL),TRUE,page-sweep,optional
spell_magic_armor,Magic Armor,EXCLUDED_FROM,rule_spell_casting,Casting Restriction,does not prevent spell casting,,UA,52,MAGIC-USER SPELLS (1ST LEVEL),TRUE,page-sweep,optional
cbt_damage,Cumulative Damage,TRIGGERS,spell_magic_armor,Spell Collapse,the field fails past a damage threshold,,UA,52,MAGIC-USER SPELLS (1ST LEVEL),TRUE,page-sweep,optional
exp_level,Caster Level,MODIFIES,spell_magic_armor,Damage Threshold,capacity scales with level,,UA,52,MAGIC-USER SPELLS (1ST LEVEL),TRUE,page-sweep,optional
spell_whip,Whip,TRIGGERS,save_spell,Saving Throw vs Spell,animals must resist the crack,,UA,55,MAGIC-USER SPELLS (3RD LEVEL),TRUE,page-sweep,optional
spell_whip,Whip,MODIFIES,cbt_encounter_reactions,Animal Reaction,keeps normal animals at bay,,UA,55,MAGIC-USER SPELLS (3RD LEVEL),TRUE,page-sweep,optional
spell_whip,Struck Animal,TRIGGERS,cbt_flee,Flight,driven off for an hour,,UA,55,MAGIC-USER SPELLS (3RD LEVEL),TRUE,page-sweep,optional
spell_whip,Whip,RESOLVED_BY,cbt_tohit,To-Hit Roll,a normal attack roll is required to strike,,UA,55,MAGIC-USER SPELLS (3RD LEVEL),TRUE,page-sweep,optional
spell_sicken,Sicken,MODIFIES,sys_ability_scores,All Abilities,halves every ability score,,UA,61,MAGIC-USER SPELLS (7TH LEVEL),TRUE,page-sweep,optional
spell_sicken,Sicken,MODIFIES,ex_movement_rate,Movement Rate,halved and requiring rest,,UA,61,MAGIC-USER SPELLS (7TH LEVEL),TRUE,page-sweep,optional
spell_sicken,Sicken,CONSUMES,abil_constitution,Constitution,one point lost per day,,UA,61,MAGIC-USER SPELLS (7TH LEVEL),TRUE,page-sweep,optional
abil_constitution,Constitution Zero,TRIGGERS,death_character,Death,the victim dies when it reaches zero,,UA,61,MAGIC-USER SPELLS (7TH LEVEL),TRUE,page-sweep,optional
spell_dispel_magic,Dispel Magic,OVERRIDES,spell_sicken,Sicken,negates the effect,,UA,61,MAGIC-USER SPELLS (7TH LEVEL),TRUE,page-sweep,optional
monster_special,Creatures Without Ability Scores,EXCLUDED_FROM,spell_sicken,Sicken,unaffected,,UA,61,MAGIC-USER SPELLS (7TH LEVEL),TRUE,page-sweep,optional
spell_truename,Truename,GATES,rule_information,True Name,power over any named living thing,,UA,63,MAGIC-USER SPELLS (8TH LEVEL),TRUE,page-sweep,optional
hench_sage,Sagecraft,GATES,spell_truename,Truename,true names are discovered by research,,UA,63,MAGIC-USER SPELLS (8TH LEVEL),TRUE,page-sweep,optional
spell_legend_lore,Legend Lore,GATES,spell_truename,Truename,extensive use required to learn a name,,UA,63,MAGIC-USER SPELLS (8TH LEVEL),TRUE,page-sweep,optional
monster_hd,Subject Hit Dice,CONSUMES,money_gp,Special Inks,cost scales per hit die of the target,,UA,63,MAGIC-USER SPELLS (8TH LEVEL),TRUE,page-sweep,optional
spell_crystalbrittle,Crystalbrittle,TRIGGERS,rule_item_destruction,Shattering,metal becomes fragile as glass,,UA,65,MAGIC-USER SPELLS (9TH LEVEL),TRUE,page-sweep,optional
spell_crystalbrittle,Crystalbrittle,MODIFIES,sys_armor,Metal Armor,armor becomes easily shattered,,UA,65,MAGIC-USER SPELLS (9TH LEVEL),TRUE,page-sweep,optional
spell_crystalbrittle,Crystalbrittle,MODIFIES,monster_special,Metal Creatures,even an iron golem may be affected,,UA,65,MAGIC-USER SPELLS (9TH LEVEL),TRUE,page-sweep,optional
spell_dispel_magic,Dispel Magic,EXCLUDED_FROM,spell_crystalbrittle,Crystalbrittle,cannot reverse the change,,UA,65,MAGIC-USER SPELLS (9TH LEVEL),TRUE,page-sweep,optional
spell_wish,Wish,OVERRIDES,spell_crystalbrittle,Crystalbrittle,the only means of restoration,,UA,65,MAGIC-USER SPELLS (9TH LEVEL),TRUE,page-sweep,optional
cbt_tohit,To-Hit Roll,GATES,spell_crystalbrittle,Crystalbrittle,touching a worn item requires a hit,,UA,65,MAGIC-USER SPELLS (9TH LEVEL),TRUE,page-sweep,optional
spell_mirage_arcane,Mirage Arcane,TRIGGERS,rule_illusion,Illusion,makes an area appear otherwise,,UA,71,ILLUSIONIST SPELLS (7TH LEVEL),TRUE,page-sweep,optional
exp_level,Caster Level,MODIFIES,spell_mirage_arcane,Duration and Radius,both scale with level,,UA,71,ILLUSIONIST SPELLS (7TH LEVEL),TRUE,page-sweep,optional
rule_declared_action,Faint Concentration,CONSTRAINS,spell_mirage_arcane,Mirage Arcane,sustained while the caster concentrates,,UA,71,ILLUSIONIST SPELLS (7TH LEVEL),TRUE,page-sweep,optional
abil_intelligence,Intelligence,FEEDS_INTO,spell_cantrip,Useful Cantrips,one useful cantrip per point,,UA,79,ACQUISITION OF CANTRIPS,TRUE,page-sweep,optional
spell_cantrip,Useful Cantrips,OVERRIDES,rule_chance_know_spell,Random Determination,freely chosen rather than rolled,,UA,79,ACQUISITION OF CANTRIPS,TRUE,page-sweep,optional
spell_cantrip,Other Cantrip Categories,RESOLVED_BY,rule_chance_know_spell,Random Determination,numbers rolled per category,,UA,79,ACQUISITION OF CANTRIPS,TRUE,page-sweep,optional
rule_apprenticeship,Apprenticeship,FEEDS_INTO,spell_cantrip,Cantrips,cantrips are learned during training,,UA,79,ACQUISITION OF CANTRIPS,TRUE,page-sweep,optional
rule_dm_discretion,DM Review,GATES,spell_cantrip,New Cantrips,the referee must approve invented cantrips,,UA,79,ACQUISITION OF CANTRIPS,TRUE,page-sweep,optional
item_girdle_femininity,Girdle of Femininity/Masculinity,DERIVED_FROM,cursed_item,Cursed Item,awards no experience,,UA,87,TREASURE (RANDOM DETERMINATION),TRUE,page-sweep,optional
item_girdle_femininity,Girdle of Femininity/Masculinity,TRIGGERS,rule_sex,Sex Change,alters the wearer's sex,,UA,87,TREASURE (RANDOM DETERMINATION),TRUE,page-sweep,optional
item_periapt_health,Periapt of Health,OVERRIDES,rule_disease,Disease,wards the wearer,,UA,87,TREASURE (RANDOM DETERMINATION),TRUE,page-sweep,optional
item_periapt_poison,Periapt of Proof Against Poison,OVERRIDES,save_poison,Poison,wards the wearer,,UA,87,TREASURE (RANDOM DETERMINATION),TRUE,page-sweep,optional
item_periapt_wound,Periapt of Wound Closure,MODIFIES,hit_points,Hit Points,speeds recovery,,UA,87,TREASURE (RANDOM DETERMINATION),TRUE,page-sweep,optional
class_cleric,Cleric,GATES,item_phylactery_faithfulness,Phylactery of Faithfulness,class-restricted item,,UA,87,TREASURE (RANDOM DETERMINATION),TRUE,page-sweep,optional
item_magic_weapon,Sword vs Lycanthropes,MODIFIES,rule_lycanthropy,Lycanthropes,extra bonus against were-creatures,,UA,89,III.G. SWORDS,TRUE,page-sweep,optional
item_magic_weapon,Sword vs Regenerating Creatures,MODIFIES,monster_special,Regeneration,extra bonus against regenerators,,UA,89,III.G. SWORDS,TRUE,page-sweep,optional
item_magic_weapon,Flame Tongue,MODIFIES,monster_undead,Undead,graduated bonuses by creature type,,UA,89,III.G. SWORDS,TRUE,page-sweep,optional
item_magic_weapon,Sword of the Planes,GATES,rule_planar_travel,Planar Travel,functions across the planes,,UA,89,III.G. SWORDS,TRUE,page-sweep,optional
monster_special,Target Creature Type,FEEDS_INTO,item_magic_weapon,Situational Bonus,swords vary their plus by opponent,,UA,89,III.G. SWORDS,TRUE,page-sweep,optional
item_zagygs_flagon,Zagyg's Flowing Flagon,GATES,rule_provisions,Drink,refills with progressively better liquor,,UA,104,TREASURE (MISCELLANEOUS MAGIC),TRUE,page-sweep,optional
item_command_word,Magical Toast,GATES,item_zagygs_flagon,Zagyg's Flowing Flagon,a changing phrase activates it,,UA,104,TREASURE (MISCELLANEOUS MAGIC),TRUE,page-sweep,optional
rule_player_character,Ownership,GATES,item_zagygs_flagon,Magical Writing,only the owner can read the toast,,UA,104,TREASURE (MISCELLANEOUS MAGIC),TRUE,page-sweep,optional
rule_alcohol,Strong Drink,TRIGGERS,item_zagygs_flagon,Intoxication,later fillings become potent,,UA,104,TREASURE (MISCELLANEOUS MAGIC),FALSE,page-sweep,optional
race_dwarf,Dwarf,GATES,rule_deity,Dwarven Gods,dwarven clerics petition their own gods,,UA,110,APPENDIX S: NON-HUMAN DEITIES,TRUE,page-sweep,optional
rule_deity,Dwarven Gods,FEEDS_INTO,sys_alignment,Alignment,each deity holds a defined alignment,,UA,111,APPENDIX S: NON-HUMAN DEITIES,TRUE,page-sweep,optional
rule_deity,Deity Followers,MODIFIES,cbt_encounter_reactions,Reputation,some deities' followers are distrusted,,UA,111,APPENDIX S: NON-HUMAN DEITIES,TRUE,page-sweep,optional
rule_deity,Non-Human Deity,DERIVED_FROM,monster_hd,Stat Block,deities carry armor class hit points and attacks,,UA,113,APPENDIX S: NON-HUMAN DEITIES,TRUE,page-sweep,optional
rule_deity,Non-Human Deity,FEEDS_INTO,magic_resistance,Magic Resistance,each deity has a resistance rating,,UA,114,APPENDIX S: NON-HUMAN DEITIES,TRUE,page-sweep,optional
rule_deity,Non-Human Deity,GATES,item_magic_weapon,Weapon Threshold,most require enchanted weapons to strike,,UA,118,APPENDIX S: NON-HUMAN DEITIES,TRUE,page-sweep,optional
rule_deity,Extraordinary Service,TRIGGERS,item_magic_item,Divine Boon,exceptional worshipers may receive a gift,,UA,114,APPENDIX S: NON-HUMAN DEITIES,TRUE,page-sweep,optional
rule_deity,Divine Boon,CONSTRAINS,rule_player_character,Lifetime Limit,such a gift comes only once,,UA,114,APPENDIX S: NON-HUMAN DEITIES,TRUE,page-sweep,optional
sys_classes,Character Class,FEEDS_INTO,rule_deity,Worshiper Base,each deity draws particular classes,,UA,116,APPENDIX S: NON-HUMAN DEITIES,TRUE,page-sweep,optional
rule_deity,Deity Strictures,CONSTRAINS,thief_skills,Thieving,some deities forbid theft for gain,,UA,116,APPENDIX S: NON-HUMAN DEITIES,TRUE,page-sweep,optional
rule_deity,Deity Strictures,CONSTRAINS,sys_alignment,Worshiper Conduct,each god sets behavioural limits,,UA,116,APPENDIX S: NON-HUMAN DEITIES,TRUE,page-sweep,optional
race_halfling,Halfling Pantheon,EXCLUDES,sys_alignment,Evil Deities,halflings have no evil gods,,UA,115,APPENDIX S: NON-HUMAN DEITIES,TRUE,page-sweep,optional
race_gnome,Gnomish Pantheon,GATES,rule_deity,Urdlen,a single evil god opposed to the rest,,UA,117,THE GODS OF THE GNOMES,TRUE,page-sweep,optional
rule_deity,Urdlen,TRIGGERS,cbt_melee,Divine Conflict,at war with the other gnomish deities,,UA,118,APPENDIX S: NON-HUMAN DEITIES,TRUE,page-sweep,optional
class_assassin,Assassins and Evil Thieves,FEEDS_INTO,rule_deity,Urdlen,the evil god's worshiper base,,UA,118,APPENDIX S: NON-HUMAN DEITIES,TRUE,page-sweep,optional
rule_planar_travel,Outer Planes,GATES,rule_deity,Divine Residence,each pantheon dwells on a specific plane,,UA,117,THE GODS OF THE GNOMES,TRUE,page-sweep,optional
rule_deity,Racial Pantheon,MODIFIES,race,Racial Character,pantheons reflect the race's nature,,UA,115,APPENDIX S: NON-HUMAN DEITIES,TRUE,page-sweep,optional
rule_deity,Luthic,MODIFIES,hit_points,Regeneration,regenerates while touching the ground,,UA,121,APPENDIX S: NON-HUMAN DEITIES,TRUE,page-sweep,optional
rule_deity,Luthic,TRIGGERS,rule_disease,Disease Susceptibility,may curse a blasphemer with fatal vulnerability,,UA,121,APPENDIX S: NON-HUMAN DEITIES,TRUE,page-sweep,optional
rule_disease,Disease Susceptibility,TRIGGERS,death_character,Death,the next minor ailment proves fatal,,UA,121,APPENDIX S: NON-HUMAN DEITIES,TRUE,page-sweep,optional
rule_polearm,Spear Family,DERIVED_FROM,rule_polearm,Pole Arms,spear pike spetum ranseur and partisan,,UA,125,APPENDIX T: POLE ARMS,TRUE,page-sweep,optional
rule_polearm,Guisarme,EXCLUDES,cbt_melee,Thrusting,no spear point for thrusting attacks,,UA,127,APPENDIX T: POLE ARMS,TRUE,page-sweep,optional
rule_polearm,Combined Forms,ALTERNATIVE_TO,rule_polearm,Single-Purpose Pole Arms,hybrids add a second capability,,UA,128,APPENDIX T: POLE ARMS,TRUE,page-sweep,optional
rule_polearm,Pole Arm Nomenclature,FEEDS_INTO,wpn_stats,Weapon Identification,resolves naming confusion across sources,,UA,123,APPENDIX T: POLE ARMS,TRUE,page-sweep,optional
rule_deity,Divine Feuds,FEEDS_INTO,tbl_racial_preferences,Racial Preferences,god-level enmity explains racial hatred,,UA,119,APPENDIX S: NON-HUMAN DEITIES,TRUE,page-sweep,optional
rule_deity,Orcish Deity,MODIFIES,cbt_morale,Worshiper Morale,divine mandate sustains orcish aggression,,UA,122,APPENDIX S: NON-HUMAN DEITIES,FALSE,page-sweep,optional
rule_polearm,Peasant Weapon Origin,FEEDS_INTO,rule_polearm,Pole Arms,agricultural tools became weapons,,UA,126,APPENDIX T: POLE ARMS,TRUE,page-sweep,optional
rule_dm_discretion,Official and Final,GATES,rule_genre_conversion,Dragon Magazine Material,UA makes prior magazine rules canonical,,UA,4,Introductions,TRUE,page-sweep,optional
spell_penetrate_disguise,Penetrate Disguise,OVERRIDES,rule_disguise,Disguise,sees through non-magical disguise,,UA,33,CLERIC SPELLS (1ST LEVEL),TRUE,spell-scan,optional
spell_penetrate_disguise,Penetrate Disguise,EXCLUDES,rule_illusion,Illusion,cannot reveal an illusion,,UA,33,CLERIC SPELLS (1ST LEVEL),TRUE,spell-scan,optional
spell_penetrate_disguise,Penetrate Disguise,EXCLUDES,campaign_social_class,Rank and Status,does not detect actual station,,UA,33,CLERIC SPELLS (1ST LEVEL),TRUE,spell-scan,optional
spell_penetrate_disguise,Penetrate Disguise,FEEDS_INTO,spell_friends,Friends Spell,detects a figure under that dweomer,,UA,33,CLERIC SPELLS (1ST LEVEL),TRUE,spell-scan,optional
spell_negative_plane_protection,Negative Plane Protection,MODIFIES,exp_level_loss,Energy Drain,partial protection from draining undead,,UA,36,CLERIC SPELLS (3RD LEVEL),TRUE,spell-scan,optional
spell_negative_plane_protection,Negative Plane Protection,TRIGGERS,save_matrix,Saving Throw vs Death Magic,grants a save on being touched,,UA,36,CLERIC SPELLS (3RD LEVEL),TRUE,spell-scan,optional
rule_planar_travel,Positive Material Plane,FEEDS_INTO,spell_negative_plane_protection,Negative Plane Protection,the channel offsets the attack,,UA,36,CLERIC SPELLS (3RD LEVEL),TRUE,spell-scan,optional
monster_undead,Negative Plane Undead,GATES,spell_negative_plane_protection,Negative Plane Protection,only such undead are warded,,UA,36,CLERIC SPELLS (3RD LEVEL),TRUE,spell-scan,optional
spell_imbue_spell_ability,Imbue With Spell Ability,GATES,rule_spell_casting,Spell Casting,bestows casting on a non-caster,,UA,38,CLERIC SPELLS (4TH LEVEL),TRUE,spell-scan,optional
sys_classes,Character Class,CONSTRAINS,spell_imbue_spell_ability,Imbue With Spell Ability,only certain classes may receive it,,UA,38,CLERIC SPELLS (4TH LEVEL),TRUE,spell-scan,optional
exp_level,Ranger and Paladin Level,EXCLUDES,spell_imbue_spell_ability,Imbue With Spell Ability,upper level rangers and paladins are barred,,UA,38,CLERIC SPELLS (4TH LEVEL),TRUE,spell-scan,optional
monster_hd,Hit Dice,CONSTRAINS,spell_imbue_spell_ability,Imbue With Spell Ability,recipient needs a full hit die,,UA,38,CLERIC SPELLS (4TH LEVEL),TRUE,spell-scan,optional
spell_imbue_spell_ability,Imbue With Spell Ability,CONSUMES,rule_spell_memorization,Cleric's Own Spells,the cleric surrenders the imbued spell,,UA,38,CLERIC SPELLS (4TH LEVEL),TRUE,spell-scan,optional
spell_heroes_feast,Heroes' Feast,OVERRIDES,rule_disease,Disease,cures all diseases,,UA,40,CLERIC SPELLS (6TH LEVEL),TRUE,spell-scan,optional
spell_heroes_feast,Heroes' Feast,EXCLUDES,save_poison,Poison,immunity for hours,,UA,40,CLERIC SPELLS (6TH LEVEL),TRUE,spell-scan,optional
spell_heroes_feast,Heroes' Feast,MODIFIES,hit_points,Hit Points,heals damage,,UA,40,CLERIC SPELLS (6TH LEVEL),TRUE,spell-scan,optional
spell_heroes_feast,Heroes' Feast,TRIGGERS,spell_bless,Bless,the food acts as a bless spell,,UA,40,CLERIC SPELLS (6TH LEVEL),TRUE,spell-scan,optional
spell_heroes_feast,Heroes' Feast,EXCLUDES,rule_fear,Fear,immunity conferred,,UA,40,CLERIC SPELLS (6TH LEVEL),TRUE,spell-scan,optional
exp_level,Caster Level,CONSTRAINS,spell_heroes_feast,Heroes' Feast,one guest per level,,UA,40,CLERIC SPELLS (6TH LEVEL),TRUE,spell-scan,optional
spell_invisibility_undead,Invisibility to Undead,EXCLUDES,monster_undead,Undead Perception,undead cannot see the protected,,UA,33,CLERIC SPELLS (1ST LEVEL),TRUE,spell-scan,optional
spell_combine,Combine,MODIFIES,turn_undead,Turning Undead,assisting clerics raise the effective level,,UA,32,CLERIC SPELLS (1ST LEVEL),TRUE,spell-scan,optional
spell_combine,Combine,MODIFIES,cbt_armor_class,Armor Class,the circle worsens the principal's protection,,UA,32,CLERIC SPELLS (1ST LEVEL),TRUE,spell-scan,optional
spell_detect_life,Detect Life,ALTERNATIVE_TO,sys_psionics,Psionic Detection,a non-psionic route to sensing life,,UA,34,CLERIC SPELLS (2ND LEVEL),TRUE,spell-scan,optional
spell_meld_into_stone,Meld Into Stone,ALTERNATIVE_TO,save_petrify,Petrification,voluntary entry into stone,,UA,36,CLERIC SPELLS (3RD LEVEL),TRUE,spell-scan,optional
spell_abjure,Abjure,TRIGGERS,rule_planar_travel,Banishment,forces a creature back to its own plane,,UA,37,CLERIC SPELLS (4TH LEVEL),TRUE,spell-scan,optional
spell_cloak_of_fear,Cloak of Fear,TRIGGERS,rule_fear,Fear,those nearby must flee,,UA,37,CLERIC SPELLS (4TH LEVEL),TRUE,spell-scan,optional
monster_undead,Undead,EXCLUDED_FROM,spell_cloak_of_fear,Cloak of Fear,unaffected by the aura,,UA,37,CLERIC SPELLS (4TH LEVEL),TRUE,spell-scan,optional
spell_spike_growth,Spike Growth,TRIGGERS,tbl_traps,Area Trap,turns ground into a hazard,,UA,38,CLERIC SPELLS (4TH LEVEL),TRUE,spell-scan,optional
spell_spike_growth,Spike Growth,MODIFIES,ex_movement_rate,Movement,slows those crossing it,,UA,38,CLERIC SPELLS (4TH LEVEL),TRUE,spell-scan,optional
spell_spike_stones,Spike Stones,TRIGGERS,ex_falling,Falling,victims may be tripped,,UA,40,CLERIC SPELLS (5TH LEVEL),TRUE,spell-scan,optional
spell_detect_balance,Detect Balance,FEEDS_INTO,sys_alignment,Alignment,detects the neutral axis specifically,,UA,42,DRUID SPELLS (1ST LEVEL),TRUE,spell-scan,optional
spell_slow_poison,Slow Poison,MODIFIES,save_poison,Poison,delays the effect,,UA,43,DRUID SPELLS (2ND LEVEL),TRUE,spell-scan,optional
spell_starshine,Starshine,MODIFIES,race_infravision,Infravision,soft light interacts with heat sight,,UA,43,DRUID SPELLS (3RD LEVEL),TRUE,spell-scan,optional
spell_liveoak,Liveoak,TRIGGERS,gen_random_encounter,Animated Tree,creates a guardian creature,,UA,44,DRUID SPELLS (5TH LEVEL),TRUE,spell-scan,optional
spell_transmute_water_dust,Transmute Water To Dust,MODIFIES,rule_waterborne_travel,Waterborne Travel,destroys water in an area,,UA,44,DRUID SPELLS (6TH LEVEL),TRUE,spell-scan,optional
spell_flame_blade,Flame Blade,MODIFIES,monster_undead,Undead,extra damage against them,,UA,42,DRUID SPELLS (2ND LEVEL),TRUE,spell-scan,optional
spell_alarm,Alarm,TRIGGERS,cbt_surprise,Surprise,warns of intrusion,,UA,51,MAGIC-USER SPELLS (1ST LEVEL),TRUE,spell-scan,optional
spell_grease,Grease,TRIGGERS,rule_prone,Prone,those crossing may fall,,UA,52,MAGIC-USER SPELLS (1ST LEVEL),TRUE,spell-scan,optional
spell_magic_stone,Magic Stone,MODIFIES,magic_resistance,Magic Resistance,enchanted missiles versus resistant creatures,,UA,33,CLERIC SPELLS (1ST LEVEL),TRUE,spell-scan,optional
spell_dust_devil,Dust Devil,TRIGGERS,gen_random_encounter,Summoned Creature,creates a minor air elemental,,UA,34,CLERIC SPELLS (2ND LEVEL),TRUE,spell-scan,optional
rule_ceremony,Ceremony,TRIGGERS,rule_aging,Coming of Age,rites are tied to life stages,,UA,32,CLERIC SPELLS (1ST LEVEL),TRUE,spell-scan,optional
rule_ceremony,Consecrate Ground,EXCLUDES,monster_undead,Undead,wards an area against them,,UA,32,CLERIC SPELLS (1ST LEVEL),TRUE,spell-scan,optional
rule_ceremony,Anathematize,TRIGGERS,rule_fear,Dread,the excommunicated inspire dread,,UA,32,CLERIC SPELLS (1ST LEVEL),FALSE,spell-scan,optional
spell_imbue_spell_ability,Imbue With Spell Ability,GATES,thief_skills,Thieves,thieves are among the eligible classes,,UA,38,CLERIC SPELLS (4TH LEVEL),TRUE,spell-scan,optional
rule_ceremony,Druidic Ceremony,MODIFIES,sys_alignment,Standing,rites confer or remove standing,,UA,41,DRUID SPELLS,TRUE,spell-scan,optional
spell_detect_poison,Detect Poison,FEEDS_INTO,save_poison,Poison,identifies toxic substances,,UA,42,DRUID SPELLS (1ST LEVEL),TRUE,spell-scan,optional
spell_detect_poison,Detect Poison,CONSTRAINS,rule_information,Poison Type,reveals presence but not the specific venom,,UA,42,DRUID SPELLS (1ST LEVEL),TRUE,spell-scan,optional
spell_cantrip,Flavor,ALTERNATIVE_TO,save_poison,Taste Masking,may disguise a taste,,UA,46,MAGIC-USER SPELLS (CANTRIPS),FALSE,spell-scan,optional
spell_cantrip,Shine,MODIFIES,rule_disguise,Appearance,polishes and brightens an object,,UA,46,MAGIC-USER SPELLS (CANTRIPS),TRUE,spell-scan,optional
spell_cantrip,Mute,MODIFIES,rule_noise,Sound,silences a small source,,UA,48,MAGIC-USER SPELLS (CANTRIPS),TRUE,spell-scan,optional
spell_melfs_acid_arrow,Melf's Acid Arrow,TRIGGERS,rule_item_destruction,Corrosion,acid damages equipment,,UA,54,MAGIC-USER SPELLS (2ND LEVEL),TRUE,spell-scan,optional
exp_level,Caster Level,MODIFIES,spell_melfs_acid_arrow,Acid Duration,rounds of acid scale with level,,UA,54,MAGIC-USER SPELLS (2ND LEVEL),TRUE,spell-scan,optional
spell_sepia_snake_sigil,Sepia Snake Sigil,TRIGGERS,rule_immobile,Suspended Animation,the victim is held motionless,,UA,56,MAGIC-USER SPELLS (3RD LEVEL),TRUE,spell-scan,optional
spell_sepia_snake_sigil,Suspended Animation,EXCLUDES,rule_aging,Aging,the trapped creature does not age,,UA,56,MAGIC-USER SPELLS (3RD LEVEL),TRUE,spell-scan,optional
exp_level,Caster Level,FEEDS_INTO,spell_sepia_snake_sigil,Snake Hit Dice,the conjured force matches caster level,,UA,56,MAGIC-USER SPELLS (3RD LEVEL),TRUE,spell-scan,optional
spell_sepia_snake_sigil,Sepia Snake,EXCLUDES,rule_player_character,The Caster,will not attack its own summoner,,UA,56,MAGIC-USER SPELLS (3RD LEVEL),TRUE,spell-scan,optional
spell_wind_wall,Wind Wall,EXCLUDES,cbt_missile,Light Missiles,arrows and bolts are deflected,,UA,56,MAGIC-USER SPELLS (3RD LEVEL),TRUE,spell-scan,optional
spell_magic_mirror,Magic Mirror,ALTERNATIVE_TO,rule_scrying,Scrying,turns a mirror into a crystal ball,,UA,57,MAGIC-USER SPELLS (4TH LEVEL),TRUE,spell-scan,optional
spell_dismissal,Dismissal,TRIGGERS,rule_planar_travel,Forced Return,sends an extraplanar creature home,,UA,58,MAGIC-USER SPELLS (5TH LEVEL),TRUE,spell-scan,optional
rule_information,True Name,GATES,spell_dismissal,Dismissal,the creature's name must be known and spoken,,UA,58,MAGIC-USER SPELLS (5TH LEVEL),TRUE,spell-scan,optional
magic_resistance,Magic Resistance,MODIFIES,spell_dismissal,Dismissal,resistance applies against the attempt,,UA,58,MAGIC-USER SPELLS (5TH LEVEL),TRUE,spell-scan,optional
spell_dismissal,Dismissal,ALTERNATIVE_TO,spell_abjure,Abjure,the arcane counterpart of the clerical spell,,UA,58,MAGIC-USER SPELLS (5TH LEVEL),TRUE,spell-scan,optional
spell_dolor,Dolor,TRIGGERS,rule_planar_travel,Extraplanar Compulsion,forces compliance from a foreign creature,,UA,58,MAGIC-USER SPELLS (5TH LEVEL),TRUE,spell-scan,optional
sys_alignment,Opposed Alignment,GATES,spell_dolor,Dolor,targets must be oppositely aligned or hostile,,UA,58,MAGIC-USER SPELLS (5TH LEVEL),TRUE,spell-scan,optional
spell_dolor,Dolor,TRIGGERS,rule_fear,Unease and Doubt,escalating dread over three rounds,,UA,58,MAGIC-USER SPELLS (5TH LEVEL),TRUE,spell-scan,optional
spell_leomunds_belabourment,Leomund's Lamentable Belabourment,TRIGGERS,ex_falling,Wandering into Hazards,distracted victims may stumble,,UA,59,MAGIC-USER SPELLS (6TH LEVEL),FALSE,spell-scan,optional
spell_sending,Sending,GATES,rule_planar_travel,Cross-Planar Message,contact across the planes,,UA,59,MAGIC-USER SPELLS (5TH LEVEL),TRUE,spell-scan,optional
spell_eyebite,Eyebite,ALTERNATIVE_TO,spell_charm_person,Charm,one of four selectable effects,,UA,60,MAGIC-USER SPELLS (6TH LEVEL),TRUE,spell-scan,optional
spell_eyebite,Eyebite,TRIGGERS,rule_fear,Fear,one of four selectable effects,,UA,60,MAGIC-USER SPELLS (6TH LEVEL),TRUE,spell-scan,optional
spell_eyebite,Eyebite,TRIGGERS,rule_disease,Sickness,one of four selectable effects,,UA,60,MAGIC-USER SPELLS (6TH LEVEL),TRUE,spell-scan,optional
spell_eyebite,Eyebite,CONSTRAINS,spell_eyebite,Eyebite,using one effect dissipates the whole spell,,UA,60,MAGIC-USER SPELLS (6TH LEVEL),TRUE,spell-scan,optional
spell_banishment,Banishment,TRIGGERS,rule_planar_travel,Forced Return,drives extraplanar creatures home permanently,,UA,61,MAGIC-USER SPELLS (7TH LEVEL),TRUE,spell-scan,optional
spell_banishment,Banishment,CONSTRAINS,rule_planar_travel,Return,the banished need special means to come back,,UA,61,MAGIC-USER SPELLS (7TH LEVEL),TRUE,spell-scan,optional
exp_level,Caster Level,MODIFIES,spell_banishment,Area of Effect,hit dice affected scale with level,,UA,61,MAGIC-USER SPELLS (7TH LEVEL),TRUE,spell-scan,optional
magic_resistance,Magic Resistance,MODIFIES,spell_banishment,Banishment,resistance applies,,UA,61,MAGIC-USER SPELLS (7TH LEVEL),TRUE,spell-scan,optional
spell_forcecage,Forcecage,EXCLUDES,ex_movement_rate,Escape,the barred cage confines utterly,,UA,61,MAGIC-USER SPELLS (7TH LEVEL),TRUE,spell-scan,optional
magic_resistance,Magic Resistance,EXCLUDED_FROM,spell_forcecage,Forcecage,resistance does not avail against it,,UA,61,MAGIC-USER SPELLS (7TH LEVEL),TRUE,spell-scan,optional
spell_sequester,Sequester,EXCLUDES,rule_scrying,Scrying and Divination,hides the subject from detection,,UA,62,MAGIC-USER SPELLS (7TH LEVEL),TRUE,spell-scan,optional
spell_teleport_without_error,Teleport Without Error,GATES,rule_planar_travel,Interplanar Travel,accurate travel including other planes,,UA,62,MAGIC-USER SPELLS (7TH LEVEL),TRUE,spell-scan,optional
spell_teleport_without_error,Teleport Without Error,OVERRIDES,rule_teleport_error,Teleport Mishap,removes the risk of misplacement,,UA,62,MAGIC-USER SPELLS (7TH LEVEL),TRUE,spell-scan,optional
spell_torment,Torment,TRIGGERS,rule_planar_travel,Extraplanar Compulsion,forces service from a bound creature,,UA,62,MAGIC-USER SPELLS (7TH LEVEL),TRUE,spell-scan,optional
rule_protection_circle,Magic Circle or Pentagram,GATES,spell_torment,Torment,the captive must be bound first,,UA,62,MAGIC-USER SPELLS (7TH LEVEL),TRUE,spell-scan,optional
spell_torment,Torment,ALTERNATIVE_TO,spell_dolor,Dolor and Ensnarement,part of a compulsion family,,UA,62,MAGIC-USER SPELLS (7TH LEVEL),TRUE,spell-scan,optional
spell_otilukes_sphere,Otiluke's Telekinetic Sphere,TRIGGERS,ex_falling,Falling,the sphere may be dropped or hurled,,UA,64,MAGIC-USER SPELLS (8TH LEVEL),TRUE,spell-scan,optional
spell_otilukes_sphere,Telekinetic Sphere,MODIFIES,enc_encumbrance,Weight,contents become nearly weightless,,UA,64,MAGIC-USER SPELLS (8TH LEVEL),TRUE,spell-scan,optional
spell_cantrip,Colored Lights,EXCLUDED_FROM,race_infravision,Infravision,coloured glow does not spoil heat sight,,UA,65,ILLUSIONIST SPELLS (CANTRIPS),FALSE,spell-scan,optional
spell_phantom_armor,Phantom Armor,MODIFIES,cbt_armor_class,Armor Class,illusory protection that absorbs blows,,UA,67,ILLUSIONIST SPELLS (2ND LEVEL),TRUE,spell-scan,optional
cbt_damage,Damage Taken,CONSUMES,spell_phantom_armor,Phantom Armor,each hit erodes the illusion,,UA,67,ILLUSIONIST SPELLS (2ND LEVEL),TRUE,spell-scan,optional
spell_spook,Spook,TRIGGERS,rule_fear,Fear,the target flees in terror,,UA,67,ILLUSIONIST SPELLS (1ST LEVEL),TRUE,spell-scan,optional
exp_level,Target Level,MODIFIES,spell_spook,Saving Throw,stronger targets resist more easily,,UA,67,ILLUSIONIST SPELLS (1ST LEVEL),TRUE,spell-scan,optional
spell_delude,Delude,MODIFIES,sys_alignment,Detected Alignment,falsifies the caster's aura,,UA,68,ILLUSIONIST SPELLS (3RD LEVEL),TRUE,spell-scan,optional
spell_know_alignment,Know Alignment,EXCLUDED_FROM,spell_delude,Delude,detection returns the false reading,,UA,68,ILLUSIONIST SPELLS (3RD LEVEL),FALSE,spell-scan,optional
spell_phantom_wind,Phantom Wind,MODIFIES,ex_movement_rate,Movement,an illusory gale impedes progress,,UA,68,ILLUSIONIST SPELLS (3RD LEVEL),TRUE,spell-scan,optional
spell_phantasmagoria,Phantasmagoria,TRIGGERS,ex_falling,Illusory Terrain,victims may believe they are falling,,UA,70,ILLUSIONIST SPELLS (6TH LEVEL),TRUE,spell-scan,optional
spell_shadow_walk,Shadow Walk,GATES,rule_planar_travel,Demi-Plane of Shadow,travel via the shadow plane,,UA,71,ILLUSIONIST SPELLS (7TH LEVEL),TRUE,spell-scan,optional
spell_shadow_walk,Shadow Walk,MODIFIES,ex_movement_rate,Overland Travel,vast distances covered rapidly,,UA,71,ILLUSIONIST SPELLS (7TH LEVEL),TRUE,spell-scan,optional
spell_weird,Weird,TRIGGERS,rule_fear,Terror,each victim faces a personal nemesis,,UA,71,ILLUSIONIST SPELLS (9TH LEVEL),TRUE,spell-scan,optional
spell_weird,Weird,MODIFIES,abil_strength,Strength,survivors are weakened,,UA,71,ILLUSIONIST SPELLS (9TH LEVEL),TRUE,spell-scan,optional
spell_weird,Weird,TRIGGERS,death_character,Death,defeat by the phantasm is fatal,,UA,71,ILLUSIONIST SPELLS (9TH LEVEL),TRUE,spell-scan,optional
item_elixir_youth,Elixir of Youth,OVERRIDES,rule_aging,Aging,reverses age by years,,UA,90,TREASURE (POTIONS),TRUE,item-scan,optional
item_elixir_youth,Partial Dose,MODIFIES,item_elixir_youth,Elixir of Youth,sipping reduces potency and effect,,UA,90,TREASURE (POTIONS),TRUE,item-scan,optional
item_oil_impact,Oil of Impact,MODIFIES,cbt_tohit,To-Hit Roll,bonus to blunt weapons and missiles,,UA,90,TREASURE (POTIONS),TRUE,item-scan,optional
item_oil_acid_resistance,Oil of Acid Resistance,EXCLUDES,cbt_damage,Acid Damage,protects the coated subject,,UA,90,TREASURE (POTIONS),TRUE,item-scan,optional
item_oil_elemental_invuln,Oil of Elemental Invulnerability,EXCLUDES,rule_planar_travel,Elemental Attacks,wards against elemental creatures,,UA,90,TREASURE (POTIONS),TRUE,item-scan,optional
item_oil_fiery_burning,Oil of Fiery Burning,TRIGGERS,cbt_damage,Fire Damage,bursts into flame when thrown,,UA,90,TREASURE (POTIONS),TRUE,item-scan,optional
abil_dexterity,Dexterity,MODIFIES,item_oil_fiery_burning,Oil of Fiery Burning,handling risk on a fumble,,UA,90,TREASURE (POTIONS),TRUE,item-scan,optional
item_potion_fire_breath,Potion of Fire Breath,TRIGGERS,cbt_damage,Breath Damage,belches a tongue of flame,,UA,90,TREASURE (POTIONS),TRUE,item-scan,optional
rule_time,Held Too Long,TRIGGERS,cbt_damage,Self Damage,delayed release may burn the imbiber,,UA,90,TREASURE (POTIONS),TRUE,item-scan,optional
item_ring_animal_friendship,Ring of Animal Friendship,TRIGGERS,cbt_encounter_reactions,Animal Reaction,befriends normal animals,,UA,92,TREASURE (RINGS),TRUE,item-scan,optional
abil_intelligence,Animal Intelligence,CONSTRAINS,item_ring_animal_friendship,Ring of Animal Friendship,only low-intelligence beasts,,UA,92,TREASURE (RINGS),TRUE,item-scan,optional
item_ring_chameleon,Ring of Chameleon Power,GATES,rule_concealment,Concealment,the wearer blends with surroundings,,UA,92,TREASURE (RINGS),TRUE,item-scan,optional
item_ring_chameleon,Ring of Chameleon Power,MODIFIES,cbt_surprise,Surprise,improves the roll,,UA,92,TREASURE (RINGS),FALSE,item-scan,optional
item_ring_clumsiness,Ring of Clumsiness,DERIVED_FROM,cursed_item,Cursed Item,radiates a false secondary dweomer,,UA,92,TREASURE (RINGS),TRUE,item-scan,optional
spell_detect_magic,Detect Magic,EXCLUDED_FROM,item_ring_clumsiness,Ring of Clumsiness,the disguise defeats identification,,UA,92,TREASURE (RINGS),TRUE,item-scan,optional
rule_stress,Combat or Stealth,TRIGGERS,item_ring_clumsiness,Ring of Clumsiness,the curse fires only under stress,,UA,92,TREASURE (RINGS),TRUE,item-scan,optional
item_ring_clumsiness,Ring of Clumsiness,MODIFIES,abil_dexterity,Dexterity,halved while active,,UA,92,TREASURE (RINGS),TRUE,item-scan,optional
item_ring_clumsiness,Ring of Clumsiness,MODIFIES,thief_skills,Stealth and Precise Action,chances halved,,UA,92,TREASURE (RINGS),TRUE,item-scan,optional
item_ring_clumsiness,Ring of Clumsiness,TRIGGERS,rule_spell_failure,Spell Failure,somatic casting is spoiled,,UA,92,TREASURE (RINGS),TRUE,item-scan,optional
item_ring_mind_shielding,Ring of Mind Shielding,EXCLUDES,spell_esp,ESP,total immunity,,UA,93,TREASURE (RINGS),TRUE,item-scan,optional
item_ring_mind_shielding,Ring of Mind Shielding,EXCLUDES,spell_know_alignment,Know Alignment,alignment cannot be read,,UA,93,TREASURE (RINGS),TRUE,item-scan,optional
item_ring_mind_shielding,Ring of Mind Shielding,GATES,psi_defense_modes,Thought Shield,free defence for psionic wearers,,UA,93,TREASURE (RINGS),TRUE,item-scan,optional
item_ring_mind_shielding,Ring of Mind Shielding,MODIFIES,psi_combat,Psionic Attack Damage,damage reduced while worn,,UA,93,TREASURE (RINGS),TRUE,item-scan,optional
item_ring_mind_shielding,Ring of Mind Shielding,MODIFIES,save_matrix,Psionic Blast Save,bonus for non-psionic wearers,,UA,93,TREASURE (RINGS),TRUE,item-scan,optional
item_rod_flailing,Rod of Flailing,MODIFIES,cbt_armor_class,Armor Class,defensive bonus when activated,,UA,94,RODS (III.D.),TRUE,item-scan,optional
item_rod_passage,Rod of Passage,GATES,rule_planar_travel,Passage,moves through solid matter and planes,,UA,94,RODS (III.D.),TRUE,item-scan,optional
item_rod_security,Rod of Security,GATES,rule_planar_travel,Non-Dimensional Space,creates a pocket refuge,,UA,94,RODS (III.D.),TRUE,item-scan,optional
rule_party_size,Number of Creatures,CONSTRAINS,item_rod_security,Rod of Security,duration divides by headcount,,UA,94,RODS (III.D.),TRUE,item-scan,optional
item_rod_security,Rod of Security,EXCLUDES,rule_aging,Aging,time in the refuge does not age the occupants,,UA,94,RODS (III.D.),FALSE,item-scan,optional
item_rod_security,Rod of Security,GATES,rule_rest,Rest and Recovery,a place of complete safety,,UA,94,RODS (III.D.),TRUE,item-scan,optional
item_staff_woodlands,Staff of the Woodlands,GATES,gen_random_encounter,Animate Tree,animates trees as guardians,,UA,95,STAVES (III.D.2.),TRUE,item-scan,optional
item_staff_swarming_insects,Staff of Swarming Insects,MODIFIES,cbt_armor_class,Armor Class,the swarm hampers those within,,UA,95,STAVES (III.D.2.),TRUE,item-scan,optional
item_staff_swarming_insects,Staff of Swarming Insects,TRIGGERS,spell_disruption,Spell Disruption,casting within the swarm fails,,UA,95,STAVES (III.D.2.),FALSE,item-scan,optional
item_wand_force,Wand of Force,GATES,spell_wall_of_force,Wall of Force,creates force effects,,UA,96,WANDS (III.D.2.),TRUE,item-scan,optional
item_wand_defoliation,Wand of Defoliation,TRIGGERS,rule_terrain,Vegetation,strips plant life from an area,,UA,96,WANDS (III.D.2.),TRUE,item-scan,optional
item_wand_earth_stone,Wand of Earth and Stone,MODIFIES,campaign_construction,Excavation,shapes and moves earth,,UA,96,WANDS (III.D.2.),TRUE,item-scan,optional
item_wand_flame_extinguishing,Wand of Flame Extinguishing,OVERRIDES,rule_uncontrolled_fire,Fire,quenches ordinary and magical flame,,UA,96,WANDS (III.D.2.),TRUE,item-scan,optional
item_wand_steam_vapor,Wand of Steam and Vapor,TRIGGERS,rule_concealment,Vapour Cloud,creates obscuring steam,,UA,97,WANDS (III.D.2.),TRUE,item-scan,optional
item_boots_north,Boots of the North,EXCLUDES,rule_temperature,Cold,protects against extreme cold,,UA,97,TREASURE (MISCELLANEOUS MAGIC),TRUE,item-scan,optional
item_boots_north,Boots of the North,MODIFIES,ex_movement_rate,Snow Travel,walk on snow without sinking,,UA,97,TREASURE (MISCELLANEOUS MAGIC),TRUE,item-scan,optional
item_bracers_brachiation,Bracers of Brachiation,GATES,ex_movement_rate,Swinging Movement,travel by branch and rope,,UA,98,TREASURE (MISCELLANEOUS MAGIC),TRUE,item-scan,optional
item_cloak_arachnidia,Cloak of Arachnidia,EXCLUDES,save_poison,Spider Venom,immunity to spider poison,,UA,98,TREASURE (MISCELLANEOUS MAGIC),TRUE,item-scan,optional
item_cloak_arachnidia,Cloak of Arachnidia,GATES,thief_climb_walls,Wall Climbing,move as a spider,,UA,98,TREASURE (MISCELLANEOUS MAGIC),TRUE,item-scan,optional
item_cyclocone,Cyclocone,MODIFIES,ex_movement_rate,Movement,whirlwind propulsion,,UA,98,TREASURE (MISCELLANEOUS MAGIC),TRUE,item-scan,optional
item_egg_shattering,Egg of Shattering,TRIGGERS,rule_item_destruction,Shattering,destroys nearby brittle objects,,UA,100,TREASURE (MISCELLANEOUS MAGIC),TRUE,item-scan,optional
item_gem_insight,Gem of Insight,MODIFIES,abil_intelligence,Intelligence,raises the score after months of possession,,UA,100,TREASURE (MISCELLANEOUS MAGIC),TRUE,item-scan,optional
item_gem_insight,Gem of Insight,MODIFIES,abil_wisdom,Wisdom,raises the score after months of possession,,UA,100,TREASURE (MISCELLANEOUS MAGIC),TRUE,item-scan,optional
rule_time,Continuous Possession,GATES,item_gem_insight,Gem of Insight,months of carrying are required,,UA,100,TREASURE (MISCELLANEOUS MAGIC),TRUE,item-scan,optional
item_girdle_dwarvenkind,Girdle of Dwarvenkind,MODIFIES,abil_charisma,Charisma,lowered toward non-dwarves raised toward dwarves,,UA,100,TREASURE (MISCELLANEOUS MAGIC),TRUE,item-scan,optional
item_girdle_dwarvenkind,Girdle of Dwarvenkind,MODIFIES,abil_constitution,Constitution,grants the dwarven bonus,,UA,100,TREASURE (MISCELLANEOUS MAGIC),TRUE,item-scan,optional
item_girdle_dwarvenkind,Girdle of Dwarvenkind,MODIFIES,save_matrix,Saving Throws,confers dwarven save bonuses,,UA,100,TREASURE (MISCELLANEOUS MAGIC),TRUE,item-scan,optional
item_girdle_dwarvenkind,Girdle of Dwarvenkind,GATES,race_infravision,Infravision,grants dwarven heat sight,,UA,100,TREASURE (MISCELLANEOUS MAGIC),TRUE,item-scan,optional
item_girdle_dwarvenkind,Girdle of Dwarvenkind,GATES,rule_languages,Dwarvish,understand speak and read the tongue,,UA,100,TREASURE (MISCELLANEOUS MAGIC),TRUE,item-scan,optional
race,Observer Race,FEEDS_INTO,item_girdle_dwarvenkind,Charisma Effect,the adjustment differs by who is looking,,UA,100,TREASURE (MISCELLANEOUS MAGIC),TRUE,item-scan,optional
item_gloves_thievery,Gloves of Thievery,MODIFIES,thief_skills,Thief Skills,bonuses to manual functions,,UA,100,TREASURE (MISCELLANEOUS MAGIC),TRUE,item-scan,optional
item_hat_stupidity,Hat of Stupidity,DERIVED_FROM,cursed_item,Cursed Item,appears a useful hat,,UA,100,TREASURE (MISCELLANEOUS MAGIC),TRUE,item-scan,optional
item_hat_stupidity,Hat of Stupidity,MODIFIES,abil_intelligence,Intelligence,drastically lowered,,UA,100,TREASURE (MISCELLANEOUS MAGIC),TRUE,item-scan,optional
item_horn_goodness_evil,Horn of Goodness/Evil,GATES,sys_alignment,Alignment,function follows the blower's alignment,,UA,101,TREASURE (MISCELLANEOUS MAGIC),TRUE,item-scan,optional
item_horn_goodness_evil,Horn of Goodness/Evil,TRIGGERS,spell_protection_from_evil,Protection,raises a warding effect,,UA,101,TREASURE (MISCELLANEOUS MAGIC),TRUE,item-scan,optional
item_mantle_celestian,Mantle of Celestian,EXCLUDES,save_poison,Poison,protects the wearer,,UA,101,TREASURE (MISCELLANEOUS MAGIC),TRUE,item-scan,optional
item_pearl_sirines,Pearl of the Sirines,GATES,rule_water_breathing,Water Breathing,breathe and move underwater,,UA,101,TREASURE (MISCELLANEOUS MAGIC),TRUE,item-scan,optional
item_robe_stars,Robe of Stars,GATES,rule_planar_travel,Astral Travel,enables planar movement,,UA,102,TREASURE (MISCELLANEOUS MAGIC),TRUE,item-scan,optional
item_robe_stars,Robe of Stars,MODIFIES,save_matrix,Saving Throws,bonus while worn,,UA,102,TREASURE (MISCELLANEOUS MAGIC),TRUE,item-scan,optional
item_robe_vermin,Robe of Vermin,DERIVED_FROM,cursed_item,Cursed Item,appears a normal robe,,UA,102,TREASURE (MISCELLANEOUS MAGIC),TRUE,item-scan,optional
item_robe_vermin,Robe of Vermin,MODIFIES,cbt_initiative,Initiative,biting vermin distract the wearer,,UA,102,TREASURE (MISCELLANEOUS MAGIC),TRUE,item-scan,optional
item_shadow_lanthorn,Shadow Lanthorn,MODIFIES,sys_alignment,Alignment Detection,affects alignment-sensing,,UA,102,TREASURE (MISCELLANEOUS MAGIC),TRUE,item-scan,optional
item_courser,Courser,MODIFIES,ex_movement_rate,Movement Rate,a conjured steed of great speed,,UA,103,TREASURE (MISCELLANEOUS MAGIC),TRUE,item-scan,optional
item_courser,Courser,FEEDS_INTO,cbt_armor_class,Armor Class,the mount has its own protection,,UA,103,TREASURE (MISCELLANEOUS MAGIC),TRUE,item-scan,optional
item_spoon_stirring,Spoon of Stirring,ALTERNATIVE_TO,rule_provisions,Provisions,produces nourishing gruel,,UA,103,TREASURE (MISCELLANEOUS MAGIC),TRUE,item-scan,optional
