source_id,source_label,edge_type,target_id,target_label,aspect,condition,polarity,polarity_basis,book,page,section,evidence,pass,status,supersession_basis,general_rule_id,review_flag
abil_constitution,Constitution,MODIFIES,rule_hit_points,Hit Points,per-die adjustment,,neutral,unset,PHB,12,CONSTITUTION TABLE,explicit_rule,prose-sweep,core,,,
abil_constitution,Constitution,MODIFIES,rule_hit_points,Hit Points,raised ceiling,fighter classes only,neutral,unset,PHB,12,CONSTITUTION TABLE,explicit_rule,prose-sweep,core,,,
abil_constitution,Constitution,MODIFIES,rule_system_shock,System Shock Survival,survival chance,,improves,read,PHB,12,CONSTITUTION TABLE,explicit_rule,prose-sweep,core,,,
abil_constitution,Constitution,MODIFIES,rule_resurrection_survival,Resurrection Survival,survival chance,,improves,read,PHB,12,CONSTITUTION TABLE,explicit_rule,prose-sweep,core,,,
abil_constitution,Constitution,GATES,class_illusionist,Illusionist,eligibility,minimum score,enables,derived,PHB,12,CONSTITUTION TABLE,explicit_rule,prose-sweep,core,,,
abil_constitution,Constitution,GATES,class_fighter,Fighter,eligibility,minimum score,enables,derived,PHB,12,CONSTITUTION TABLE,explicit_rule,prose-sweep,core,,,
abil_constitution,Constitution,GATES,class_paladin,Paladin,eligibility,minimum score,enables,derived,PHB,12,CONSTITUTION TABLE,explicit_rule,prose-sweep,core,,,
abil_constitution,Constitution,GATES,class_monk,Monk,eligibility,minimum score,enables,derived,PHB,12,CONSTITUTION TABLE,explicit_rule,prose-sweep,core,,,
abil_constitution,Constitution,GATES,class_ranger,Ranger,eligibility,minimum score,enables,derived,PHB,12,CONSTITUTION TABLE,explicit_rule,prose-sweep,core,,,
abil_constitution,Constitution,GATES,race_dwarf,Dwarf,eligibility,minimum score,enables,derived,PHB,12,CONSTITUTION TABLE,explicit_rule,prose-sweep,core,,,
abil_constitution,Constitution,GATES,race_elf,Elf,eligibility,minimum score,enables,derived,PHB,12,CONSTITUTION TABLE,explicit_rule,prose-sweep,core,,,
abil_constitution,Constitution,GATES,race_gnome,Gnome,eligibility,minimum score,enables,derived,PHB,12,CONSTITUTION TABLE,explicit_rule,prose-sweep,core,,,
abil_constitution,Constitution,GATES,race_halfling,Halfling,eligibility,minimum score,enables,derived,PHB,12,CONSTITUTION TABLE,explicit_rule,prose-sweep,core,,,
abil_constitution,Constitution,GATES,race_half_orc,Half-Orc,eligibility,minimum score,enables,derived,PHB,12,CONSTITUTION TABLE,explicit_rule,prose-sweep,core,,,
rule_aging,Aging,TRIGGERS,rule_system_shock,System Shock Survival,roll required,,neutral,unset,PHB,12,CONSTITUTION TABLE,explicit_rule,prose-sweep,core,,,
rule_petrification,Petrification,TRIGGERS,rule_system_shock,System Shock Survival,roll required,,neutral,unset,PHB,12,CONSTITUTION TABLE,explicit_rule,prose-sweep,core,,,
spell_polymorph_other,Polymorph Others,TRIGGERS,rule_system_shock,System Shock Survival,roll required,,neutral,unset,PHB,12,CONSTITUTION TABLE,explicit_rule,prose-sweep,core,,,
spell_polymorph_any_object,Polymorph Any Object,TRIGGERS,rule_system_shock,System Shock Survival,roll required,,neutral,unset,PHB,12,CONSTITUTION TABLE,explicit_rule,prose-sweep,core,,,
spell_flesh_to_stone,Flesh to Stone,TRIGGERS,rule_system_shock,System Shock Survival,roll required,,neutral,unset,PHB,12,CONSTITUTION TABLE,explicit_rule,prose-sweep,core,,,
tbl_age_categories,Age Categories Table,MODIFIES,abil_strength,Strength,score adjustment,by age bracket,governs,heuristic,DMG,13,"CHARACTER AGE, AGING, DISEASE, AND DEATH (AGING)",explicit_rule,prose-sweep,core,,,
tbl_age_categories,Age Categories Table,MODIFIES,abil_constitution,Constitution,score adjustment,by age bracket,governs,heuristic,DMG,13,"CHARACTER AGE, AGING, DISEASE, AND DEATH (AGING)",explicit_rule,prose-sweep,core,,,
tbl_age_categories,Age Categories Table,MODIFIES,abil_wisdom,Wisdom,score adjustment,by age bracket,governs,heuristic,DMG,13,"CHARACTER AGE, AGING, DISEASE, AND DEATH (AGING)",explicit_rule,prose-sweep,core,,,
tbl_age_categories,Age Categories Table,MODIFIES,abil_intelligence,Intelligence,score adjustment,by age bracket,governs,heuristic,DMG,13,"CHARACTER AGE, AGING, DISEASE, AND DEATH (AGING)",explicit_rule,prose-sweep,core,,,
tbl_age_categories,Age Categories Table,MODIFIES,abil_dexterity,Dexterity,score adjustment,older brackets only,governs,heuristic,DMG,13,"CHARACTER AGE, AGING, DISEASE, AND DEATH (AGING)",explicit_rule,prose-sweep,core,,,
tbl_age_categories,Age Categories Table,OVERRIDES,rule_ability_maximum,Ability Maximum,ceiling,wisdom alone may exceed,neutral,derived,DMG,13,"CHARACTER AGE, AGING, DISEASE, AND DEATH (AGING)",explicit_rule,prose-sweep,core,explicit_replacement,,
tbl_age_categories,Age Categories Table,EXCLUDES,abil_str_exceptional,Exceptional Strength,percentile rating,,negates,derived,DMG,13,"CHARACTER AGE, AGING, DISEASE, AND DEATH (AGING)",explicit_rule,prose-sweep,core,,,
tbl_race_maximums,Racial Ability Maximums,CONSTRAINS,tbl_age_categories,Age Categories Table,permitted adjustment,,governs,heuristic,DMG,13,"CHARACTER AGE, AGING, DISEASE, AND DEATH (AGING)",explicit_rule,prose-sweep,core,,,
race_any,Race,FEEDS_INTO,tbl_age_categories,Age Categories Table,bracket spans,,neutral,derived,DMG,13,"CHARACTER AGE, AGING, DISEASE, AND DEATH (AGING)",explicit_rule,prose-sweep,core,,,
tbl_magical_aging,Magical Aging Causes,TRIGGERS,rule_aging,Aging,years added,,governs,heuristic,DMG,13,"CHARACTER AGE, AGING, DISEASE, AND DEATH (AGING)",explicit_rule,prose-sweep,core,,,
spell_alter_reality,Alter Reality,CONSUMES,rule_lifespan,Lifespan,years,,neutral,derived,DMG,13,"CHARACTER AGE, AGING, DISEASE, AND DEATH (AGING)",explicit_rule,prose-sweep,core,,,
spell_gate,Gate,CONSUMES,rule_lifespan,Lifespan,years,,neutral,derived,DMG,13,"CHARACTER AGE, AGING, DISEASE, AND DEATH (AGING)",explicit_rule,prose-sweep,core,,,
spell_limited_wish,Limited Wish,CONSUMES,rule_lifespan,Lifespan,years,,neutral,derived,DMG,13,"CHARACTER AGE, AGING, DISEASE, AND DEATH (AGING)",explicit_rule,prose-sweep,core,,,
spell_restoration,Restoration,CONSUMES,rule_lifespan,Lifespan,years,,neutral,derived,DMG,13,"CHARACTER AGE, AGING, DISEASE, AND DEATH (AGING)",explicit_rule,prose-sweep,core,,,
spell_resurrection,Resurrection,CONSUMES,rule_lifespan,Lifespan,years,,neutral,derived,DMG,13,"CHARACTER AGE, AGING, DISEASE, AND DEATH (AGING)",explicit_rule,prose-sweep,core,,,
spell_wish,Wish,CONSUMES,rule_lifespan,Lifespan,years,,neutral,derived,DMG,13,"CHARACTER AGE, AGING, DISEASE, AND DEATH (AGING)",explicit_rule,prose-sweep,core,,,
potion_speed,Potion of Speed,CONSUMES,rule_lifespan,Lifespan,years,,neutral,derived,DMG,13,"CHARACTER AGE, AGING, DISEASE, AND DEATH (AGING)",explicit_rule,prose-sweep,core,,,
spell_haste,Haste,CONSUMES,rule_lifespan,Lifespan,years,,neutral,derived,DMG,13,"CHARACTER AGE, AGING, DISEASE, AND DEATH (AGING)",explicit_rule,prose-sweep,core,,,
rule_scroll_use,Reading Spell from Scroll,EXCLUDED_FROM,tbl_magical_aging,Magical Aging Causes,aging effect,,negates,derived,DMG,13,"CHARACTER AGE, AGING, DISEASE, AND DEATH (AGING)",explicit_rule,prose-sweep,core,,,
rule_scroll_scribing,Scribing a Scroll,TRIGGERS,tbl_magical_aging,Magical Aging Causes,aging effect,scribing an aging spell,neutral,unset,DMG,13,"CHARACTER AGE, AGING, DISEASE, AND DEATH (AGING)",explicit_rule,prose-sweep,core,,,
potion_longevity,Potion of Longevity,OVERRIDES,rule_aging,Aging,offsets years,,neutral,derived,DMG,13,"CHARACTER AGE, AGING, DISEASE, AND DEATH (AGING)",explicit_rule,prose-sweep,core,explicit_replacement,,
rule_aging,Aging,CROSS_REFERENCES,rule_time_campaign,Time in the Campaign,tracking,,neutral,derived,DMG,13,"CHARACTER AGE, AGING, DISEASE, AND DEATH (AGING)",explicit_rule,prose-sweep,core,,,
rule_aging,Aging,CROSS_REFERENCES,rule_disease,Disease,further aging causes,,neutral,derived,DMG,13,"CHARACTER AGE, AGING, DISEASE, AND DEATH (AGING)",explicit_rule,prose-sweep,core,,,
rule_aging,Aging,CROSS_REFERENCES,rule_death_age,Death Due to Age,terminal case,,neutral,derived,DMG,13,"CHARACTER AGE, AGING, DISEASE, AND DEATH (AGING)",explicit_rule,prose-sweep,core,,,
tbl_chance_disease,Chance of Contracting Disease,FEEDS_INTO,tbl_disease_disorder,Disease (or Disorder) Table,type determination,,neutral,derived,DMG,13,"CHARACTER AGE, AGING, DISEASE, AND DEATH (DISEASE)",explicit_rule,prose-sweep,core,,,
tbl_chance_parasite,Chance of Parasitic Infestation,FEEDS_INTO,tbl_parasite,Parasitic Infestation Table,type determination,,neutral,derived,DMG,13,"CHARACTER AGE, AGING, DISEASE, AND DEATH (DISEASE)",explicit_rule,prose-sweep,core,,,
rule_climate,Climate and Weather,MODIFIES,tbl_chance_disease,Chance of Contracting Disease,contraction chance,,neutral,unset,DMG,13,"CHARACTER AGE, AGING, DISEASE, AND DEATH (DISEASE)",explicit_rule,prose-sweep,core,,,
rule_terrain,Terrain,MODIFIES,tbl_chance_disease,Chance of Contracting Disease,contraction chance,marsh swamp jungle,neutral,unset,DMG,13,"CHARACTER AGE, AGING, DISEASE, AND DEATH (DISEASE)",explicit_rule,prose-sweep,core,,,
tbl_age_categories,Age Categories Table,MODIFIES,tbl_chance_disease,Chance of Contracting Disease,contraction chance,older brackets only,governs,heuristic,DMG,13,"CHARACTER AGE, AGING, DISEASE, AND DEATH (DISEASE)",explicit_rule,prose-sweep,core,,,
tbl_chance_parasite,Chance of Parasitic Infestation,MODIFIES,tbl_chance_disease,Chance of Contracting Disease,contraction chance,if currently infested,governs,heuristic,DMG,13,"CHARACTER AGE, AGING, DISEASE, AND DEATH (DISEASE)",explicit_rule,prose-sweep,core,,,
tbl_chance_disease,Chance of Contracting Disease,MODIFIES,tbl_chance_disease,Chance of Contracting Disease,contraction chance,if currently diseased,governs,heuristic,DMG,13,"CHARACTER AGE, AGING, DISEASE, AND DEATH (DISEASE)",explicit_rule,prose-sweep,core,,,
rule_crowding_filth,Crowding and Filth,MODIFIES,tbl_chance_disease,Chance of Contracting Disease,contraction chance,,neutral,unset,DMG,13,"CHARACTER AGE, AGING, DISEASE, AND DEATH (DISEASE)",explicit_rule,prose-sweep,core,,,
rule_climate,Climate and Weather,MODIFIES,tbl_chance_parasite,Chance of Parasitic Infestation,contraction chance,,neutral,unset,DMG,13,"CHARACTER AGE, AGING, DISEASE, AND DEATH (DISEASE)",explicit_rule,prose-sweep,core,,,
rule_provisions,Food and Water Quality,MODIFIES,tbl_chance_parasite,Chance of Parasitic Infestation,contraction chance,,neutral,unset,DMG,13,"CHARACTER AGE, AGING, DISEASE, AND DEATH (DISEASE)",explicit_rule,prose-sweep,core,,,
abil_constitution,Constitution,MODIFIES,tbl_adjust_occurrence,Adjustments to Occurrence and Severity,severity roll,,neutral,unset,DMG,14,DISEASE (OR DISORDER) TABLE,explicit_rule,prose-sweep,core,,,
rule_hit_points,Hit Points,MODIFIES,tbl_adjust_occurrence,Adjustments to Occurrence and Severity,severity roll,when badly wounded,neutral,unset,DMG,14,DISEASE (OR DISORDER) TABLE,explicit_rule,prose-sweep,core,,,
rule_disease,Disease,MODIFIES,tbl_adjust_occurrence,Adjustments to Occurrence and Severity,severity roll,if already chronic,neutral,unset,DMG,14,DISEASE (OR DISORDER) TABLE,explicit_rule,prose-sweep,core,,,
tbl_parasite,Parasitic Infestation Table,MODIFIES,tbl_adjust_occurrence,Adjustments to Occurrence and Severity,severity roll,if severely infested,governs,heuristic,DMG,14,DISEASE (OR DISORDER) TABLE,explicit_rule,prose-sweep,core,,,
tbl_adjust_occurrence,Adjustments to Occurrence and Severity,CONSTRAINS,tbl_disease_disorder,Disease (or Disorder) Table,contraction negated,on low roll,governs,heuristic,DMG,14,DISEASE (OR DISORDER) TABLE,explicit_rule,prose-sweep,core,,,
tbl_adjust_occurrence,Adjustments to Occurrence and Severity,EXCLUDED_FROM,tbl_parasite,Parasitic Infestation Table,severity determination,,negates,derived,DMG,14,DISEASE (OR DISORDER) TABLE,explicit_rule,prose-sweep,core,,,
tbl_max_char_age,Maximum Character Age Table,GATES,rule_death_age,Death Due to Age,age of natural death,,enables,derived,DMG,15,MAXIMUM CHARACTER AGE TABLE,explicit_rule,prose-sweep,core,,,
tbl_age_categories,Age Categories Table,FEEDS_INTO,tbl_max_char_age,Maximum Character Age Table,band selection,,neutral,derived,DMG,15,MAXIMUM CHARACTER AGE TABLE,explicit_rule,prose-sweep,core,,,
race_any,Race,FEEDS_INTO,tbl_max_char_age,Maximum Character Age Table,band spans,,neutral,derived,DMG,15,MAXIMUM CHARACTER AGE TABLE,explicit_rule,prose-sweep,core,,,
rule_death_age,Death Due to Age,OVERRIDES,spell_raise_dead,Raise Dead,revival blocked,past maximum age,neutral,derived,DMG,15,MAXIMUM CHARACTER AGE TABLE,explicit_rule,prose-sweep,core,explicit_replacement,,
rule_death_age,Death Due to Age,OVERRIDES,spell_resurrection,Resurrection,revival blocked,past maximum age,neutral,derived,DMG,15,MAXIMUM CHARACTER AGE TABLE,explicit_rule,prose-sweep,core,explicit_replacement,,
potion_longevity,Potion of Longevity,OVERRIDES,tbl_max_char_age,Maximum Character Age Table,extends lifespan,,neutral,derived,DMG,15,MAXIMUM CHARACTER AGE TABLE,explicit_rule,prose-sweep,core,explicit_replacement,,
monster_lycanthrope,Lycanthrope,TRIGGERS,rule_lycanthropy,Lycanthropy,infection,on severe wounding,inflicts,heuristic,DMG,22,CHARACTER CLASSES (LYCANTHROPY),explicit_rule,prose-sweep,core,,,
item_herb_belladonna,Belladonna,OVERRIDES,rule_lycanthropy,Lycanthropy,manifestation,if eaten promptly,neutral,derived,DMG,22,CHARACTER CLASSES (LYCANTHROPY),explicit_rule,prose-sweep,core,explicit_replacement,,
spell_cure_disease,Cure Disease,OVERRIDES,rule_lycanthropy,Lycanthropy,cure,high-level caster and prompt,neutral,derived,DMG,22,CHARACTER CLASSES (LYCANTHROPY),explicit_rule,prose-sweep,core,explicit_replacement,,
spell_remove_curse,Remove Curse,OVERRIDES,rule_lycanthropy,Lycanthropy,cure,while in wereform,neutral,derived,DMG,22,CHARACTER CLASSES (LYCANTHROPY),explicit_rule,prose-sweep,core,explicit_replacement,,
rule_lycanthropy,Lycanthropy,CONSTRAINS,sys_experience,Experience Points,no award,while in wereform,neutral,unset,DMG,22,CHARACTER CLASSES (LYCANTHROPY),explicit_rule,prose-sweep,core,,,
rule_lycanthropy,Lycanthropy,TRIGGERS,rule_insanity,Insanity,disorder assigned,DM discretion,neutral,unset,DMG,22,CHARACTER CLASSES (LYCANTHROPY),explicit_rule,prose-sweep,core,,,
rule_lycanthropy,Lycanthropy,TRIGGERS,class_paladin,Paladin,status revoked,,neutral,unset,DMG,22,CHARACTER CLASSES (LYCANTHROPY),explicit_rule,prose-sweep,core,,,
rule_lycanthropy,Lycanthropy,MODIFIES,sys_alignment,Alignment,shifts to wereform,over time,neutral,unset,DMG,22,CHARACTER CLASSES (LYCANTHROPY),explicit_rule,prose-sweep,core,,,
rule_lycanthropy,Lycanthropy,CONSTRAINS,sys_equipment,Equipment,dropped on change,except wererats,neutral,unset,DMG,22,CHARACTER CLASSES (LYCANTHROPY),explicit_rule,prose-sweep,core,,,
spell_raise_dead,Raise Dead,TRIGGERS,rule_lycanthropy,Lycanthropy,affliction persists,if uncured before raising,inflicts,heuristic,DMG,22,CHARACTER CLASSES (LYCANTHROPY),explicit_rule,prose-sweep,core,,,
rule_hit_points,Hit Points,TRIGGERS,tbl_lycanthropy_change,Lycanthropy Change Table,involuntary change,when badly wounded,neutral,unset,DMG,22,CHARACTER CLASSES (LYCANTHROPY),explicit_rule,prose-sweep,core,,,
spell_monster_summoning,Monster Summoning,TRIGGERS,tbl_lycanthropy_change,Lycanthropy Change Table,involuntary change,cast nearby,neutral,unset,DMG,22,CHARACTER CLASSES (LYCANTHROPY),explicit_rule,prose-sweep,core,,,
spell_conjure_animals,Conjure Animals,TRIGGERS,tbl_lycanthropy_change,Lycanthropy Change Table,involuntary change,cast nearby,neutral,unset,DMG,22,CHARACTER CLASSES (LYCANTHROPY),explicit_rule,prose-sweep,core,,,
rule_moon_phase,Moon Phase,FEEDS_INTO,tbl_lycanthropy_change,Lycanthropy Change Table,change chance,,neutral,derived,DMG,23,CHARACTER CLASSES (LYCANTHROPY),explicit_rule,prose-sweep,core,,,
rule_years_afflicted,Years as Lycanthrope,GATES,tbl_lycanthropy_change,Lycanthropy Change Table,degree of control,,enables,derived,DMG,22,CHARACTER CLASSES (LYCANTHROPY),explicit_rule,prose-sweep,core,,,
tbl_lycanthropy_change,Lycanthropy Change Table,TRIGGERS,tbl_armor_damage_lycan,Armor Damage to Lycanthropes,constriction damage,involuntary change only,governs,heuristic,DMG,23,CHARACTER CLASSES (LYCANTHROPY),explicit_rule,prose-sweep,core,,,
sys_armor,Armor,FEEDS_INTO,tbl_armor_damage_lycan,Armor Damage to Lycanthropes,damage by type,,neutral,derived,DMG,23,CHARACTER CLASSES (LYCANTHROPY),explicit_rule,prose-sweep,core,,,
tbl_armor_damage_lycan,Armor Damage to Lycanthropes,MODIFIES,rule_hit_points,Hit Points,damage taken,,governs,heuristic,DMG,23,CHARACTER CLASSES (LYCANTHROPY),explicit_rule,prose-sweep,core,,,
class_fighter,,OVERRIDES,rule_hit_points,,raises Con hp ceiling,,neutral,derived,PHB,12,CONSTITUTION TABLE,explicit_rule,prose-sweep,core,explicit_replacement,,
abil_constitution,,EXCLUDED_FROM,tbl_parasite,,parasite determination,,negates,derived,DMG,14,DISEASE (OR DISORDER) TABLE,explicit_rule,prose-sweep,core,,,
rule_aging,,MODIFIES,abil_constitution,,reduced at Middle/Old/Venerable,,neutral,unset,DMG,13,"CHARACTER AGE, AGING, DISEASE, AND DEATH (AGING)",explicit_rule,prose-sweep,core,,,
spell_raise_dead,,MODIFIES,abil_constitution,,permanent loss per raise,,neutral,unset,PHB,12,CONSTITUTION TABLE,explicit_rule,prose-sweep,core,,,
race_any,,MODIFIES,abil_constitution,,racial adjustment,,neutral,unset,PHB,15,CHARACTER RACE TABLE III,explicit_rule,prose-sweep,core,,,
spell_petrification,,TRIGGERS,rule_system_shock,,roll required,,neutral,unset,PHB,12,CONSTITUTION TABLE,explicit_rule,prose-sweep,core,,,
spell_raise_dead,,TRIGGERS,rule_resurrection_survival,,roll required,,neutral,unset,PHB,12,CONSTITUTION TABLE,explicit_rule,prose-sweep,core,,,
abil_strength,Strength,MODIFIES,cbt_tohit,To-Hit Roll,hit probability,,neutral,unset,PHB,9,STRENGTH TABLE II,explicit_rule,prose-sweep,core,,,
abil_strength,Strength,MODIFIES,cbt_damage,Damage,damage dealt,,neutral,unset,PHB,9,STRENGTH TABLE II,explicit_rule,prose-sweep,core,,,
abil_strength,Strength,MODIFIES,enc_weight_allowance,Weight Allowance,carrying capacity,,neutral,unset,PHB,9,STRENGTH TABLE II,explicit_rule,prose-sweep,core,,,
abil_strength,Strength,MODIFIES,str_open_doors,Open Doors,chances out of six,,neutral,unset,PHB,9,STRENGTH TABLE II,explicit_rule,prose-sweep,core,,,
abil_strength,Strength,MODIFIES,str_bend_bars,Bend Bars/Lift Gates,percentage chance,,neutral,unset,PHB,9,STRENGTH TABLE II,explicit_rule,prose-sweep,core,,,
abil_strength,Strength,MODIFIES,sys_experience,Experience Points,prime requisite bonus,fighters at high score,neutral,unset,PHB,9,STRENGTH,explicit_rule,prose-sweep,core,,,
str_open_doors,Open Doors,ALTERNATIVE_TO,str_bend_bars,Bend Bars/Lift Gates,passing a barrier,,neutral,derived,PHB,9,STRENGTH TABLE II,explicit_rule,prose-sweep,core,,,
str_open_doors,Open Doors,CONSUMES,rule_time,Time,per attempt,,neutral,derived,PHB,9,STRENGTH TABLE II,explicit_rule,prose-sweep,core,,,
str_open_doors,Open Doors,TRIGGERS,rule_noise,Noise,alerts nearby,,neutral,unset,PHB,9,STRENGTH TABLE II,explicit_rule,prose-sweep,core,,,
str_bend_bars,Bend Bars/Lift Gates,CONSTRAINS,str_bend_bars,Bend Bars/Lift Gates,one attempt only ever,,neutral,unset,PHB,9,STRENGTH TABLE II,explicit_rule,prose-sweep,core,,,
abil_str_exceptional,Exceptional Strength,GATES,abil_strength,Strength,percentile rating,fighter classes only,enables,derived,PHB,9,STRENGTH,explicit_rule,prose-sweep,core,,,
abil_intelligence,Intelligence,MODIFIES,rule_languages,Languages,number known,,neutral,unset,PHB,10,INTELLIGENCE TABLE I,explicit_rule,prose-sweep,core,,,
abil_intelligence,Intelligence,MODIFIES,sys_experience,Experience Points,prime requisite bonus,magic-users at high score,neutral,unset,PHB,10,INTELLIGENCE,explicit_rule,prose-sweep,core,,,
abil_intelligence,Intelligence,MODIFIES,rule_chance_know_spell,Chance to Know Each Listed Spell,learning chance,,improves,read,PHB,10,INTELLIGENCE TABLE II,explicit_rule,prose-sweep,core,,,
abil_intelligence,Intelligence,CONSTRAINS,rule_spells_per_level,Spells Knowable Per Level,minimum and maximum,,neutral,unset,PHB,10,INTELLIGENCE TABLE II,explicit_rule,prose-sweep,core,,,
abil_intelligence,Intelligence,GATES,rule_spell_level_access,High-Level Spell Access,comprehension,5th level and above,enables,derived,PHB,10,INTELLIGENCE TABLE I,explicit_rule,prose-sweep,core,,,
abil_intelligence,Intelligence,GATES,class_magic_user,Magic-User,eligibility,minimum score,enables,derived,PHB,10,INTELLIGENCE TABLE I,explicit_rule,prose-sweep,core,,,
abil_intelligence,Intelligence,GATES,class_paladin,Paladin,eligibility,minimum score,enables,derived,PHB,10,INTELLIGENCE TABLE I,explicit_rule,prose-sweep,core,,,
abil_intelligence,Intelligence,GATES,class_assassin,Assassin,eligibility,minimum score,enables,derived,PHB,10,INTELLIGENCE TABLE I,explicit_rule,prose-sweep,core,,,
abil_intelligence,Intelligence,GATES,class_ranger,Ranger,eligibility,minimum score,enables,derived,PHB,10,INTELLIGENCE TABLE I,explicit_rule,prose-sweep,core,,,
abil_intelligence,Intelligence,GATES,class_illusionist,Illusionist,eligibility,minimum score,enables,derived,PHB,10,INTELLIGENCE TABLE I,explicit_rule,prose-sweep,core,,,
abil_intelligence,Intelligence,GATES,race_half_elf,Half-Elf,eligibility,minimum score,enables,derived,PHB,10,INTELLIGENCE TABLE I,explicit_rule,prose-sweep,core,,,
abil_intelligence,Intelligence,GATES,race_halfling,Halfling,eligibility,minimum score,enables,derived,PHB,10,INTELLIGENCE TABLE I,explicit_rule,prose-sweep,core,,,
abil_intelligence,Intelligence,GATES,race_gnome,Gnome,eligibility,minimum score,enables,derived,PHB,10,INTELLIGENCE TABLE I,explicit_rule,prose-sweep,core,,,
abil_intelligence,Intelligence,GATES,race_elf,Elf,eligibility,minimum score,enables,derived,PHB,10,INTELLIGENCE TABLE I,explicit_rule,prose-sweep,core,,,
abil_intelligence,Intelligence,CONSTRAINS,race_half_orc,Half-Orc,score ceiling,,neutral,unset,PHB,10,INTELLIGENCE TABLE I,explicit_rule,prose-sweep,core,,,
race_any,Race,CONSTRAINS,rule_languages,Languages,racial limits,,neutral,unset,PHB,10,INTELLIGENCE,explicit_rule,prose-sweep,core,,,
abil_wisdom,Wisdom,MODIFIES,save_magical_attack,Saving Throw vs Magical Attack,die roll,mental attack forms only,improves,heuristic,PHB,11,WISDOM TABLE I,explicit_rule,prose-sweep,core,,,
abil_wisdom,Wisdom,MODIFIES,sys_experience,Experience Points,prime requisite bonus,clerics at high score,neutral,unset,PHB,11,WISDOM,explicit_rule,prose-sweep,core,,,
abil_wisdom,Wisdom,MODIFIES,rule_cleric_bonus_spells,Cleric Bonus Spells,additional spells,exceptional wisdom,neutral,unset,PHB,11,WISDOM TABLE II,explicit_rule,prose-sweep,core,,,
abil_wisdom,Wisdom,MODIFIES,rule_spell_failure,Chance of Spell Failure,failure chance,low wisdom only,neutral,unset,PHB,11,WISDOM TABLE II,explicit_rule,prose-sweep,core,,,
abil_wisdom,Wisdom,GATES,class_cleric,Cleric,eligibility,minimum score,enables,derived,PHB,11,WISDOM TABLE I,explicit_rule,prose-sweep,core,,,
abil_wisdom,Wisdom,GATES,class_druid,Druid,eligibility,minimum score,enables,derived,PHB,11,WISDOM TABLE I,explicit_rule,prose-sweep,core,,,
abil_wisdom,Wisdom,GATES,class_paladin,Paladin,eligibility,minimum score,enables,derived,PHB,11,WISDOM TABLE I,explicit_rule,prose-sweep,core,,,
abil_wisdom,Wisdom,GATES,class_ranger,Ranger,eligibility,minimum score,enables,derived,PHB,11,WISDOM TABLE I,explicit_rule,prose-sweep,core,,,
abil_wisdom,Wisdom,GATES,class_monk,Monk,eligibility,minimum score,enables,derived,PHB,11,WISDOM TABLE I,explicit_rule,prose-sweep,core,,,
abil_wisdom,Wisdom,GATES,rule_spell_level_access,High-Level Spell Access,clerical 6th and 7th,,enables,derived,PHB,11,WISDOM TABLE II,explicit_rule,prose-sweep,core,,,
abil_wisdom,Wisdom,CONSTRAINS,race_half_orc,Half-Orc,score ceiling,,neutral,unset,PHB,11,WISDOM TABLE I,explicit_rule,prose-sweep,core,,,
abil_wisdom,Wisdom,CONSTRAINS,race_halfling,Halfling,score ceiling,,neutral,unset,PHB,11,WISDOM TABLE I,explicit_rule,prose-sweep,core,,,
rule_spell_failure,Chance of Spell Failure,CONSUMES,rule_spell_slot,Memorized Spell,expended on failure,,neutral,derived,PHB,11,WISDOM TABLE II,explicit_rule,prose-sweep,core,,,
abil_dexterity,Dexterity,MODIFIES,cbt_initiative,Initiative,reaction adjustment,,neutral,unset,PHB,11,DEXTERITY TABLE I,explicit_rule,prose-sweep,core,,,
abil_dexterity,Dexterity,MODIFIES,cbt_missile,Missile Fire,attack adjustment,,neutral,unset,PHB,11,DEXTERITY TABLE I,explicit_rule,prose-sweep,core,,,
abil_dexterity,Dexterity,MODIFIES,cbt_armor_class,Armor Class,defensive adjustment,,neutral,unset,PHB,11,DEXTERITY TABLE I,explicit_rule,prose-sweep,core,,,
abil_dexterity,Dexterity,MODIFIES,thief_skills,Thief Skills,professional activities,,neutral,unset,PHB,11,DEXTERITY TABLE II,explicit_rule,prose-sweep,core,,,
abil_dexterity,Dexterity,MODIFIES,sys_experience,Experience Points,prime requisite bonus,thieves at high score,neutral,unset,PHB,11,DEXTERITY,explicit_rule,prose-sweep,core,,,
abil_dexterity,Dexterity,GATES,class_magic_user,Magic-User,eligibility,minimum score,enables,derived,PHB,11,DEXTERITY TABLE I,explicit_rule,prose-sweep,core,,,
abil_dexterity,Dexterity,GATES,race_half_elf,Half-Elf,eligibility,minimum score,enables,derived,PHB,11,DEXTERITY TABLE I,explicit_rule,prose-sweep,core,,,
abil_dexterity,Dexterity,GATES,race_elf,Elf,eligibility,minimum score,enables,derived,PHB,11,DEXTERITY TABLE I,explicit_rule,prose-sweep,core,,,
abil_dexterity,Dexterity,GATES,race_halfling,Halfling,eligibility,minimum score,enables,derived,PHB,11,DEXTERITY TABLE I,explicit_rule,prose-sweep,core,,,
abil_charisma,Charisma,MODIFIES,hench_max_number,Maximum Henchmen,cap,,neutral,unset,PHB,13,CHARISMA TABLE,explicit_rule,prose-sweep,core,,,
abil_charisma,Charisma,MODIFIES,hench_loyalty,Loyalty Base,loyalty,,neutral,unset,PHB,13,CHARISMA TABLE,explicit_rule,prose-sweep,core,,,
abil_charisma,Charisma,MODIFIES,cbt_encounter_reactions,Encounter Reactions,reaction adjustment,,improves,read,PHB,13,CHARISMA TABLE,explicit_rule,prose-sweep,core,,,
race_any,Race,CONSTRAINS,sys_classes,Character Class,which classes permitted,,neutral,unset,PHB,13,CHARACTER RACE TABLE I,explicit_rule,prose-sweep,core,,,
race_any,Race,CONSTRAINS,exp_level,Experience Level,maximum level attainable,by class,neutral,unset,PHB,14,CHARACTER RACE TABLE II,explicit_rule,prose-sweep,core,,,
race_any,Race,GATES,rule_npc_only_classes,NPC-Only Class Access,player availability,parenthesised entries,enables,derived,PHB,14,CHARACTER RACE TABLE II,explicit_rule,prose-sweep,core,,,
abil_strength,Strength,MODIFIES,exp_level,Experience Level,raises racial level cap,demihuman fighters,neutral,unset,PHB,14,CHARACTER RACE TABLE II,explicit_rule,prose-sweep,core,,,
abil_intelligence,Intelligence,MODIFIES,exp_level,Experience Level,raises racial level cap,elven and half-elven magic-users,neutral,unset,PHB,14,CHARACTER RACE TABLE II,explicit_rule,prose-sweep,core,,,
abil_intelligence,Intelligence,MODIFIES,exp_level,Experience Level,raises racial level cap,gnome illusionists,neutral,unset,PHB,14,CHARACTER RACE TABLE II,explicit_rule,prose-sweep,core,,,
abil_dexterity,Dexterity,MODIFIES,exp_level,Experience Level,raises racial level cap,gnome illusionists,neutral,unset,PHB,14,CHARACTER RACE TABLE II,explicit_rule,prose-sweep,core,,,
abil_dexterity,Dexterity,MODIFIES,exp_level,Experience Level,raises racial level cap,half-orc thieves,neutral,unset,PHB,14,CHARACTER RACE TABLE II,explicit_rule,prose-sweep,core,,,
race_subrace,Sub-Race,MODIFIES,exp_level,Experience Level,raises racial level cap,halfling sub-races,neutral,unset,PHB,14,CHARACTER RACE TABLE II,explicit_rule,prose-sweep,core,,,
race_dwarf,Dwarf,MODIFIES,abil_constitution,Constitution,racial adjustment,,neutral,unset,PHB,14,PENALTIES AND BONUSES FOR RACE,explicit_rule,prose-sweep,core,,,
race_dwarf,Dwarf,MODIFIES,abil_charisma,Charisma,racial adjustment,,neutral,unset,PHB,14,PENALTIES AND BONUSES FOR RACE,explicit_rule,prose-sweep,core,,,
race_elf,Elf,MODIFIES,abil_dexterity,Dexterity,racial adjustment,,neutral,unset,PHB,14,PENALTIES AND BONUSES FOR RACE,explicit_rule,prose-sweep,core,,,
race_elf,Elf,MODIFIES,abil_constitution,Constitution,racial adjustment,,neutral,unset,PHB,14,PENALTIES AND BONUSES FOR RACE,explicit_rule,prose-sweep,core,,,
race_half_orc,Half-Orc,MODIFIES,abil_strength,Strength,racial adjustment,,neutral,unset,PHB,14,PENALTIES AND BONUSES FOR RACE,explicit_rule,prose-sweep,core,,,
race_half_orc,Half-Orc,MODIFIES,abil_constitution,Constitution,racial adjustment,,neutral,unset,PHB,14,PENALTIES AND BONUSES FOR RACE,explicit_rule,prose-sweep,core,,,
race_half_orc,Half-Orc,MODIFIES,abil_charisma,Charisma,racial adjustment,,neutral,unset,PHB,14,PENALTIES AND BONUSES FOR RACE,explicit_rule,prose-sweep,core,,,
race_halfling,Halfling,MODIFIES,abil_strength,Strength,racial adjustment,,neutral,unset,PHB,14,PENALTIES AND BONUSES FOR RACE,explicit_rule,prose-sweep,core,,,
race_halfling,Halfling,MODIFIES,abil_dexterity,Dexterity,racial adjustment,,neutral,unset,PHB,14,PENALTIES AND BONUSES FOR RACE,explicit_rule,prose-sweep,core,,,
rule_racial_adjustment,Racial Ability Adjustment,FEEDS_INTO,tbl_race_minimums,Ability Score Minimums,counts toward meeting minimum,,neutral,derived,PHB,15,CHARACTER RACE TABLE III,explicit_rule,prose-sweep,core,,,
tbl_race_minimums,Ability Score Minimums,GATES,race_any,Race,race eligibility,,enables,derived,PHB,15,CHARACTER RACE TABLE III,explicit_rule,prose-sweep,core,,,
tbl_race_maximums,Ability Score Maximums,CONSTRAINS,sys_ability_scores,Ability Scores,score lowered to conform,,governs,heuristic,PHB,15,CHARACTER RACE TABLE III,explicit_rule,prose-sweep,core,,,
rule_racial_adjustment,Racial Ability Adjustment,OVERRIDES,rule_ability_generation,Ability Score Generation,modified score is the real score,,neutral,derived,PHB,14,PENALTIES AND BONUSES FOR RACE,explicit_rule,prose-sweep,core,explicit_replacement,,
race_any,Race,FEEDS_INTO,tbl_racial_preferences,Racial Preferences Table,attitude by race pair,,neutral,derived,PHB,18,RACIAL PREFERENCES,explicit_rule,prose-sweep,core,,,
tbl_racial_preferences,Racial Preferences Table,FEEDS_INTO,cbt_encounter_reactions,Encounter Reactions,racial reaction,by race pair,neutral,derived,PHB,18,RACIAL PREFERENCES TABLE,explicit_rule,page-sweep,core,,,
tbl_racial_preferences,Racial Preferences Table,FEEDS_INTO,hench_hirelings,Hirelings,acquisition by racial type,,neutral,derived,PHB,18,RACIAL PREFERENCES TABLE,explicit_rule,page-sweep,core,,,
race_subrace,Sub-Race,MODIFIES,tbl_racial_preferences,Racial Preferences Table,attitude shift,halfling sub-races,neutral,unset,PHB,18,RACIAL PREFERENCES,explicit_rule,prose-sweep,core,,,
class_druid,Druid,DERIVED_FROM,class_cleric,Cleric,sub-class,,neutral,derived,PHB,18,CHARACTER CLASSES,explicit_rule,prose-sweep,core,,,
class_paladin,Paladin,DERIVED_FROM,class_fighter,Fighter,sub-class,,neutral,derived,PHB,18,CHARACTER CLASSES,explicit_rule,prose-sweep,core,,,
class_ranger,Ranger,DERIVED_FROM,class_fighter,Fighter,sub-class,,neutral,derived,PHB,18,CHARACTER CLASSES,explicit_rule,prose-sweep,core,,,
class_illusionist,Illusionist,DERIVED_FROM,class_magic_user,Magic-User,sub-class,,neutral,derived,PHB,18,CHARACTER CLASSES,explicit_rule,prose-sweep,core,,,
class_assassin,Assassin,DERIVED_FROM,class_thief,Thief,sub-class,,neutral,derived,PHB,18,CHARACTER CLASSES,explicit_rule,prose-sweep,core,,,
sys_alignment,Alignment,GATES,class_paladin,Paladin,eligibility,lawful good only,enables,derived,PHB,18,CHARACTER CLASSES,explicit_rule,prose-sweep,core,,,
sys_alignment,Alignment,GATES,class_assassin,Assassin,eligibility,evil only,enables,derived,PHB,18,CHARACTER CLASSES,explicit_rule,prose-sweep,core,,,
rule_multiclass,Multi-Class,CONSTRAINS,sys_classes,Character Class,bound by thief limits,when thief is a component,neutral,unset,PHB,18,CHARACTER CLASSES,explicit_rule,prose-sweep,core,,,
abil_wisdom,Wisdom,GATES,class_cleric,Cleric,eligibility,higher minimum for multiclass half-elf,enables,derived,PHB,20,THE CLERIC,explicit_rule,prose-sweep,core,,,
abil_wisdom,Wisdom,MODIFIES,sys_experience,Experience Points,prime requisite bonus,above 15,neutral,unset,PHB,20,THE CLERIC,explicit_rule,prose-sweep,core,,,
class_cleric,Cleric,MODIFIES,rule_hit_points,Hit Points,hit die type,,neutral,unset,PHB,20,THE CLERIC,explicit_rule,prose-sweep,core,,,
sys_alignment,Alignment,GATES,class_cleric,Cleric,alignment eligibility,,enables,derived,PHB,20,The Cleric,explicit_rule,page-sweep,core,,,
rule_deity,Deity,GATES,rule_cleric_spells,Cleric Spells,spells bestowed,,enables,derived,PHB,20,THE CLERIC,explicit_rule,prose-sweep,core,,,
rule_holy_symbol,Holy Symbol,FEEDS_INTO,rule_cleric_spells,Cleric Spells,empowers spells,,neutral,derived,PHB,20,THE CLERIC,explicit_rule,prose-sweep,core,,,
class_cleric,Cleric,CONSTRAINS,sys_equipment,Weapons,edged and pointed forbidden,,neutral,unset,PHB,20,THE CLERIC,explicit_rule,prose-sweep,core,,,
rule_cleric_spells,Cleric Spells,CONSTRAINS,spell_components,Spell Components,must be spoken aloud,,neutral,unset,PHB,20,THE CLERIC,explicit_rule,prose-sweep,core,,,
rule_cleric_spells,Cleric Spells,ALTERNATIVE_TO,rule_spell_reversal,Reversed Spells,attack form,,neutral,derived,PHB,20,THE CLERIC,explicit_rule,prose-sweep,core,,,
class_cleric,Cleric,GATES,rule_turn_undead,Turning Undead,undead turning,,enables,derived,PHB,20,The Cleric,explicit_rule,page-sweep,core,,,
turn_undead,Turning Undead,RESOLVED_BY,exp_level,Experience Level,matrix by cleric level,,governs,derived,PHB,20,THE CLERIC,explicit_rule,prose-sweep,core,,,
turn_undead,Turning Undead,CONSTRAINS,monster_undead,Undead,effectiveness ceiling,hit dice versus cleric level,neutral,unset,PHB,20,THE CLERIC,explicit_rule,prose-sweep,core,,,
turn_undead,Turning Undead,ALTERNATIVE_TO,cbt_damage,Melee Damage,removing undead,,neutral,derived,PHB,20,THE CLERIC,explicit_rule,prose-sweep,core,,,
turn_undead,Turning Undead,TRIGGERS,monster_demon_devil,Demons and Devils,driving away,high level clerics only,neutral,unset,PHB,20,THE CLERIC,explicit_rule,prose-sweep,core,,,
race_any,Race,CONSTRAINS,class_cleric,Cleric,unlimited advancement,humans only,neutral,unset,PHB,20,THE CLERIC,explicit_rule,prose-sweep,core,,,
class_cleric,Cleric,FEEDS_INTO,cbt_attack_matrix,Attack Matrix,progression in three-level steps,,neutral,derived,PHB,20,THE CLERIC,explicit_rule,prose-sweep,core,,,
class_cleric,Cleric,FEEDS_INTO,save_matrix,Saving Throw Matrix,progression in three-level steps,,neutral,derived,PHB,20,THE CLERIC,explicit_rule,prose-sweep,core,,,
class_cleric,Cleric,GATES,rule_magic_item_use,Magic Item Use,which items usable,,enables,derived,PHB,20,THE CLERIC,explicit_rule,prose-sweep,core,,,
exp_level,Experience Level,GATES,class_followers,Followers,attracted at name level,,enables,derived,PHB,20,THE CLERIC,explicit_rule,prose-sweep,core,,,
rule_place_of_worship,Place of Worship,GATES,class_followers,Followers,must be established,,enables,derived,PHB,20,THE CLERIC,explicit_rule,prose-sweep,core,,,
sys_alignment,Alignment,CONSTRAINS,class_followers,Followers,loyalty lost on change,alignment or deity change,neutral,unset,PHB,20,THE CLERIC,explicit_rule,prose-sweep,core,,,
class_followers,Followers,CONSTRAINS,money_gp,Money,serve without pay,,neutral,unset,PHB,20,THE CLERIC,explicit_rule,prose-sweep,core,,,
exp_level,Experience Level,GATES,rule_stronghold,Stronghold,construction option,,enables,derived,PHB,20,THE CLERIC,explicit_rule,prose-sweep,core,,,
rule_stronghold,Stronghold,MODIFIES,money_gp,Money,halved construction cost,religious help,neutral,unset,PHB,20,THE CLERIC,explicit_rule,prose-sweep,core,,,
rule_stronghold,Stronghold,FEEDS_INTO,campaign_territory,Territory,cleared area yields revenue,,neutral,derived,PHB,20,THE CLERIC,explicit_rule,prose-sweep,core,,,
campaign_territory,Territory,FEEDS_INTO,money_gp,Money,monthly revenue per inhabitant,,neutral,derived,PHB,20,THE CLERIC,explicit_rule,prose-sweep,core,,,
class_druid,Druid,CONSTRAINS,rule_stronghold,Stronghold,no castles or towns,,neutral,unset,PHB,22,THE DRUID,explicit_rule,prose-sweep,core,,,
abil_strength,Strength,GATES,class_fighter,Fighter,eligibility,minimum score,enables,derived,PHB,22,THE FIGHTER,explicit_rule,prose-sweep,core,,,
abil_strength,Strength,MODIFIES,sys_experience,Experience Points,prime requisite bonus,above 15,neutral,unset,PHB,22,THE FIGHTER,explicit_rule,prose-sweep,core,,,
class_fighter,Fighter,MODIFIES,rule_hit_points,Hit Points,hit die type,,neutral,unset,PHB,22,THE FIGHTER,explicit_rule,prose-sweep,core,,,
class_fighter,Fighter,GATES,sys_equipment,Arms and Armor,unrestricted use,,enables,derived,PHB,22,THE FIGHTER,explicit_rule,prose-sweep,core,,,
class_fighter,Fighter,FEEDS_INTO,cbt_attack_matrix,Attack Matrix,most advantageous progression,,neutral,derived,PHB,22,THE FIGHTER,explicit_rule,prose-sweep,core,,,
class_fighter,Fighter,FEEDS_INTO,save_matrix,Saving Throw Matrix,progression,,neutral,derived,PHB,22,THE FIGHTER,explicit_rule,prose-sweep,core,,,
class_fighter,Fighter,GATES,rule_magic_item_use,Magic Item Use,which items usable,,enables,derived,PHB,22,THE FIGHTER,explicit_rule,prose-sweep,core,,,
exp_level,Experience Level,GATES,rule_freehold,Freehold,establishment option,,enables,derived,PHB,22,THE FIGHTER,explicit_rule,prose-sweep,core,,,
rule_freehold,Freehold,TRIGGERS,class_followers,Followers,attracts men-at-arms,area must be cleared,neutral,unset,PHB,22,THE FIGHTER,explicit_rule,prose-sweep,core,,,
class_followers,Followers,CONSUMES,money_gp,Money,mercenaries require pay,fighter freehold,neutral,derived,PHB,22,THE FIGHTER,explicit_rule,prose-sweep,core,,,
rule_freehold,Freehold,FEEDS_INTO,campaign_territory,Territory,cleared radius,,neutral,derived,PHB,22,THE FIGHTER,explicit_rule,prose-sweep,core,,,
tbl_fighters_i,Fighters Table I,FEEDS_INTO,exp_level,Experience Level,level by experience points,,neutral,derived,PHB,22,FIGHTERS TABLE I,explicit_rule,prose-sweep,core,,,
exp_level,Experience Level,MODIFIES,rule_hit_points,Hit Points,flat gain past name level,beyond 9th level,neutral,unset,PHB,22,FIGHTERS TABLE I,explicit_rule,prose-sweep,core,,,
race_any,Race,GATES,class_paladin,Paladin,eligibility,human only,enables,derived,PHB,22,THE PALADIN,explicit_rule,prose-sweep,core,,,
abil_strength,Strength,GATES,class_paladin,Paladin,eligibility,minimum score,enables,derived,PHB,22,THE PALADIN,explicit_rule,prose-sweep,core,,,
abil_charisma,Charisma,GATES,class_paladin,Paladin,eligibility,high minimum score,enables,derived,PHB,22,THE PALADIN,explicit_rule,prose-sweep,core,,,
abil_strength,Strength,MODIFIES,sys_experience,Experience Points,prime requisite bonus,strength and wisdom both above 15,neutral,unset,PHB,22,THE PALADIN,explicit_rule,prose-sweep,core,,,
sys_alignment,Alignment,GATES,class_paladin,Paladin,must begin and remain lawful good,,enables,derived,PHB,22,THE PALADIN,explicit_rule,prose-sweep,core,,,
rule_chaotic_act,Chaotic Act,TRIGGERS,rule_penance,Penance,confession required,knowing act,neutral,unset,PHB,23,THE PALADIN,explicit_rule,prose-sweep,core,,,
rule_penance,Penance,GATES,class_paladin,Paladin,status retained,high-level lawful good cleric required,enables,derived,PHB,23,THE PALADIN,explicit_rule,prose-sweep,core,,,
rule_evil_act,Evil Act,TRIGGERS,class_paladin_loss,Loss of Paladinhood,loss of class,knowingly and willingly,inflicts,read,PHB,22,The Paladin,explicit_rule,page-sweep,core,,,
class_paladin_loss,Loss of Paladinhood,OVERRIDES,rule_magic_item_use,Restorative Magic,no magic can restore,,neutral,derived,PHB,23,THE PALADIN,explicit_rule,prose-sweep,core,explicit_replacement,,
class_paladin_loss,Loss of Paladinhood,FEEDS_INTO,class_fighter,Fighter,reverts to fighter,,neutral,derived,PHB,23,THE PALADIN,explicit_rule,prose-sweep,core,,,
class_paladin,Paladin,GATES,rule_detect_evil,Detect Evil,evil detection,when concentrating,enables,derived,PHB,22,The Paladin,explicit_rule,page-sweep,core,,,
class_paladin,Paladin,MODIFIES,save_matrix,Saving Throw Matrix,bonus to all saves,,improves,heuristic,PHB,23,THE PALADIN,explicit_rule,prose-sweep,core,,,
class_paladin,Paladin,EXCLUDES,rule_disease,Disease,disease immunity,,negates,derived,PHB,22,The Paladin,explicit_rule,page-sweep,core,,,
class_paladin,Paladin,GATES,rule_lay_on_hands,Lay on Hands,wound healing,,enables,derived,PHB,22,The Paladin,explicit_rule,page-sweep,core,,,
rule_lay_on_hands,Lay on Hands,MODIFIES,rule_hit_points,Hit Points,heals damage,,neutral,unset,PHB,23,THE PALADIN,explicit_rule,prose-sweep,core,,,
exp_level,Experience Level,MODIFIES,rule_lay_on_hands,Lay on Hands,amount healed,,neutral,unset,PHB,23,THE PALADIN,explicit_rule,prose-sweep,core,,,
rule_lay_on_hands,Lay on Hands,CONSTRAINS,rule_lay_on_hands,Lay on Hands,once per day,,neutral,unset,PHB,23,THE PALADIN,explicit_rule,prose-sweep,core,,,
class_paladin,Paladin,TRIGGERS,spell_cure_disease,Cure Disease,granted ability,,neutral,unset,PHB,23,THE PALADIN,explicit_rule,prose-sweep,core,,,
exp_level,Experience Level,GATES,spell_cure_disease,Cure Disease,uses per week,paladin scaling,enables,derived,PHB,23,THE PALADIN,explicit_rule,prose-sweep,core,,,
class_paladin,Paladin,TRIGGERS,spell_protection_from_evil,Protection from Evil,continuous aura,,neutral,unset,PHB,23,THE PALADIN,explicit_rule,prose-sweep,core,,,
exp_level,Experience Level,GATES,turn_undead,Turning Undead,paladin gains at third level,,enables,derived,PHB,23,THE PALADIN,explicit_rule,prose-sweep,core,,,class_level_conflation
class_paladin,Paladin,GATES,rule_turn_undead,Turning Undead,undead turning,,enables,derived,PHB,22,The Paladin,explicit_rule,page-sweep,core,,,
class_ranger,Ranger,EXCLUDES,class_followers,Followers,no mercenaries attracted,at stronghold,negates,derived,PHB,25,RANGERS TABLE I,explicit_rule,prose-sweep,core,,,
tbl_rangers_i,Rangers Table I,FEEDS_INTO,exp_level,Experience Level,level by experience points,,neutral,derived,PHB,25,RANGERS TABLE I,explicit_rule,prose-sweep,core,,,
exp_level,Experience Level,GATES,rule_ranger_spells,Ranger Spell Use,spell access,upper levels only,enables,derived,PHB,25,SPELLS USABLE BY CLASS AND LEVEL,explicit_rule,prose-sweep,core,,,
rule_ranger_spells,Ranger Spell Use,DERIVED_FROM,rule_druid_spells,Druid Spells,limited druidic access,,neutral,derived,PHB,25,SPELLS USABLE BY CLASS AND LEVEL,explicit_rule,prose-sweep,core,,,
rule_ranger_spells,Ranger Spell Use,DERIVED_FROM,rule_magic_user_spells,Magic-User Spells,limited arcane access,,neutral,derived,PHB,25,SPELLS USABLE BY CLASS AND LEVEL,explicit_rule,prose-sweep,core,,,
rule_chance_know_spell,Chance to Know Each Listed Spell,GATES,rule_ranger_spells,Ranger Spell Use,must check as magic-user,arcane spells only,enables,derived,PHB,25,SPELLS USABLE BY CLASS AND LEVEL,explicit_rule,prose-sweep,core,,,
exp_level,Experience Level,MODIFIES,cbt_attacks_per_round,Attacks Per Melee Round,rate increases,fighter classes,neutral,unset,PHB,25,ATTACKS PER MELEE ROUND TABLE,explicit_rule,prose-sweep,core,,,
cbt_attacks_per_round,Attacks Per Melee Round,CONSTRAINS,sys_equipment,Weapons,thrusting or striking only,,neutral,unset,PHB,25,ATTACKS PER MELEE ROUND TABLE,explicit_rule,prose-sweep,core,,,
cbt_attacks_per_round,Attacks Per Melee Round,EXCLUDED_FROM,monster_low_hit_dice,Creatures Under One Hit Die,normal rate does not apply,,negates,derived,PHB,25,ATTACKS PER MELEE ROUND TABLE,explicit_rule,prose-sweep,core,,,
exp_level,Experience Level,OVERRIDES,cbt_attacks_per_round,Attacks Per Melee Round,one attack per level,versus sub-one-hit-die creatures,neutral,derived,PHB,25,ATTACKS PER MELEE ROUND TABLE,explicit_rule,prose-sweep,core,explicit_replacement,,
abil_intelligence,Intelligence,MODIFIES,sys_experience,Experience Points,prime requisite bonus,high score,neutral,unset,PHB,25,THE MAGIC-USER,explicit_rule,prose-sweep,core,,,
class_magic_user,Magic-User,MODIFIES,rule_hit_points,Hit Points,hit die type,,neutral,unset,PHB,25,THE MAGIC-USER,explicit_rule,prose-sweep,core,,,
class_magic_user,Magic-User,FEEDS_INTO,cbt_attack_matrix,Attack Matrix,least favorable progression,,neutral,derived,PHB,25,THE MAGIC-USER,explicit_rule,prose-sweep,core,,,
class_magic_user,Magic-User,CONSTRAINS,sys_armor,Armor,no armor permitted,,neutral,unset,PHB,25,THE MAGIC-USER,explicit_rule,prose-sweep,core,,,
class_magic_user,Magic-User,CONSTRAINS,sys_equipment,Weapons,very limited selection,,neutral,unset,PHB,25,THE MAGIC-USER,explicit_rule,prose-sweep,core,,,
rule_spell_book,Spell Book,GATES,rule_spell_memorization,Spell Memorization,must consult to prepare,,enables,derived,PHB,25,THE MAGIC-USER,explicit_rule,prose-sweep,core,,,
rule_spell_casting,Casting a Spell,CONSUMES,rule_spell_memorization,Spell Memorization,expended on use,,neutral,derived,PHB,25,THE MAGIC-USER,explicit_rule,prose-sweep,core,,,
rule_spell_memorization,Spell Memorization,GATES,rule_spell_casting,Casting a Spell,must be prepared first,,enables,derived,PHB,25,THE MAGIC-USER,explicit_rule,prose-sweep,core,,,
rule_magic_user_spells,Magic-User Spells,CONSTRAINS,spell_components,Spell Components,must be spoken aloud,,neutral,unset,PHB,25,THE MAGIC-USER,explicit_rule,prose-sweep,core,,,
rule_spell_book,Spell Book,CONSUMES,rule_research,Study and Research,preparation of each new book,,neutral,derived,PHB,25,THE MAGIC-USER,explicit_rule,prose-sweep,core,,,
class_magic_user,Magic-User,GATES,rule_magic_item_use,Magic Item Use,scrolls wands staves,class-exclusive items,enables,derived,PHB,25,THE MAGIC-USER,explicit_rule,prose-sweep,core,,,
exp_level,Experience Level,GATES,item_scribe_scroll,Scribing Scrolls,ability unlocked,,enables,derived,PHB,25,THE MAGIC-USER,explicit_rule,prose-sweep,core,,,
exp_level,Experience Level,GATES,item_brew_potion,Concocting Potions,ability unlocked,,enables,derived,PHB,25,THE MAGIC-USER,explicit_rule,prose-sweep,core,,,
exp_level,Experience Level,GATES,item_enchant,Enchanting Items,ability unlocked,higher level,enables,derived,PHB,25,THE MAGIC-USER,explicit_rule,prose-sweep,core,,,
item_scribe_scroll,Scribing Scrolls,CONSUMES,rule_time,Time,weeks to months,,neutral,derived,PHB,25,THE MAGIC-USER,explicit_rule,prose-sweep,core,,,
item_scribe_scroll,Scribing Scrolls,CONSUMES,money_gp,Money,costly process,,neutral,derived,PHB,25,THE MAGIC-USER,explicit_rule,prose-sweep,core,,,
item_brew_potion,Concocting Potions,CONSUMES,rule_time,Time,extended period,,neutral,derived,PHB,25,THE MAGIC-USER,explicit_rule,prose-sweep,core,,,
item_enchant,Enchanting Items,CONSUMES,money_gp,Money,costly process,,neutral,derived,PHB,25,THE MAGIC-USER,explicit_rule,prose-sweep,core,,,
abil_dexterity,Dexterity,GATES,class_thief,Thief,eligibility,minimum score,enables,derived,PHB,27,THE THIEF,explicit_rule,prose-sweep,core,,,
abil_dexterity,Dexterity,MODIFIES,sys_experience,Experience Points,prime requisite bonus,above 15,neutral,unset,PHB,27,THE THIEF,explicit_rule,prose-sweep,core,,,
sys_alignment,Alignment,CONSTRAINS,class_thief,Thief,neutral or evil,neutral good rare,neutral,unset,PHB,27,THE THIEF,explicit_rule,prose-sweep,core,,,
class_thief,Thief,MODIFIES,rule_hit_points,Hit Points,hit die type,,neutral,unset,PHB,27,THE THIEF,explicit_rule,prose-sweep,core,,,
class_thief,Thief,CONSTRAINS,sys_armor,Armor,light armor only,,neutral,unset,PHB,27,THE THIEF,explicit_rule,prose-sweep,core,,,
class_thief,Thief,CONSTRAINS,sys_equipment,Weapons,limited selection,,neutral,unset,PHB,27,THE THIEF,explicit_rule,prose-sweep,core,,,
class_thief,Thief,FEEDS_INTO,cbt_attack_matrix,Attack Matrix,slightly better than magic-user,,neutral,derived,PHB,27,THE THIEF,explicit_rule,prose-sweep,core,,,
thief_pick_pockets,Pick Pockets,DERIVED_FROM,thief_skills,Thief Skills,primary function,,neutral,derived,PHB,27,THE THIEF,explicit_rule,prose-sweep,core,,,
thief_open_locks,Open Locks,DERIVED_FROM,thief_skills,Thief Skills,primary function,,neutral,derived,PHB,27,THE THIEF,explicit_rule,prose-sweep,core,,,
thief_find_remove_traps,Find/Remove Traps,DERIVED_FROM,thief_skills,Thief Skills,primary function,,neutral,derived,PHB,27,THE THIEF,explicit_rule,prose-sweep,core,,,
thief_move_silently,Move Silently,DERIVED_FROM,thief_skills,Thief Skills,primary function,,neutral,derived,PHB,27,THE THIEF,explicit_rule,prose-sweep,core,,,
thief_hide_in_shadows,Hide in Shadows,DERIVED_FROM,thief_skills,Thief Skills,primary function,,neutral,derived,PHB,27,THE THIEF,explicit_rule,prose-sweep,core,,,
thief_hear_noise,Hear Noise,DERIVED_FROM,thief_skills,Thief Skills,secondary function,,neutral,derived,PHB,27,THE THIEF,explicit_rule,prose-sweep,core,,,
thief_climb_walls,Climb Walls,DERIVED_FROM,thief_skills,Thief Skills,secondary function,,neutral,derived,PHB,27,THE THIEF,explicit_rule,prose-sweep,core,,,
thief_backstab,Back Stab,DERIVED_FROM,thief_skills,Thief Skills,secondary function,,neutral,derived,PHB,27,THE THIEF,explicit_rule,prose-sweep,core,,,
exp_level,Experience Level,MODIFIES,thief_skills,Thief Skills,success chance,,improves,read,PHB,27,THE THIEF,explicit_rule,prose-sweep,core,,,
exp_level,Experience Level,MODIFIES,thief_pick_pockets,Pick Pockets,success chance,victim level,worsens,read,PHB,28,The Thief,explicit_rule,page-sweep,core,,,
rule_observer,Observer,MODIFIES,thief_hide_in_shadows,Hide in Shadows,detection chance,observer's powers,neutral,unset,PHB,27,THE THIEF,explicit_rule,prose-sweep,core,,,
thief_open_locks,Open Locks,OVERRIDES,rule_magical_closure,Magical Closure,foiling magical locks,,neutral,derived,PHB,27,THE THIEF,explicit_rule,prose-sweep,core,explicit_replacement,,
thief_open_locks,Open Locks,ALTERNATIVE_TO,str_open_doors,Open Doors,passing a barrier,,neutral,derived,PHB,27,THE THIEF,inferred_rule,prose-sweep,core,,,
thief_find_remove_traps,Find/Remove Traps,CONSTRAINS,rule_traps,Traps,small mechanical devices only,,neutral,unset,PHB,27,THE THIEF,explicit_rule,prose-sweep,core,,,
thief_move_silently,Move Silently,GATES,thief_hear_noise,Hear Noise,approach to the door,,enables,derived,PHB,27,THE THIEF,explicit_rule,prose-sweep,core,,,
thief_climb_walls,Climb Walls,CONSTRAINS,rule_surface,Surface,requires coarse surface,,neutral,unset,PHB,27,THE THIEF,explicit_rule,prose-sweep,core,,,
thief_backstab,Back Stab,MODIFIES,cbt_damage,Damage,multiplied damage,,neutral,unset,PHB,27,THE THIEF,explicit_rule,prose-sweep,core,,,
exp_level,Experience Level,MODIFIES,thief_backstab,Back Stab,damage multiplier tier,,neutral,unset,PHB,27,THE THIEF,explicit_rule,prose-sweep,core,,,
thief_backstab,Back Stab,MODIFIES,cbt_tohit,To-Hit Roll,bonus from behind,,neutral,unset,PHB,27,THE THIEF,explicit_rule,prose-sweep,core,,,
thief_backstab,Back Stab,GATES,cbt_rear_attack,Rear Attack,must strike from behind,,enables,derived,PHB,27,THE THIEF,explicit_rule,prose-sweep,core,,,
class_thief,Thief,GATES,rule_thieves_cant,Thieves' Cant,class language,,enables,derived,PHB,27,THE THIEF,explicit_rule,prose-sweep,core,,,
rule_thieves_cant,Thieves' Cant,DERIVED_FROM,rule_languages,Languages,known in addition to others,,neutral,derived,PHB,27,THE THIEF,explicit_rule,prose-sweep,core,,,
exp_level,Experience Level,GATES,thief_read_languages,Read Languages,ability unlocked,fourth level,enables,derived,PHB,27,THE THIEF,explicit_rule,prose-sweep,core,,,
exp_level,Experience Level,MODIFIES,thief_read_languages,Read Languages,success chance,,neutral,unset,PHB,27,THE THIEF,explicit_rule,prose-sweep,core,,,
thief_read_languages,Read Languages,ALTERNATIVE_TO,rule_magic_item_use,Magic Item Use,reading maps and instructions,,neutral,derived,PHB,27,THE THIEF,explicit_rule,prose-sweep,core,,,
exp_level,Experience Level,GATES,thief_read_scrolls,Use Scrolls,ability unlocked,tenth level,enables,derived,PHB,27,THE THIEF,explicit_rule,prose-sweep,core,,,
thief_read_scrolls,Use Scrolls,EXCLUDED_FROM,rule_cleric_spells,Clerical Scrolls,cannot use,druidic permitted,negates,derived,PHB,27,THE THIEF,explicit_rule,prose-sweep,core,,,
thief_read_scrolls,Use Scrolls,TRIGGERS,rule_scroll_mishap,Scroll Mishap,misunderstanding chance,,neutral,unset,PHB,27,THE THIEF,explicit_rule,prose-sweep,core,,,
rule_scroll_mishap,Scroll Mishap,TRIGGERS,rule_spell_reversal,Reversed Spell,spell reverses intent,mispronunciation,neutral,unset,PHB,27,THE THIEF,explicit_rule,prose-sweep,core,,,
rule_spell_level,Spell Level,MODIFIES,rule_scroll_mishap,Scroll Mishap,reversal chance rises,,neutral,unset,PHB,27,THE THIEF,explicit_rule,prose-sweep,core,,,
class_thief,Thief,CONSTRAINS,rule_stronghold,Stronghold,small fortified building only,must be near a town,neutral,unset,PHB,27,THE THIEF,explicit_rule,prose-sweep,core,,,
exp_level,Experience Level,GATES,class_followers,Followers,gang of thieves attracted,tenth level and a headquarters,enables,derived,PHB,27,THE THIEF,explicit_rule,prose-sweep,core,,,
class_followers,Followers,TRIGGERS,rule_thieves_guild,Thieves Guild,enmity provoked,thief gang,neutral,unset,PHB,27,THE THIEF,explicit_rule,prose-sweep,core,,,
spell_knock,Knock,ALTERNATIVE_TO,thief_open_locks,Open Locks,opening locked portals,,neutral,derived,PHB,73,KNOCK,explicit_rule,prose-sweep,core,,,
spell_knock,Knock,ALTERNATIVE_TO,str_open_doors,Open Doors,opening stuck or held doors,,neutral,derived,PHB,73,KNOCK,explicit_rule,prose-sweep,core,,,
spell_knock,Knock,ALTERNATIVE_TO,ex_secret_doors,Secret Doors,causes them to open,,neutral,derived,PHB,73,KNOCK,explicit_rule,prose-sweep,core,,,
spell_knock,Knock,EXCLUDES,str_bend_bars,Bend Bars/Lift Gates,will not raise bars or portcullis,,negates,derived,PHB,73,KNOCK,explicit_rule,prose-sweep,core,,,
spell_knock,Knock,OVERRIDES,spell_wizard_lock,Wizard Lock,suspends but does not remove,wizard-locked portals,neutral,derived,PHB,73,KNOCK,explicit_rule,prose-sweep,core,explicit_replacement,,
spell_knock,Knock,CONSTRAINS,spell_knock,Knock,two functions per casting,multiple impediments need multiple castings,neutral,unset,PHB,73,KNOCK,explicit_rule,prose-sweep,core,,,
spell_knock,Knock,CONSTRAINS,spell_components,Spell Components,verbal only,,neutral,unset,PHB,73,KNOCK,explicit_rule,prose-sweep,core,,,
str_bend_bars,Bend Bars/Lift Gates,ALTERNATIVE_TO,thief_open_locks,Open Locks,passing a barrier,,neutral,derived,PHB,9,STRENGTH TABLE II,inferred_rule,prose-sweep,core,,,
spell_leomunds_trap,Leomund's Trap,MODIFIES,thief_find_remove_traps,Find/Remove Traps,false positive,,neutral,unset,PHB,73,LEOMUND'S TRAP,explicit_rule,prose-sweep,core,,,
spell_leomunds_trap,Leomund's Trap,MODIFIES,race_dwarf,Dwarf,targets trap-detecting races,,neutral,unset,PHB,73,LEOMUND'S TRAP,explicit_rule,prose-sweep,core,,,
abil_strength,Strength,GATES,class_assassin,Assassin,eligibility,minimum score,enables,derived,PHB,28,THE ASSASSIN,explicit_rule,prose-sweep,core,,,
abil_dexterity,Dexterity,GATES,class_assassin,Assassin,eligibility,minimum score,enables,derived,PHB,28,THE ASSASSIN,explicit_rule,prose-sweep,core,,,
class_assassin,Assassin,EXCLUDED_FROM,sys_experience,Prime Requisite Bonus,no ability score bonus,,negates,derived,PHB,28,THE ASSASSIN,explicit_rule,prose-sweep,core,,,
class_assassin,Assassin,MODIFIES,rule_hit_points,Hit Points,hit die type,,neutral,unset,PHB,28,THE ASSASSIN,explicit_rule,prose-sweep,core,,,
sys_alignment,Alignment,GATES,class_assassin,Assassin,evil required,,enables,derived,PHB,28,THE ASSASSIN,explicit_rule,prose-sweep,core,,,
class_assassin,Assassin,GATES,sys_equipment,Arms and Shields,any shield and weapon,,enables,derived,PHB,28,THE ASSASSIN,explicit_rule,prose-sweep,core,,,
class_assassin,Assassin,FEEDS_INTO,cbt_attack_matrix,Attack Matrix,uses thief tables,,neutral,derived,PHB,29,THE ASSASSIN,explicit_rule,prose-sweep,core,,,
class_assassin,Assassin,GATES,thief_backstab,Back Stab,inherited ability,,enables,derived,PHB,29,THE ASSASSIN,explicit_rule,prose-sweep,core,,,
rule_assassins_guild,Assassins Guild,CONSTRAINS,class_assassin,Assassin,membership pressure,within guild territory,neutral,unset,PHB,29,THE ASSASSIN,explicit_rule,prose-sweep,core,,,
rule_assassins_guild,Assassins Guild,GATES,rule_assassination,Assassination,death sentence if non-member,performing assassination,enables,derived,PHB,29,THE ASSASSIN,explicit_rule,prose-sweep,core,,,
campaign_territory,Territory,FEEDS_INTO,rule_assassins_guild,Assassins Guild,controlled radius,,neutral,derived,PHB,29,THE ASSASSIN,explicit_rule,prose-sweep,core,,,
class_assassin,Assassin,GATES,rule_poison_use,Use of Poison,class ability,,enables,derived,PHB,29,THE ASSASSIN,explicit_rule,prose-sweep,core,,,
rule_poison_use,Use of Poison,ALTERNATIVE_TO,rule_poison_ingested,Ingested Poison,delivery method,,neutral,derived,PHB,29,THE ASSASSIN,explicit_rule,prose-sweep,core,,,
rule_poison_use,Use of Poison,ALTERNATIVE_TO,rule_poison_insinuated,Insinuated Poison,delivery method,,neutral,derived,PHB,29,THE ASSASSIN,explicit_rule,prose-sweep,core,,,
rule_poison_use,Use of Poison,TRIGGERS,rule_poison_detection,Poison Detection,onlookers may notice,bared weapon in view,neutral,unset,PHB,29,THE ASSASSIN,explicit_rule,prose-sweep,core,,,
rule_poison_detection,Poison Detection,TRIGGERS,cbt_encounter_reactions,Encounter Reactions,attack or hue and cry,,neutral,unset,PHB,29,THE ASSASSIN,explicit_rule,prose-sweep,core,,,
cbt_melee_round,Melee Round,MODIFIES,rule_poison_detection,Poison Detection,cumulative chance per round,,neutral,unset,PHB,29,THE ASSASSIN,explicit_rule,prose-sweep,core,,,
cbt_surprise,Surprise,GATES,tbl_assassination,Assassination Table,must surprise the victim,,enables,derived,PHB,29,THE ASSASSIN,explicit_rule,prose-sweep,core,,,
tbl_assassination,Assassination Table,ALTERNATIVE_TO,thief_backstab,Back Stab,attack mode choice,,neutral,derived,PHB,29,THE ASSASSIN,explicit_rule,prose-sweep,core,,,
tbl_assassination,Assassination Table,ALTERNATIVE_TO,cbt_damage,Normal Melee,attack mode choice,,neutral,derived,PHB,29,THE ASSASSIN,explicit_rule,prose-sweep,core,,,
tbl_assassination,Assassination Table,TRIGGERS,rule_instant_death,Instant Death,on success,,governs,heuristic,PHB,29,THE ASSASSIN,explicit_rule,prose-sweep,core,,,
tbl_assassination,Assassination Table,FEEDS_INTO,cbt_damage,Damage,normal damage on failure,,neutral,derived,PHB,29,THE ASSASSIN,explicit_rule,prose-sweep,core,,,
abil_strength,Strength,MODIFIES,tbl_assassination,Assassination Table,damage on failed attempt,,neutral,unset,PHB,29,THE ASSASSIN,explicit_rule,prose-sweep,core,,,
rule_poison_use,Use of Poison,TRIGGERS,save_poison,Saving Throw vs Poison,victim must save,poisoned weapon used,neutral,unset,PHB,29,THE ASSASSIN,explicit_rule,prose-sweep,core,,,
save_poison,Saving Throw vs Poison,TRIGGERS,rule_instant_death,Instant Death,on failure,,neutral,unset,PHB,29,THE ASSASSIN,explicit_rule,prose-sweep,core,,,
abil_intelligence,Intelligence,GATES,rule_alignment_languages,Alignment Languages,ability to learn,high score required,enables,derived,PHB,29,THE ASSASSIN,explicit_rule,prose-sweep,core,,,
exp_level,Experience Level,GATES,rule_alignment_languages,Alignment Languages,first language gained,upper levels,enables,derived,PHB,29,THE ASSASSIN,explicit_rule,prose-sweep,core,,,
abil_intelligence,Intelligence,CONSTRAINS,rule_alignment_languages,Alignment Languages,maximum number knowable,,neutral,unset,PHB,29,THE ASSASSIN,explicit_rule,prose-sweep,core,,,
rule_alignment_languages,Alignment Languages,DERIVED_FROM,sys_alignment,Alignment,one tongue per alignment,,neutral,derived,PHB,29,THE ASSASSIN,explicit_rule,prose-sweep,core,,,
rule_alignment_languages,Alignment Languages,FEEDS_INTO,rule_thieves_cant,Thieves' Cant,selectable by assassins,,neutral,derived,PHB,29,THE ASSASSIN,explicit_rule,prose-sweep,core,,,
rule_alignment_languages,Alignment Languages,FEEDS_INTO,rule_druidic_language,Druidic,selectable by assassins,,neutral,derived,PHB,29,THE ASSASSIN,explicit_rule,prose-sweep,core,,,
class_assassin,Assassin,GATES,rule_disguise,Disguise,class ability,,enables,derived,PHB,29,THE ASSASSIN,explicit_rule,prose-sweep,core,,,
rule_disguise,Disguise,GATES,rule_poison_use,Use of Poison,creates opportunity,,enables,derived,PHB,29,THE ASSASSIN,explicit_rule,prose-sweep,core,,,
rule_disguise,Disguise,GATES,cbt_surprise,Surprise,creates opportunity,,enables,derived,PHB,29,THE ASSASSIN,explicit_rule,prose-sweep,core,,,
abil_strength,Strength,GATES,class_monk,Monk,eligibility,high minimum score,enables,derived,PHB,30,THE MONK,explicit_rule,prose-sweep,core,,,
abil_dexterity,Dexterity,GATES,class_monk,Monk,eligibility,high minimum score,enables,derived,PHB,30,THE MONK,explicit_rule,prose-sweep,core,,,
class_monk,Monk,EXCLUDED_FROM,sys_experience,Prime Requisite Bonus,never gains ability bonus,,negates,derived,PHB,30,THE MONK,explicit_rule,prose-sweep,core,,,
class_monk,Monk,EXCLUDES,abil_dex_defensive_adjustment,Dexterity Defensive Adjustment,no armor class benefit,,negates,derived,PHB,30,THE MONK,explicit_rule,prose-sweep,core,,,
sys_alignment,Alignment,GATES,class_monk,Monk,must be lawful,,enables,derived,PHB,30,THE MONK,explicit_rule,prose-sweep,core,,,
sys_alignment,Alignment,TRIGGERS,class_monk_loss,Loss of Monk Status,all abilities lost,on losing lawful alignment,neutral,unset,PHB,30,THE MONK,explicit_rule,prose-sweep,core,,,
class_monk_loss,Loss of Monk Status,OVERRIDES,exp_level,Experience Level,restart at first level,,neutral,derived,PHB,30,THE MONK,explicit_rule,prose-sweep,core,explicit_replacement,,
class_monk,Monk,MODIFIES,rule_hit_points,Hit Points,hit die type,,neutral,unset,PHB,30,THE MONK,explicit_rule,prose-sweep,core,,,
class_monk,Monk,CONSTRAINS,sys_armor,Armor,no armor or shield,,neutral,unset,PHB,30,THE MONK,explicit_rule,prose-sweep,core,,,
class_monk,Monk,EXCLUDES,rule_flaming_oil,Flaming Oil,cannot use,,negates,derived,PHB,30,THE MONK,explicit_rule,prose-sweep,core,,,
class_monk,Monk,EXCLUDES,rule_spell_casting,Spell Casting,no spell ability,,negates,derived,PHB,30,THE MONK,explicit_rule,prose-sweep,core,,,
class_monk,Monk,FEEDS_INTO,cbt_attack_matrix,Attack Matrix,uses cleric table,,neutral,derived,PHB,30,THE MONK,explicit_rule,prose-sweep,core,,,
exp_level,Experience Level,MODIFIES,cbt_damage,Damage,bonus with weapons,monk scaling,neutral,unset,PHB,30,THE MONK,explicit_rule,prose-sweep,core,,,
class_monk,Monk,GATES,rule_open_hand_combat,Open Hand Combat,class ability,,enables,derived,PHB,30,THE MONK,explicit_rule,prose-sweep,core,,,
rule_open_hand_combat,Open Hand Combat,MODIFIES,cbt_damage,Damage,tabulated by level,,neutral,unset,PHB,30,MONKS TABLE II,explicit_rule,prose-sweep,core,,,
rule_open_hand_combat,Open Hand Combat,ALTERNATIVE_TO,cbt_damage,Armed Melee,better at median levels,,neutral,derived,PHB,30,THE MONK,explicit_rule,prose-sweep,core,,,
rule_open_hand_combat,Open Hand Combat,TRIGGERS,rule_stun,Stunning Blow,on exceptional hit,,neutral,unset,PHB,30,THE MONK,explicit_rule,prose-sweep,core,,,
cbt_tohit,To-Hit Roll,GATES,rule_stun,Stunning Blow,margin above required score,,enables,derived,PHB,30,THE MONK,explicit_rule,prose-sweep,core,,,
rule_open_hand_combat,Open Hand Combat,EXCLUDES,abil_strength,Strength,to-hit never modified by strength,,negates,derived,PHB,30,THE MONK,explicit_rule,prose-sweep,core,,,
rule_stun,Stunning Blow,GATES,rule_monk_kill,Killing Blow,target must be stunned first,,enables,derived,PHB,30,THE MONK,explicit_rule,prose-sweep,core,,,
cbt_armor_class,Armor Class,FEEDS_INTO,rule_monk_kill,Killing Blow,kill chance equals opponent AC,,neutral,derived,PHB,30,THE MONK,explicit_rule,prose-sweep,core,,,
exp_level,Experience Level,MODIFIES,rule_monk_kill,Killing Blow,levels above seventh,,neutral,unset,PHB,30,THE MONK,explicit_rule,prose-sweep,core,,,
rule_stun,Stunning Blow,MODIFIES,cbt_tohit,To-Hit Roll,target stunned for rounds,,neutral,unset,PHB,30,THE MONK,explicit_rule,prose-sweep,core,,,
exp_level,Experience Level,GATES,cbt_attacks_per_round,Attacks Per Melee Round,multiple open hand attacks,fourth level and above,enables,derived,PHB,30,THE MONK,explicit_rule,prose-sweep,core,,,
class_monk,Monk,FEEDS_INTO,save_matrix,Saving Throw Matrix,uses thief table,,neutral,derived,PHB,30,THE MONK,explicit_rule,prose-sweep,core,,,
save_petrify,Saving Throw vs Petrification,GATES,rule_missile_dodge,Dodging Missiles,save per potential hit,non-magical missiles only,enables,derived,PHB,30,THE MONK,explicit_rule,prose-sweep,core,,,
class_monk,Monk,OVERRIDES,save_matrix,Saving Throw Matrix,no damage on success,,neutral,derived,PHB,30,THE MONK,explicit_rule,prose-sweep,core,explicit_replacement,,
exp_level,Experience Level,MODIFIES,save_matrix,Saving Throw Matrix,half damage on failure,ninth level and above,neutral,unset,PHB,30,THE MONK,explicit_rule,prose-sweep,core,,,
rule_gaze_attack,Gaze Attack,OVERRIDES,save_matrix,Monk Half-Damage,petrification still applies,,neutral,derived,PHB,30,THE MONK,explicit_rule,prose-sweep,core,explicit_replacement,,
exp_level,Experience Level,MODIFIES,cbt_surprise,Surprise,harder to surprise per level,,neutral,unset,PHB,30,THE MONK,explicit_rule,prose-sweep,core,,,
class_monk,Monk,GATES,thief_skills,Thief Skills,performed at equal level,,enables,derived,PHB,31,THE MONK,explicit_rule,prose-sweep,core,,,
rule_dm_discretion,DM Discretion,GATES,class_bard,Bard,inclusion in campaign,optional class,enables,derived,PHB,117,APPENDIX II BARDS,explicit_rule,prose-sweep,optional,,,
abil_strength,Strength,GATES,class_bard,Bard,eligibility,high minimum score,enables,derived,PHB,117,BARD ABILITIES,explicit_rule,prose-sweep,optional,,,
abil_wisdom,Wisdom,GATES,class_bard,Bard,eligibility,high minimum score,enables,derived,PHB,117,BARD ABILITIES,explicit_rule,prose-sweep,optional,,,
abil_dexterity,Dexterity,GATES,class_bard,Bard,eligibility,high minimum score,enables,derived,PHB,117,BARD ABILITIES,explicit_rule,prose-sweep,optional,,,
abil_charisma,Charisma,GATES,class_bard,Bard,eligibility,high minimum score,enables,derived,PHB,117,BARD ABILITIES,explicit_rule,prose-sweep,optional,,,
abil_intelligence,Intelligence,GATES,class_bard,Bard,eligibility,minimum score,enables,derived,PHB,117,BARD ABILITIES,explicit_rule,prose-sweep,optional,,,
abil_constitution,Constitution,GATES,class_bard,Bard,eligibility,minimum score,enables,derived,PHB,117,BARD ABILITIES,explicit_rule,prose-sweep,optional,,,
race_any,Race,GATES,class_bard,Bard,eligibility,human or half-elven only,enables,derived,PHB,117,BARD RACE,explicit_rule,prose-sweep,optional,,,
class_bard,Bard,DERIVED_FROM,class_fighter,Fighter,first stage of progression,,neutral,derived,PHB,117,THE CLASS,explicit_rule,prose-sweep,optional,,,
class_bard,Bard,DERIVED_FROM,class_thief,Thief,second stage of progression,,neutral,derived,PHB,117,THE CLASS,explicit_rule,prose-sweep,optional,,,
class_bard,Bard,DERIVED_FROM,class_druid,Druid,third stage under tutelage,,neutral,derived,PHB,117,THE CLASS,explicit_rule,prose-sweep,optional,,,
exp_level,Experience Level,GATES,class_bard,Bard,stage transitions,level windows per class,enables,derived,PHB,117,THE CLASS,explicit_rule,prose-sweep,optional,,,
class_fighter,Fighter,GATES,class_bard,Bard,must complete fighter stage,,enables,derived,PHB,117,THE CLASS,explicit_rule,prose-sweep,optional,,,
class_thief,Thief,GATES,class_bard,Bard,must complete thief stage,,enables,derived,PHB,117,THE CLASS,explicit_rule,prose-sweep,optional,,,
sys_alignment,Alignment,GATES,class_bard,Bard,must remain neutral,,enables,derived,PHB,117,THE CLASS,explicit_rule,prose-sweep,optional,,,
rule_distraction,Distraction,CONSTRAINS,psi_attack_modes,Psionic Attack,cannot attack while distracted,defenses remain,neutral,unset,PHB,117,PSIONICS,explicit_rule,prose-sweep,optional,,,
psi_attack_blast,Psionic Blast,GATES,monster_nonpsionic,Non-Psionic Creatures,only attack mode usable,,enables,derived,PHB,117,PSIONICS,explicit_rule,prose-sweep,optional,,,
psi_multiple_operations,Multiple Psionic Operations,MODIFIES,psi_range,Psionic Range,cumulative increase,,neutral,unset,PHB,117,MULTIPLE PSIONIC OPERATIONS,explicit_rule,prose-sweep,optional,,,
psi_multiple_operations,Multiple Psionic Operations,CONSTRAINS,psi_range,Psionic Range,base set by weakest member,,neutral,unset,PHB,117,MULTIPLE PSIONIC OPERATIONS,explicit_rule,prose-sweep,optional,,,
psi_series,Series Linking,MODIFIES,psi_strength_points,Psionic Strength,transfers up the chain,,neutral,unset,PHB,117,MULTIPLE PSIONIC OPERATIONS,explicit_rule,prose-sweep,optional,,,
psi_series,Series Linking,CONSTRAINS,psi_combat,Psionic Combat,only final link engages,,neutral,unset,PHB,117,MULTIPLE PSIONIC OPERATIONS,explicit_rule,prose-sweep,optional,,,
psi_series,Series Linking,TRIGGERS,psi_combat,Psionic Combat,all members share the outcome,,neutral,unset,PHB,117,MULTIPLE PSIONIC OPERATIONS,explicit_rule,prose-sweep,optional,,,
rule_psionic_use,Use of Psionic Powers,TRIGGERS,monster_psionic,Psionic Monsters,may attract attention,within range and attuned,neutral,unset,PHB,117,USE OF PSIONIC POWERS,explicit_rule,prose-sweep,core,,,
rule_physical_activity,Physical Activity,MODIFIES,psi_recovery,Psionic Strength Recovery,rate of restoration,,neutral,unset,PHB,117,RECOVERY OF PSIONIC STRENGTH POINTS,explicit_rule,prose-sweep,optional,,,
psi_recovery,Psionic Strength Recovery,CONSTRAINS,rule_time,Time,no recovery under one hour,,neutral,unset,PHB,117,RECOVERY OF PSIONIC STRENGTH POINTS,explicit_rule,prose-sweep,optional,,,
psi_recovery,Psionic Strength Recovery,FEEDS_INTO,psi_strength_points,Psionic Strength,points restored,,neutral,derived,PHB,117,RECOVERY OF PSIONIC STRENGTH POINTS,explicit_rule,prose-sweep,optional,,,
sys_classes,Character Class,GATES,sys_alignment,Alignment,may be predetermined,certain classes,enables,derived,PHB,33,ALIGNMENT,explicit_rule,prose-sweep,core,,,
sys_alignment,Alignment,GATES,class_druid,Druid,alignment eligibility,,enables,derived,PHB,20,The Druid,explicit_rule,page-sweep,core,,,
rule_character_actions,Character Actions,FEEDS_INTO,rule_alignment_graph,Alignment Graph,drift recorded,,neutral,derived,PHB,33,ALIGNMENT,explicit_rule,prose-sweep,core,,,
rule_alignment_graph,Alignment Graph,MODIFIES,sys_alignment,Alignment,declared alignment may shift,,neutral,unset,PHB,33,ALIGNMENT,explicit_rule,prose-sweep,core,,,
align_change,Changing Alignment,CONSTRAINS,sys_alignment,Alignment,voluntary change limited,along like axis only,worsens,read,PHB,34,CHANGING ALIGNMENT,explicit_rule,prose-sweep,core,,,
align_change,Changing Alignment,ALTERNATIVE_TO,rule_involuntary_change,Involuntary Change,two routes to shift,,neutral,derived,PHB,34,CHANGING ALIGNMENT,explicit_rule,prose-sweep,core,,,
sys_armor,Armor,FEEDS_INTO,cbt_armor_class,Armor Class,base rating,,neutral,derived,PHB,36,ARMOR CLASS TABLE,explicit_rule,prose-sweep,core,,,
rule_shield,Shield,MODIFIES,cbt_armor_class,Armor Class,shield bonus,"frontal attacks, limited by shield size",improves,read,PHB,36,ARMOR,explicit_rule,page-sweep,core,,,
item_magic_armor,Magic Armor,MODIFIES,cbt_armor_class,Armor Class,one step per plus,,improves,read,PHB,36,ARMOR CLASS TABLE,explicit_rule,prose-sweep,core,,,
item_magic_armor,Magic Armor,MODIFIES,cbt_tohit,To-Hit Roll,reduces attacker probability,,neutral,unset,PHB,36,ARMOR CLASS TABLE,explicit_rule,prose-sweep,core,,,
sys_classes,Character Class,CONSTRAINS,sys_equipment,Weapons,permitted selection,,neutral,unset,PHB,36,WEAPONS,explicit_rule,prose-sweep,core,,,
money_gp,Money,CONSTRAINS,sys_equipment,Weapons,initial cost limits choice,,neutral,unset,PHB,36,WEAPONS,explicit_rule,prose-sweep,core,,,
sys_classes,Character Class,MODIFIES,prof_weapon,Weapon Proficiency,initial number permitted,,neutral,unset,PHB,37,WEAPON PROFICIENCY TABLE,explicit_rule,prose-sweep,core,,,
sys_classes,Character Class,MODIFIES,prof_nonproficiency_penalty,Non-Proficiency Penalty,penalty size by class,,neutral,unset,PHB,37,WEAPON PROFICIENCY TABLE,explicit_rule,prose-sweep,core,,,
prof_nonproficiency_penalty,Non-Proficiency Penalty,MODIFIES,cbt_tohit,To-Hit Roll,subtraction from attack,melee and missile,worsens,read,PHB,37,WEAPON PROFICIENCY TABLE,explicit_rule,prose-sweep,core,,,
prof_weapon,Weapon Proficiency,GATES,prof_nonproficiency_penalty,Non-Proficiency Penalty,applies when not proficient,,enables,derived,PHB,37,WEAPON PROFICIENCY TABLE,explicit_rule,prose-sweep,core,,,
exp_level,Experience Level,MODIFIES,prof_weapon,Weapon Proficiency,additional weapons gained,rate varies by class,neutral,unset,PHB,37,WEAPON PROFICIENCY TABLE,explicit_rule,prose-sweep,core,,,
cbt_attack_matrix,Attack Matrix,GATES,prof_weapon,Weapon Proficiency,gained on reaching next melee table,,enables,derived,PHB,36,WEAPON PROFICIENCY,explicit_rule,prose-sweep,core,,,
prof_weapon,Weapon Proficiency,FEEDS_INTO,item_magic_weapon,Magic Weapon,proficiency carries to magical version,same weapon type,neutral,derived,PHB,36,WEAPON PROFICIENCY,explicit_rule,prose-sweep,core,,,
wpn_stats,Weapon Statistics,MODIFIES,cbt_damage,Damage,damage by opponent size,,neutral,read,PHB,37,WEIGHT AND DAMAGE BY WEAPON TYPE,explicit_rule,page-sweep,core,,,
monster_size,Opponent Size,FEEDS_INTO,cbt_damage,Damage,selects damage column,,neutral,derived,PHB,37,WEIGHT AND DAMAGE BY WEAPON TYPE,explicit_rule,prose-sweep,core,,,
wpn_weight,Weapon Weight,FEEDS_INTO,enc_encumbrance,Encumbrance,carried load,,neutral,derived,PHB,37,WEIGHT AND DAMAGE BY WEAPON TYPE,explicit_rule,prose-sweep,core,,,
wpn_space_required,Space Required,CONSTRAINS,cbt_melee,Melee Combat,room to wield,,neutral,unset,PHB,36,WEAPONS,explicit_rule,prose-sweep,core,,,
wpn_length,Weapon Length,FEEDS_INTO,cbt_initiative,Initiative,reach on the close,,neutral,derived,PHB,36,WEAPONS,explicit_rule,prose-sweep,core,,,
spell_component_verbal,Verbal Component,DERIVED_FROM,spell_components,Spell Components,must be uttered,,neutral,derived,PHB,40,CHARACTER SPELLS,explicit_rule,prose-sweep,core,,,
spell_component_somatic,Somatic Component,DERIVED_FROM,spell_components,Spell Components,gesture required,,neutral,derived,PHB,40,CHARACTER SPELLS,explicit_rule,prose-sweep,core,,,
spell_component_material,Material Component,DERIVED_FROM,spell_components,Spell Components,physical ingredient,,neutral,derived,PHB,40,CHARACTER SPELLS,explicit_rule,prose-sweep,core,,,
rule_cleric_spells,Cleric Spells,ALTERNATIVE_TO,rule_magic_user_spells,Magic-User Spells,bestowed versus memorized,,neutral,derived,PHB,40,CHARACTER SPELLS,explicit_rule,prose-sweep,core,,,
rule_deity_servants,Lesser Servants of the Deity,GATES,rule_cleric_spells,Cleric Spells,lower level spells granted,through intermediaries,enables,derived,PHB,40,CHARACTER SPELLS,explicit_rule,prose-sweep,core,,,
rule_deity,Deity,GATES,rule_cleric_spells,Cleric Spells,higher spells granted directly,upper spell levels only,enables,derived,PHB,40,CHARACTER SPELLS,explicit_rule,prose-sweep,core,,,
rule_spell_level,Spell Level,GATES,rule_deity,Deity,direct supplication required,upper spell levels,enables,derived,PHB,40,CHARACTER SPELLS,explicit_rule,prose-sweep,core,,,
sys_alignment,Alignment,MODIFIES,rule_deity,Deity,judged on faithfulness,at supplication,neutral,unset,PHB,40,CHARACTER SPELLS,explicit_rule,prose-sweep,core,,,
rule_deity,Deity,TRIGGERS,rule_atonement,Atonement,deed or sacrifice required,at deity discretion,neutral,unset,PHB,40,CHARACTER SPELLS,explicit_rule,prose-sweep,core,,,
rule_deity,Deity,OVERRIDES,rule_cleric_spells,Cleric Spells,may substitute or deny,at deity discretion,neutral,derived,PHB,40,CHARACTER SPELLS,explicit_rule,prose-sweep,core,explicit_replacement,,
rule_prayer,Prayer and Meditation,GATES,rule_cleric_spells,Cleric Spells,method of acquisition,,enables,derived,PHB,40,CHARACTER SPELLS,explicit_rule,prose-sweep,core,,,
rule_prayer,Prayer and Meditation,CONSUMES,rule_time,Time,hours required,,neutral,derived,PHB,40,CHARACTER SPELLS,explicit_rule,prose-sweep,core,,,
rule_cleric_spells,Cleric Spells,CONSUMES,spell_component_material,Material Component,caster must supply,material not bestowed,neutral,derived,PHB,40,CHARACTER SPELLS,explicit_rule,prose-sweep,core,,,
rule_druid_spells,Druid Spells,CONSUMES,spell_component_material,Material Component,all druid spells require,,neutral,derived,PHB,40,CHARACTER SPELLS,explicit_rule,prose-sweep,core,,,
rule_spell_memorization,Spell Memorization,CONSUMES,rule_time,Time,scales with spell level,,neutral,derived,PHB,40,CHARACTER SPELLS,explicit_rule,prose-sweep,core,,,
rule_rest,Rest and Nourishment,GATES,rule_spell_memorization,Spell Memorization,mind must be rested,,enables,derived,PHB,40,CHARACTER SPELLS,explicit_rule,prose-sweep,core,,,
rule_spell_memorization,Spell Memorization,ALTERNATIVE_TO,rule_spell_memorization,Spell Memorization,same spell may be memorized repeatedly,,neutral,derived,PHB,40,CHARACTER SPELLS,explicit_rule,prose-sweep,core,,,
rule_magic_user_spells,Magic-User Spells,CONSUMES,spell_component_material,Material Component,caster must supply,,neutral,derived,PHB,40,CHARACTER SPELLS,explicit_rule,prose-sweep,core,,,
rule_movement_scale,Movement Scale,CONSTRAINS,ex_movement_rate,Movement Rate,scale by setting,,worsens,read,PHB,39,DISTANCE,explicit_rule,page-sweep,core,,,
rule_monster_term,Monster,FEEDS_INTO,cbt_encounter_reactions,Encounter Reactions,outcome depends on nature and action,,neutral,derived,PHB,40,MONSTER THE TERM,explicit_rule,prose-sweep,core,,,
rule_availability,Availability,GATES,hench_hirelings,Hirelings,type must be present locally,,enables,derived,PHB,39,HIRELINGS,explicit_rule,prose-sweep,core,,,
money_gp,Money,MODIFIES,hench_hirelings,Hirelings,wage and bonus affect success,,neutral,unset,PHB,39,HIRELINGS,explicit_rule,prose-sweep,core,,,
abil_charisma,Charisma,MODIFIES,hench_hirelings,Hirelings,hiring success,,improves,read,PHB,39,HIRELINGS,explicit_rule,prose-sweep,core,,,
hench_hirelings,Hirelings,EXCLUDED_FROM,abil_cha_max_henchmen,Maximum Henchmen,number not capped by charisma,,negates,derived,PHB,39,HIRELINGS,explicit_rule,prose-sweep,core,,,
hench_hirelings,Hirelings,CONSUMES,money_gp,Money,wages and salaries,,neutral,derived,PHB,39,HIRELINGS,explicit_rule,prose-sweep,core,,,
hench_loyalty,Loyalty,MODIFIES,hench_hirelings,Hirelings,same loyalty rules apply,,neutral,unset,PHB,39,HIRELINGS,explicit_rule,prose-sweep,core,,,
abil_cha_max_henchmen,Maximum Henchmen,CONSTRAINS,hench_henchmen,Henchmen,number attracted,,neutral,unset,PHB,39,HENCHMEN,explicit_rule,prose-sweep,core,,,
hench_henchmen,Henchmen,DERIVED_FROM,race_any,Race,always of a character race,,neutral,derived,PHB,39,HENCHMEN,explicit_rule,prose-sweep,core,,,
hench_henchmen,Henchmen,DERIVED_FROM,sys_classes,Character Class,always of a character class,,neutral,derived,PHB,39,HENCHMEN,explicit_rule,prose-sweep,core,,,
hench_henchmen,Henchmen,EXCLUDES,rule_player_character,Player Character,never player characters,,negates,derived,PHB,39,HENCHMEN,explicit_rule,prose-sweep,core,,,
sys_alignment,Alignment,MODIFIES,hench_loyalty,Loyalty Base,loyalty,radical difference,worsens,read,PHB,39,HENCHMEN,explicit_rule,page-sweep,core,,,
hench_henchmen,Henchmen,CONSUMES,money_gp,Money,recruitment costs,inns notices criers bribes,neutral,derived,PHB,39,HENCHMEN,explicit_rule,prose-sweep,core,,,
hench_henchmen,Henchmen,CONSUMES,money_gp,Money,wage support and upkeep,ongoing,neutral,derived,PHB,39,HENCHMEN,explicit_rule,prose-sweep,core,,,
race_any,Race,MODIFIES,hench_henchmen,Henchmen,recruitment difficulty,non-human harder to locate,neutral,unset,PHB,39,HENCHMEN,explicit_rule,prose-sweep,core,,,
campaign_circumstances,Campaign Circumstances,MODIFIES,hench_henchmen,Henchmen,availability of non-humans,,neutral,unset,PHB,39,HENCHMEN,explicit_rule,prose-sweep,core,,,
hench_henchmen,Henchmen,CONSUMES,sys_treasure,Treasure,share of money and magic,on adventures,neutral,derived,PHB,39,HENCHMEN,explicit_rule,prose-sweep,core,,,
sys_treasure,Treasure,FEEDS_INTO,hench_experience,Henchman Experience,share generates experience,,neutral,derived,PHB,39,HENCHMEN,explicit_rule,prose-sweep,core,,,
hench_experience,Henchman Experience,MODIFIES,exp_level,Experience Level,reduced award,acting under direction,neutral,unset,PHB,39,HENCHMEN,explicit_rule,prose-sweep,core,,,
rule_direction,Degree of Direction,MODIFIES,hench_experience,Henchman Experience,further reduced,when closely directed,neutral,unset,PHB,39,HENCHMEN,explicit_rule,prose-sweep,core,,,
money_gp,Money,MODIFIES,hench_loyalty,Loyalty Base,loyalty,remuneration and treasure share,improves,read,PHB,39,HENCHMEN,explicit_rule,page-sweep,core,,,
rule_adventuring_involvement,Adventuring Involvement,MODIFIES,hench_loyalty,Loyalty,degree of participation,,neutral,unset,PHB,39,HENCHMEN,explicit_rule,prose-sweep,core,,,
rule_character_actions,Character Actions,MODIFIES,hench_loyalty,Loyalty,what is required of them,,neutral,unset,PHB,39,HENCHMEN,explicit_rule,prose-sweep,core,,,
wpn_range,Weapon Range,MODIFIES,wpn_type_vs_ac,Armor Class Adjustment,penalty at longer ranges,,neutral,unset,PHB,38,WEAPON TYPES GENERAL DATA,explicit_rule,prose-sweep,optional,,,
enc_encumbrance,Encumbrance,MODIFIES,ex_movement_rate,Movement Rate,rate reduced by load,,neutral,unset,PHB,101,ENCUMBRANCE,explicit_rule,prose-sweep,core,,,
enc_encumbrance,Encumbrance,MODIFIES,cbt_initiative,Initiative,reaction slowed,heavier loads,neutral,unset,PHB,101,ENCUMBRANCE,explicit_rule,prose-sweep,core,,,
abil_strength,Strength,MODIFIES,enc_encumbrance,Encumbrance,penalties and bonuses,,neutral,unset,PHB,102,ENCUMBRANCE,explicit_rule,prose-sweep,core,,,
sys_armor,Armor,FEEDS_INTO,enc_encumbrance,Encumbrance,worn weight,,neutral,derived,PHB,101,ENCUMBRANCE,explicit_rule,prose-sweep,core,,,
rule_volume,Volume and Bulk,FEEDS_INTO,enc_encumbrance,Encumbrance,bulk as critical as weight,,neutral,derived,PHB,101,ENCUMBRANCE,explicit_rule,prose-sweep,core,,,
sys_treasure,Treasure,FEEDS_INTO,enc_encumbrance,Encumbrance,carried loot adds load,,neutral,derived,PHB,101,ENCUMBRANCE,explicit_rule,prose-sweep,core,,,
rule_accessibility,Item Accessibility,CONSTRAINS,sys_equipment,Equipment,must be readily reachable,,neutral,unset,PHB,101,ENCUMBRANCE,explicit_rule,prose-sweep,core,,,
ex_movement_rate,Movement Rate,FEEDS_INTO,time_segment_round_turn,Round and Segment,distance per unit time,,neutral,derived,PHB,102,MOVEMENT TIME AND DISTANCE FACTORS,explicit_rule,prose-sweep,core,,,
rule_terrain,Terrain,MODIFIES,ex_movement_rate,Movement Rate,outdoor rate varies,,neutral,unset,PHB,102,MOVEMENT OUTDOORS,explicit_rule,prose-sweep,core,,,
ex_mapping,Mapping,MODIFIES,ex_movement_rate,Movement Rate,movement greatly slowed,,neutral,unset,PHB,102,MOVEMENT IN CITIES,explicit_rule,prose-sweep,core,,,
rule_light,Light,GATES,ex_mapping,Mapping,light required to map,,enables,derived,PHB,102,MOVEMENT IN CITIES,explicit_rule,prose-sweep,core,,,
race_infravision,Infravision,EXCLUDED_FROM,ex_mapping,Mapping,not suitable for mapping,,negates,derived,PHB,102,MOVEMENT IN CITIES,explicit_rule,prose-sweep,core,,,
cbt_pursuit_evasion,Pursuit and Evasion,EXCLUDES,ex_mapping,Mapping,no mapping at speed,pursuing or pursued,negates,derived,PHB,102,MOVEMENT IN CITIES,explicit_rule,prose-sweep,core,,,
rule_trail_marking,Trail Marking,EXCLUDED_FROM,ex_mapping,Mapping,markers unreliable underground,,negates,derived,PHB,102,MOVEMENT IN CITIES,explicit_rule,prose-sweep,core,,,
rule_light_source,Light Source,FEEDS_INTO,rule_light,Light,radius of illumination,,neutral,derived,PHB,102,LIGHT,explicit_rule,prose-sweep,core,,,
rule_light_source,Light Source,CONSUMES,rule_time,Time,burning time,,neutral,derived,PHB,102,LIGHT,explicit_rule,prose-sweep,core,,,
rule_light_source,Light Source,CONSUMES,rule_oil,Oil,fuel consumed,lanterns,neutral,derived,PHB,102,LIGHT,explicit_rule,prose-sweep,core,,,
item_magic_weapon,Magic Weapon,FEEDS_INTO,rule_light,Light,magic swords illuminate,,neutral,derived,PHB,102,LIGHT,explicit_rule,prose-sweep,core,,,
race_infravision,Infravision,GATES,ex_light_vision,Vision,sight without light,,enables,derived,PHB,102,INFRAVISION,explicit_rule,prose-sweep,core,,,
rule_light,Light,OVERRIDES,race_infravision,Infravision,spoiled by illumination,,neutral,derived,PHB,102,INFRAVISION,explicit_rule,prose-sweep,core,explicit_replacement,,
rule_heat,Heat,OVERRIDES,race_infravision,Infravision,spoiled by great heat,,neutral,derived,PHB,102,INFRAVISION,explicit_rule,prose-sweep,core,explicit_replacement,,
race_infravision,Infravision,CONSTRAINS,thief_hide_in_shadows,Hide in Shadows,body heat betrays the thief,unless masked,neutral,unset,PHB,102,INFRAVISION,explicit_rule,prose-sweep,core,,,
rule_heat,Heat,MODIFIES,thief_hide_in_shadows,Hide in Shadows,masks body heat,versus infravision,neutral,unset,PHB,102,INFRAVISION,explicit_rule,prose-sweep,core,,,
rule_ultravision,Ultravision,GATES,ex_light_vision,Vision,sight in night darkness,,enables,derived,PHB,102,ULTRAVISION,explicit_rule,prose-sweep,core,,,
thief_move_silently,Move Silently,MODIFIES,cbt_surprise,Surprise,surprise chance,,improves,read,PHB,28,The Thief,explicit_rule,page-sweep,core,,,
item_boots_elvenkind,Boots of Elvenkind,ALTERNATIVE_TO,thief_move_silently,Move Silently,silent movement by item,,neutral,derived,PHB,102,SILENT MOVEMENT,explicit_rule,prose-sweep,core,,,
rule_noise,Noise,OVERRIDES,cbt_surprise,Surprise,negates surprise chance,,neutral,derived,PHB,102,SURPRISE,explicit_rule,prose-sweep,core,explicit_replacement,,
rule_light,Light,OVERRIDES,cbt_surprise,Surprise,negates surprise chance,,neutral,derived,PHB,102,SURPRISE,explicit_rule,prose-sweep,core,explicit_replacement,,
cbt_surprise,Surprise,CONSUMES,time_segment_round_turn,Segment,segments lost by surprised party,,neutral,derived,PHB,102,SURPRISE,explicit_rule,prose-sweep,core,,,
monster_surprise,Monster Surprise Rating,MODIFIES,cbt_surprise,Surprise,better or worse than standard,,neutral,unset,PHB,102,SURPRISE,explicit_rule,prose-sweep,core,,,
cbt_surprise,Surprise,FEEDS_INTO,cbt_initiative,Initiative,free action during lost time,,neutral,derived,PHB,102,SURPRISE,explicit_rule,prose-sweep,core,,,
rule_awareness,Awareness,OVERRIDES,cbt_surprise,Surprise,cannot be surprised if aware,unless mutually unaware,neutral,derived,PHB,103,SURPRISE,explicit_rule,prose-sweep,core,explicit_replacement,,
rule_invisibility,Invisibility,MODIFIES,cbt_surprise,Surprise,improves surprise chance,,neutral,unset,PHB,102,INVISIBLE MOVEMENT,explicit_rule,prose-sweep,core,,,
spell_haste,Haste,TRIGGERS,rule_aging,Aging,ages the recipients,speeded metabolism,neutral,unset,PHB,84,HASTE,explicit_rule,prose-sweep,core,,,
spell_haste,Haste,MODIFIES,ex_movement_rate,Movement Rate,doubled,,neutral,unset,PHB,84,HASTE,explicit_rule,prose-sweep,core,,,
spell_haste,Haste,MODIFIES,cbt_attacks_per_round,Attacks Per Melee Round,doubled,,neutral,unset,PHB,84,HASTE,explicit_rule,prose-sweep,core,,,
spell_haste,Haste,EXCLUDES,rule_spell_casting,Casting a Spell,casting not accelerated,,negates,derived,PHB,84,HASTE,explicit_rule,prose-sweep,core,,,
spell_haste,Haste,OVERRIDES,spell_slow,Slow,negates the effect,,neutral,derived,PHB,84,HASTE,explicit_rule,prose-sweep,core,explicit_replacement,,
exp_level,Experience Level,CONSTRAINS,spell_haste,Haste,number of creatures affected,,neutral,unset,PHB,84,HASTE,explicit_rule,prose-sweep,core,,,
spell_polymorph_other,Polymorph Other,MODIFIES,sys_ability_scores,Ability Scores,acquires new form's abilities,on success,neutral,unset,PHB,86,POLYMORPH OTHER,explicit_rule,prose-sweep,core,,,
abil_intelligence,Intelligence,MODIFIES,spell_polymorph_other,Polymorph Other,resists personality change,,neutral,unset,PHB,86,POLYMORPH OTHER,explicit_rule,prose-sweep,core,,,
spell_statue,Statue,TRIGGERS,save_petrify,Saving Throw vs Petrification,related transformation,,inflicts,heuristic,PHB,89,STATUE,explicit_rule,prose-sweep,core,,,
spell_death_spell,Death Spell,EXCLUDES,rule_lycanthropy,Lycanthropy,does not affect lycanthropes,,negates,derived,PHB,83,DEATH SPELL,explicit_rule,prose-sweep,core,,,
monster_hd,Hit Dice,CONSTRAINS,spell_death_spell,Death Spell,number slain by victim hit dice,,neutral,unset,PHB,83,DEATH SPELL,explicit_rule,prose-sweep,core,,,
spell_cure_disease,Cure Disease,OVERRIDES,rule_disease,Disease,cures affliction,,neutral,derived,PHB,47,CURE DISEASE,explicit_rule,prose-sweep,core,explicit_replacement,,
spell_neutralize_poison,Neutralize Poison,OVERRIDES,save_poison,Poison,detoxifies venom,,neutral,derived,PHB,48,NEUTRALIZE POISON,explicit_rule,prose-sweep,core,explicit_replacement,,
spell_cloudkill,Cloudkill,TRIGGERS,save_poison,Saving Throw vs Poison,save required,,inflicts,heuristic,PHB,84,CLOUDKILL,explicit_rule,prose-sweep,core,,,
spell_stinking_cloud,Stinking Cloud,TRIGGERS,save_poison,Saving Throw vs Poison,save required,,inflicts,heuristic,PHB,82,STINKING CLOUD,explicit_rule,prose-sweep,core,,,
spell_atonement,Atonement,OVERRIDES,sys_alignment,Alignment,restores alignment standing,,neutral,derived,PHB,49,ATONEMENT,explicit_rule,prose-sweep,core,explicit_replacement,,
spell_know_alignment,Know Alignment,FEEDS_INTO,sys_alignment,Alignment,reveals alignment,,neutral,derived,PHB,45,KNOW ALIGNMENT,explicit_rule,prose-sweep,core,,,
spell_detect_evil,Detect Evil,FEEDS_INTO,sys_alignment,Alignment,detects evil intent,,neutral,derived,PHB,44,DETECT EVIL,explicit_rule,prose-sweep,core,,,
spell_find_familiar,Find Familiar,FEEDS_INTO,sys_alignment,Alignment,familiar type by alignment,,neutral,derived,PHB,66,FIND FAMILIAR,explicit_rule,prose-sweep,core,,,
spell_infravision,Infravision,GATES,race_infravision,Infravision,grants the ability,,enables,derived,PHB,85,INFRAVISION,explicit_rule,prose-sweep,core,,,
spell_darkness,Darkness,OVERRIDES,race_infravision,Infravision,blocks infrared sight,,neutral,derived,PHB,66,DARKNESS 15 RADIUS,explicit_rule,prose-sweep,core,explicit_replacement,,
spell_invisibility,Invisibility,MODIFIES,cbt_surprise,Surprise,improves surprise,,neutral,unset,PHB,71,INVISIBILITY,explicit_rule,prose-sweep,core,,,
spell_bless,Bless,MODIFIES,cbt_morale,Morale,improves morale,,improves,read,PHB,43,BLESS,explicit_rule,prose-sweep,core,,,
spell_bless,Bless,MODIFIES,cbt_tohit,To-Hit Roll,attack bonus,,improves,read,PHB,43,BLESS,explicit_rule,prose-sweep,core,,,
spell_emotion,Emotion,MODIFIES,cbt_morale,Morale,fear or courage,,neutral,unset,PHB,86,EMOTION,explicit_rule,prose-sweep,core,,,
spell_insect_plague,Insect Plague,MODIFIES,cbt_morale,Morale,drives off low-morale creatures,,neutral,unset,PHB,50,INSECT PLAGUE,explicit_rule,prose-sweep,core,,,
spell_glyph_of_warding,Glyph of Warding,TRIGGERS,exp_level_loss,Level Loss,energy drain variant,,inflicts,read,PHB,47,GLYPH OF WARDING,explicit_rule,prose-sweep,core,,,
spell_spider_climb,Spider Climb,ALTERNATIVE_TO,thief_climb_walls,Climb Walls,scaling surfaces,,neutral,derived,PHB,79,SPIDER CLIMB,explicit_rule,prose-sweep,core,,,
spell_strength,Strength,MODIFIES,abil_strength,Strength,temporary increase,,neutral,unset,PHB,79,STRENGTH,explicit_rule,prose-sweep,core,,,
spell_plant_growth,Plant Growth,MODIFIES,ex_movement_rate,Movement Rate,impedes travel,,neutral,unset,PHB,78,PLANT GROWTH,explicit_rule,prose-sweep,core,,,
spell_dispel_magic,Dispel Magic,RESOLVED_BY,exp_level,Experience Level,probability by level difference,,governs,derived,PHB,67,DISPEL MAGIC,explicit_rule,prose-sweep,core,,,
spell_permanency,Permanency,OVERRIDES,rule_spell_duration,Spell Duration,makes effect permanent,,neutral,derived,PHB,90,PERMANENCY,explicit_rule,prose-sweep,core,explicit_replacement,,
spell_permanency,Permanency,CONSUMES,abil_constitution,Constitution,permanent point loss,,neutral,derived,PHB,90,PERMANENCY,explicit_rule,prose-sweep,core,,,
rule_communication,Communication,GATES,rule_negotiation,Negotiation,must be able to convey intent,,enables,derived,PHB,104,COMMUNICATION,explicit_rule,prose-sweep,core,,,
rule_languages,Languages,GATES,rule_communication,Communication,common tongue,,enables,derived,PHB,104,COMMUNICATION,explicit_rule,prose-sweep,core,,,
rule_negotiation,Negotiation,ALTERNATIVE_TO,cbt_melee,Melee Combat,resolving an encounter,,neutral,derived,PHB,104,NEGOTIATION,explicit_rule,prose-sweep,core,,,
rule_negotiation,Negotiation,CONSUMES,money_gp,Money,bribe toll or ransom,,neutral,derived,PHB,104,NEGOTIATION,explicit_rule,prose-sweep,core,,,
monster_intelligence,Monster Intelligence,MODIFIES,rule_negotiation,Negotiation,balances offer against expectation,,neutral,unset,PHB,104,NEGOTIATION,explicit_rule,prose-sweep,core,,,
rule_party_strength,Perceived Party Strength,MODIFIES,rule_negotiation,Negotiation,weakness is exploited,,neutral,unset,PHB,104,NEGOTIATION,explicit_rule,prose-sweep,core,,,
turn_undead,Turning Undead,DERIVED_FROM,sys_combat,Combat,a form of attack,,neutral,derived,PHB,104,COMBAT,explicit_rule,prose-sweep,core,,,
rule_breath_weapon,Breath Weapon,DERIVED_FROM,sys_combat,Combat,a form of attack,,neutral,derived,PHB,104,COMBAT,explicit_rule,prose-sweep,core,,,
rule_gaze_attack,Gaze Weapon,DERIVED_FROM,sys_combat,Combat,a form of attack,,neutral,derived,PHB,104,COMBAT,explicit_rule,prose-sweep,core,,,
cbt_initiative,Initiative,GATES,cbt_melee,Melee Combat,determines first blow,,enables,derived,PHB,104,MELEE COMBAT,explicit_rule,prose-sweep,core,,,
cbt_attacks_per_round,Attacks Per Melee Round,OVERRIDES,cbt_initiative,Initiative,multiple attackers strike first,against single-attack opponents,neutral,derived,PHB,104,MELEE COMBAT,explicit_rule,prose-sweep,core,explicit_replacement,,
wpn_length,Weapon Length,MODIFIES,cbt_initiative,Initiative,affects order of attack,,neutral,unset,PHB,104,MELEE COMBAT,explicit_rule,prose-sweep,core,,,
rule_position,Position,MODIFIES,cbt_initiative,Initiative,affects order of attack,,neutral,unset,PHB,104,MELEE COMBAT,explicit_rule,prose-sweep,core,,,
spell_haste,Haste,MODIFIES,cbt_melee,Melee Combat,doubled attack rate,,neutral,unset,PHB,104,MELEE COMBAT,explicit_rule,prose-sweep,core,,,
spell_slow,Slow,MODIFIES,cbt_melee,Melee Combat,halved attack rate,,neutral,unset,PHB,104,MELEE COMBAT,explicit_rule,prose-sweep,core,,,
cbt_parry,Parry,MODIFIES,cbt_tohit,To-Hit Roll,strength bonus subtracted from opponent,,neutral,unset,PHB,104,MELEE COMBAT,explicit_rule,prose-sweep,core,,,
cbt_parry,Parry,EXCLUDES,cbt_melee,Melee Attack,no return attack that round,,negates,derived,PHB,104,MELEE COMBAT,explicit_rule,prose-sweep,core,,,
abil_strength,Strength,FEEDS_INTO,cbt_parry,Parry,bonus becomes defensive,,neutral,derived,PHB,104,MELEE COMBAT,explicit_rule,prose-sweep,core,,,
cbt_fall_back,Falling Back,ALTERNATIVE_TO,cbt_parry,Parry,may be combined,,neutral,derived,PHB,104,MELEE COMBAT,explicit_rule,prose-sweep,core,,,
cbt_flee,Fleeing,TRIGGERS,cbt_rear_attack,Rear Attack,exposes the character,,neutral,unset,PHB,104,MELEE COMBAT,explicit_rule,prose-sweep,core,,,
ex_movement_rate,Movement Rate,GATES,cbt_flee,Fleeing,pursuit requires equal speed,,enables,derived,PHB,104,MELEE COMBAT,explicit_rule,prose-sweep,core,,,
cbt_melee,Melee Combat,TRIGGERS,rule_poison_use,Poison,touch attack form,,neutral,unset,PHB,104,MELEE COMBAT,explicit_rule,prose-sweep,core,,,
cbt_melee,Melee Combat,TRIGGERS,save_petrify,Petrification,touch attack form,,neutral,unset,PHB,104,MELEE COMBAT,explicit_rule,prose-sweep,core,,,
cbt_melee,Melee Combat,TRIGGERS,exp_level_loss,Energy Level Loss,touch attack form,,neutral,unset,PHB,104,MELEE COMBAT,explicit_rule,prose-sweep,core,,,
rule_dm_discretion,DM Discretion,GATES,sys_psionics,Psionics,optional subsystem,,enables,derived,PHB,110,APPENDIX I PSIONICS,explicit_rule,prose-sweep,optional,,,
abil_intelligence,Intelligence,GATES,psi_ability,Psionic Ability,high score required,,enables,derived,PHB,110,APPENDIX I PSIONICS,explicit_rule,prose-sweep,optional,,,
abil_wisdom,Wisdom,GATES,psi_ability,Psionic Ability,high score required,,enables,derived,PHB,110,APPENDIX I PSIONICS,explicit_rule,prose-sweep,optional,,,
abil_charisma,Charisma,GATES,psi_ability,Psionic Ability,high score required,,enables,derived,PHB,110,APPENDIX I PSIONICS,explicit_rule,prose-sweep,optional,,,
abil_intelligence,Intelligence,MODIFIES,psi_ability,Psionic Ability,largest bonus to the roll,,neutral,unset,PHB,110,APPENDIX I PSIONICS,explicit_rule,prose-sweep,optional,,,
abil_wisdom,Wisdom,MODIFIES,psi_ability,Psionic Ability,bonus to the roll,,neutral,unset,PHB,110,APPENDIX I PSIONICS,explicit_rule,prose-sweep,optional,,,
abil_charisma,Charisma,MODIFIES,psi_ability,Psionic Ability,bonus to the roll,,neutral,unset,PHB,110,APPENDIX I PSIONICS,explicit_rule,prose-sweep,optional,,,
race_any,Race,GATES,psi_ability,Psionic Ability,humans and possibly dwarves and halflings,,enables,derived,PHB,110,APPENDIX I PSIONICS,explicit_rule,prose-sweep,optional,,,
psi_ability,Psionic Ability,EXCLUDED_FROM,sys_classes,Class Performance,does not affect class function,,negates,derived,PHB,110,PSIONIC ABILITY,explicit_rule,prose-sweep,optional,,,
psi_ability,Psionic Ability,FEEDS_INTO,psi_strength_points,Psionic Strength,attack and defense pool,,neutral,derived,PHB,110,PSIONIC ABILITY,explicit_rule,prose-sweep,optional,,,
time_segment_round_turn,Melee Round,FEEDS_INTO,sys_combat,Combat,combat divided into rounds,,neutral,derived,DMG,61,"ENCOUNTERS, COMBAT, AND INITIATIVE",explicit_rule,prose-sweep,core,,,
rule_hit_points,Hit Points,EXCLUDES,rule_hit_location,Hit Location,not a measure of physical damage,,negates,derived,DMG,61,"ENCOUNTERS, COMBAT, AND INITIATIVE",explicit_rule,prose-sweep,core,,,
cbt_surprise,Surprise,GATES,cbt_initiative,Initiative,initiative rolled only if equally surprised,,enables,derived,DMG,62,ENCOUNTERS AND INITIATIVE,explicit_rule,prose-sweep,core,,,
cbt_encounter_distance,Encounter Distance,GATES,cbt_missile,Missile Discharge,distance determined before action,,enables,derived,DMG,62,ENCOUNTERS AND INITIATIVE,explicit_rule,prose-sweep,core,,,
cbt_surprise,Surprise,GATES,cbt_missile,Missile Discharge,possible during surprise segment,,enables,derived,DMG,62,SURPRISE,explicit_rule,prose-sweep,core,,,
cbt_surprise,Surprise,CONSTRAINS,rule_spell_casting,Casting a Spell,most spells too long for one segment,,neutral,unset,DMG,62,SURPRISE,explicit_rule,prose-sweep,core,,,
spell_casting_time,Casting Time,GATES,rule_spell_casting,Casting a Spell,segments required,,enables,derived,DMG,62,SURPRISE,explicit_rule,prose-sweep,core,,,
wpn_speed_factor,Weapon Speed Factor,OVERRIDES,cbt_initiative,Initiative,determines who strikes first,,neutral,derived,DMG,66,WEAPON SPEED FACTOR,explicit_rule,prose-sweep,core,explicit_replacement,,
wpn_speed_factor,Weapon Speed Factor,MODIFIES,cbt_attacks_per_round,Attacks Per Melee Round,extra attacks on large differential,,neutral,unset,DMG,66,WEAPON SPEED FACTOR,explicit_rule,prose-sweep,core,,,
wpn_speed_factor,Weapon Speed Factor,EXCLUDED_FROM,cbt_charge,Charging,not applicable when closing or charging,first round only,negates,derived,DMG,66,WEAPON SPEED FACTOR,explicit_rule,prose-sweep,core,,,
wpn_speed_factor,Weapon Speed Factor,MODIFIES,spell_disruption,Spell Disruption,compared against casting time,,neutral,unset,DMG,66,WEAPON SPEED FACTOR,explicit_rule,prose-sweep,core,,,
wpn_stats,Weapon Statistics,FEEDS_INTO,wpn_speed_factor,Weapon Speed Factor,per-weapon value,,neutral,derived,DMG,66,WEAPON SPEED FACTOR,explicit_rule,prose-sweep,core,,,
wpn_speed_factor,Weapon Speed Factor,CONSTRAINS,ex_dungeon,Dungeon Setting,long weapons unusable underground,,neutral,unset,DMG,66,WEAPON SPEED FACTOR,explicit_rule,prose-sweep,core,,,
spell_casting_time,Casting Time,TRIGGERS,spell_disruption,Spell Disruption,struck before completion,,neutral,unset,DMG,65,SPELL CASTING DURING MELEE,explicit_rule,prose-sweep,core,,,
rule_cover,Cover,MODIFIES,rule_spell_casting,Casting a Spell,affects spells and spell-like powers,,neutral,unset,DMG,65,SPELL CASTING DURING MELEE,explicit_rule,prose-sweep,core,,,
cbt_charge,Charging,MODIFIES,cbt_armor_class,Armor Class,one class worse while charging,creatures without dexterity bonus,neutral,unset,DMG,66,CHARGING CREATURES,explicit_rule,prose-sweep,core,,,
cbt_charge,Charging,EXCLUDES,abil_dex_defensive_adjustment,Dexterity Defensive Adjustment,no bonus while charging,,negates,derived,DMG,66,CHARGING CREATURES,explicit_rule,prose-sweep,core,,,
cbt_grenade_missile,Grenade-Like Missiles,DERIVED_FROM,cbt_missile,Missile Discharge,hurled containers,,neutral,derived,DMG,64,GRENADE-LIKE MISSILES,explicit_rule,prose-sweep,core,,,
cbt_grenade_missile,Grenade-Like Missiles,TRIGGERS,item_saving_throw,Item Saving Throw,container may not shatter,crushing blow column,neutral,unset,DMG,64,GRENADE-LIKE MISSILES,explicit_rule,prose-sweep,core,,,
item_saving_throw,Item Saving Throw,GATES,cbt_damage,Damage,damage only if container breaks,,enables,derived,DMG,64,GRENADE-LIKE MISSILES,explicit_rule,prose-sweep,core,,,
wpn_range,Weapon Range,MODIFIES,cbt_tohit,To-Hit Roll,penalty at medium and long range,,worsens,read,PHB,38,"WEAPON TYPES, GENERAL DATA, AND ""TO HIT"" ADJUSTMENTS",explicit_rule,page-sweep,core,,,
rule_holy_water,Holy Water,DERIVED_FROM,cbt_grenade_missile,Grenade-Like Missiles,thrown container,,neutral,derived,DMG,64,GRENADE-LIKE MISSILES,explicit_rule,prose-sweep,core,,,
rule_oil,Flaming Oil,DERIVED_FROM,cbt_grenade_missile,Grenade-Like Missiles,thrown container,,neutral,derived,DMG,64,GRENADE-LIKE MISSILES,explicit_rule,prose-sweep,core,,,
rule_oil,Flaming Oil,CONSUMES,time_segment_round_turn,Segment,burns for several segments,,neutral,derived,DMG,64,GRENADE-LIKE MISSILES,explicit_rule,prose-sweep,core,,,
rule_poison_use,Poison,DERIVED_FROM,cbt_grenade_missile,Grenade-Like Missiles,thrown container,,neutral,derived,DMG,64,GRENADE-LIKE MISSILES,explicit_rule,prose-sweep,core,,,
training,Training,GATES,exp_level,Experience Level,no advancement without it,,enables,derived,DMG,86,TRAINING,explicit_rule,prose-sweep,core,,,
training,Training,CONSUMES,money_gp,Money,cost per level per week,,neutral,derived,DMG,86,TRAINING,explicit_rule,prose-sweep,core,,,
training,Training,CONSUMES,rule_time,Game Time,weeks of study,,neutral,derived,DMG,86,TRAINING,explicit_rule,prose-sweep,core,,,
sys_classes,Character Class,MODIFIES,training,Training,cost varies by class,,neutral,unset,DMG,86,TRAINING,explicit_rule,prose-sweep,core,,,
exp_level,Experience Level,MODIFIES,training,Training,cost scales with current level,,neutral,unset,DMG,86,TRAINING,explicit_rule,prose-sweep,core,,,
rule_tutor,Tutor,GATES,training,Training,same class mentor required,below name level,enables,derived,DMG,86,TRAINING,explicit_rule,prose-sweep,core,,,
rule_tutor,Tutor,CONSTRAINS,exp_level,Experience Level,stuck at level until tutor found,performance score 2 or greater,neutral,unset,DMG,86,TRAINING,explicit_rule,prose-sweep,core,,,
rule_performance_rating,Performance Rating,MODIFIES,training,Training,training time in weeks,,neutral,unset,DMG,86,TRAINING,explicit_rule,prose-sweep,core,,,
rule_performance_rating,Performance Rating,OVERRIDES,rule_tutor,Tutor,no tutor needed at low score,doubles training time,neutral,derived,DMG,86,TRAINING,explicit_rule,prose-sweep,core,explicit_replacement,,
exp_level,Experience Level,OVERRIDES,rule_tutor,Tutor,self-training at name level,,neutral,derived,DMG,86,TRAINING,explicit_rule,prose-sweep,core,explicit_replacement,,
rule_tutor,Tutor,CONSUMES,rule_service,Service,may accept service in lieu of gold,DM option,neutral,derived,DMG,86,TRAINING,explicit_rule,prose-sweep,optional,,,
monster_hd,Monster Hit Dice,FEEDS_INTO,xp_monster,Experience Point Value of Monsters,basic value,,neutral,derived,DMG,85,EXPERIENCE POINTS VALUE OF MONSTERS,explicit_rule,prose-sweep,core,,,
rule_hit_points,Hit Points,FEEDS_INTO,xp_monster,Experience Point Value of Monsters,per hit point award,,neutral,derived,DMG,85,EXPERIENCE POINTS VALUE OF MONSTERS,explicit_rule,prose-sweep,core,,,
monster_special_abilities,Special Abilities,FEEDS_INTO,xp_monster,Experience Point Value of Monsters,special ability bonus,,neutral,derived,DMG,85,EXPERIENCE POINTS VALUE OF MONSTERS,explicit_rule,prose-sweep,core,,,
monster_exceptional_abilities,Exceptional Abilities,FEEDS_INTO,xp_monster,Experience Point Value of Monsters,exceptional ability addition,may be doubled,neutral,derived,DMG,85,EXPERIENCE POINTS VALUE OF MONSTERS,explicit_rule,prose-sweep,core,,,
xp_monster,Experience Point Value of Monsters,FEEDS_INTO,exp_level,Experience Level,awarded for slain opponents,,neutral,derived,DMG,85,EXPERIENCE POINTS VALUE OF MONSTERS,explicit_rule,prose-sweep,core,,,
item_magic_weapon,Magic Sword,MODIFIES,cbt_tohit,To-Hit Roll,bonus to hit,,neutral,unset,DMG,165,SWORDS,explicit_rule,prose-sweep,core,,,
item_magic_weapon,Magic Sword,MODIFIES,cbt_damage,Damage,bonus to damage,,neutral,unset,DMG,165,SWORDS,explicit_rule,prose-sweep,core,,,
item_magic_weapon,Magic Sword,FEEDS_INTO,rule_light,Light,sheds light when drawn,most swords and all daggers,neutral,derived,DMG,165,SWORDS,explicit_rule,prose-sweep,core,,,
item_magic_weapon,Magic Sword,MODIFIES,rule_lycanthropy,Lycanthropes,bonus versus were creatures,specific swords,neutral,unset,DMG,165,SWORDS,explicit_rule,prose-sweep,core,,,
sword_intelligence,Sword Intelligence,GATES,sword_communication,Sword Communication,mode by intelligence,,enables,derived,DMG,166,SWORDS,explicit_rule,prose-sweep,core,,,
sword_intelligence,Sword Intelligence,GATES,sword_primary_abilities,Primary Abilities,number granted,,enables,derived,DMG,166,SWORDS,explicit_rule,prose-sweep,core,,,
sword_intelligence,Sword Intelligence,GATES,sword_extraordinary_power,Extraordinary Power,highest intelligence only,,enables,derived,DMG,166,SWORDS,explicit_rule,prose-sweep,core,,,
sword_intelligence,Sword Intelligence,GATES,rule_languages,Languages,sword speaks tongues,,enables,derived,DMG,166,SWORDS,explicit_rule,prose-sweep,core,,,
sword_intelligence,Sword Intelligence,GATES,thief_read_languages,Reading Languages,sword can read maps and writings,high intelligence,enables,derived,DMG,166,SWORDS,explicit_rule,prose-sweep,core,,,
sword_intelligence,Sword Intelligence,GATES,sys_alignment,Sword Alignment,any intelligent sword has alignment,,enables,derived,DMG,166,SWORDS,explicit_rule,prose-sweep,core,,,
sys_alignment,Alignment,CONSTRAINS,item_magic_weapon,Magic Sword,who may wield it,,neutral,unset,DMG,166,SWORDS,explicit_rule,prose-sweep,core,,,
sword_alignment,Sword Alignment,DERIVED_FROM,rule_alignment_languages,Alignment Languages,sword speaks its own alignment tongue,,neutral,derived,DMG,166,SWORDS,explicit_rule,prose-sweep,core,,,
cursed_item,Cursed Sword,OVERRIDES,sword_alignment,Sword Alignment,always absolutely neutral,,neutral,derived,DMG,166,SWORDS,explicit_rule,prose-sweep,core,explicit_replacement,,
rule_mental_attack,Mental Attack,TRIGGERS,rule_insanity,Insanity,madness inflicted,,neutral,unset,DMG,83,INSANITY,explicit_rule,prose-sweep,core,,,
cursed_item,Curse,TRIGGERS,rule_insanity,Insanity,madness inflicted,,worsens,heuristic,DMG,83,INSANITY,explicit_rule,prose-sweep,core,,,
rule_insanity,Insanity,MODIFIES,rule_character_actions,Character Behavior,DM assumes the role,,neutral,unset,DMG,83,INSANITY,explicit_rule,prose-sweep,core,,,
psi_attack_modes,Psionic Attack,TRIGGERS,rule_insanity,Insanity,mild insanities subject to psionic attack,,inflicts,heuristic,DMG,83,INSANITY,explicit_rule,prose-sweep,optional,,,
rule_insanity,Insanity,TRIGGERS,rule_alcohol,Alcohol,dipsomania compels drinking,specific insanity type,neutral,unset,DMG,83,INSANITY,explicit_rule,prose-sweep,core,,,
potion_miscibility,Potion Miscibility,TRIGGERS,cbt_damage,Damage,explosion on adverse result,,neutral,unset,DMG,119,POTION MISCIBILITY,explicit_rule,prose-sweep,core,,,
potion_miscibility,Potion Miscibility,TRIGGERS,save_poison,Poison,lethal poison result,,improves,heuristic,DMG,119,POTION MISCIBILITY,explicit_rule,prose-sweep,core,,,
rule_potion_use,Drinking a Potion,TRIGGERS,potion_miscibility,Potion Miscibility,test required,while another is in effect,neutral,unset,DMG,119,POTION MISCIBILITY,explicit_rule,prose-sweep,core,,,
potion_miscibility,Potion Miscibility,TRIGGERS,rule_planar_travel,Ethereal Plane,imbiber may be lost,specific potion combination,neutral,unset,DMG,119,POTION MISCIBILITY,explicit_rule,prose-sweep,core,,,
item_command_word,Command Word,GATES,rule_magic_item_use,Magic Item Use,required for rods staves wands,,enables,derived,DMG,121,COMMAND WORDS,explicit_rule,prose-sweep,core,,,
rule_spell_book,Spell Book,FEEDS_INTO,item_command_word,Command Word,words recorded by spell users,,neutral,derived,DMG,121,COMMAND WORDS,explicit_rule,prose-sweep,core,,,
rule_informational_spells,Informational Spells,ALTERNATIVE_TO,item_command_word,Command Word,discovering the word,,neutral,derived,DMG,121,COMMAND WORDS,explicit_rule,prose-sweep,core,,,
rule_scrying,Crystal Balls and Scrying,TRIGGERS,rule_detection,Detection,observation is detectable,,neutral,unset,DMG,121,CRYSTAL BALLS AND SCRYING,explicit_rule,prose-sweep,core,,,
exp_level,Experience Level,MODIFIES,rule_scrying,Scrying Detection,chance of noticing,,neutral,unset,DMG,121,CRYSTAL BALLS AND SCRYING,explicit_rule,prose-sweep,core,,,
abil_intelligence,Intelligence,MODIFIES,rule_scrying,Scrying Detection,chance of noticing,,neutral,unset,DMG,121,CRYSTAL BALLS AND SCRYING,explicit_rule,prose-sweep,core,,,
exp_level_loss,Energy Drain,TRIGGERS,exp_level_loss,Level Loss,experience level lost,,neutral,unset,DMG,120,ENERGY DRAINING,explicit_rule,prose-sweep,core,,,
exp_level_loss,Level Loss,MODIFIES,rule_hit_points,Hit Points,points lost with the level,,neutral,unset,DMG,120,ENERGY DRAINING,explicit_rule,prose-sweep,core,,,
exp_level_loss,Level Loss,MODIFIES,abil_constitution,Constitution,bonus hit points also lost,,neutral,unset,DMG,120,ENERGY DRAINING,explicit_rule,prose-sweep,core,,,
exp_level_loss,Level Loss,CONSTRAINS,sys_classes,Class Abilities,abilities of that level lost,,neutral,unset,DMG,120,ENERGY DRAINING,explicit_rule,prose-sweep,core,,,
exp_level_loss,Level Loss,MODIFIES,sys_experience,Experience Points,reduced to midpoint of lower level,,neutral,unset,DMG,120,ENERGY DRAINING,explicit_rule,prose-sweep,core,,,
monster_undead,Undead,TRIGGERS,exp_level_loss,Energy Drain,touch attack,,neutral,unset,DMG,120,ENERGY DRAINING,explicit_rule,prose-sweep,core,,,
item_magic_item,Magic Device,TRIGGERS,exp_level_loss,Energy Drain,device may drain,,neutral,unset,DMG,120,ENERGY DRAINING,explicit_rule,prose-sweep,core,,,
comeliness,Comeliness,DERIVED_FROM,sys_ability_scores,Ability Scores,seventh ability score,,neutral,derived,UA,7,COMELINESS,explicit_rule,prose-sweep,optional,,,
abil_charisma,Charisma,MODIFIES,comeliness,Comeliness,adjusts the score,,neutral,unset,UA,7,COMELINESS,explicit_rule,prose-sweep,optional,,,
comeliness,Comeliness,MODIFIES,cbt_encounter_reactions,Encounter Reactions,reaction adjustment,,neutral,unset,UA,7,COMELINESS,explicit_rule,prose-sweep,optional,,,
comeliness,Comeliness,TRIGGERS,rule_fascinate,Fascinate,at high scores,,neutral,unset,UA,7,COMELINESS,explicit_rule,prose-sweep,optional,,,
rule_fascinate,Fascinate,EXCLUDES,cbt_melee,Combat Ability,does not impair fighting,,negates,derived,UA,7,COMELINESS,explicit_rule,prose-sweep,optional,,,
rule_fascinate,Fascinate,EXCLUDES,rule_spell_casting,Spell Casting,does not impair casting,,negates,derived,UA,7,COMELINESS,explicit_rule,prose-sweep,optional,,,
rule_fascinate,Fascinate,MODIFIES,sys_alignment,Alignment,actions while fascinated may affect it,,neutral,unset,UA,7,COMELINESS,explicit_rule,prose-sweep,optional,,,
spell_change_self,Change Self,MODIFIES,comeliness,Comeliness,slight temporary shift,,neutral,unset,UA,7,COMELINESS,explicit_rule,prose-sweep,optional,,,
spell_polymorph_other,Polymorph,MODIFIES,comeliness,Comeliness,shift from original,,neutral,unset,UA,7,COMELINESS,explicit_rule,prose-sweep,optional,,,
spell_shape_change,Shape Change,OVERRIDES,comeliness,Comeliness,confers full comeliness of new form,,neutral,derived,UA,7,COMELINESS,explicit_rule,prose-sweep,optional,later_publication,,
class_cavalier,Cavalier,DERIVED_FROM,class_fighter,Fighter,new subclass,,neutral,derived,UA,12,CHARACTER CLASSES,explicit_rule,prose-sweep,optional,,,
class_paladin,Paladin,DERIVED_FROM,class_cavalier,Cavalier,reassigned as cavalier subclass,,neutral,derived,UA,12,CHARACTER CLASSES,explicit_rule,prose-sweep,optional,,,
class_barbarian,Barbarian,DERIVED_FROM,class_fighter,Fighter,new subclass,,neutral,derived,UA,12,CHARACTER CLASSES,explicit_rule,prose-sweep,optional,,,
class_thief_acrobat,Thief-Acrobat,DERIVED_FROM,class_thief,Thief,new subclass,,neutral,derived,UA,12,CHARACTER CLASSES,explicit_rule,prose-sweep,optional,,,
sys_alignment,Alignment,GATES,class_cavalier,Cavalier,non-evil at start,,enables,derived,UA,12,CHARACTER CLASSES,explicit_rule,prose-sweep,optional,,,
sys_alignment,Alignment,GATES,class_barbarian,Barbarian,non-lawful,,enables,derived,UA,12,CHARACTER CLASSES,explicit_rule,prose-sweep,optional,,,
sys_alignment,Alignment,GATES,class_thief,Thief,non-good at start,,enables,derived,UA,12,CHARACTER CLASSES,explicit_rule,prose-sweep,optional,,,
race_any,Race,CONSTRAINS,class_cavalier,Cavalier,limited racial access,,neutral,unset,UA,12,CHARACTER CLASSES,explicit_rule,prose-sweep,optional,,,
race_subrace,Elven Sub-Race,GATES,class_cavalier,Cavalier,dark gray or high elf descent only,,enables,derived,UA,12,CHARACTER CLASSES,explicit_rule,prose-sweep,optional,,,
race_subrace,Elven Sub-Race,CONSTRAINS,class_ranger,Ranger,wild elf descent excluded,,neutral,unset,UA,12,CHARACTER CLASSES,explicit_rule,prose-sweep,optional,,,
prof_specialization,Weapon Specialization,DERIVED_FROM,prof_weapon,Weapon Proficiency,additional proficiency investment,,neutral,derived,UA,15,WEAPON SPECIALIZATION,explicit_rule,prose-sweep,optional,,,
prof_specialization,Weapon Specialization,MODIFIES,cbt_tohit,To-Hit Roll,bonus with chosen weapon,,neutral,unset,UA,15,WEAPON SPECIALIZATION,explicit_rule,prose-sweep,optional,,,
prof_specialization,Weapon Specialization,MODIFIES,cbt_damage,Damage,bonus with chosen weapon,,neutral,unset,UA,15,WEAPON SPECIALIZATION,explicit_rule,prose-sweep,optional,,,
prof_specialization,Weapon Specialization,MODIFIES,cbt_attacks_per_round,Attacks Per Melee Round,increased rate,,neutral,unset,UA,15,WEAPON SPECIALIZATION,explicit_rule,prose-sweep,optional,,,
prof_specialization,Weapon Specialization,GATES,class_fighter,Fighter,fighter classes only,,enables,derived,UA,15,WEAPON SPECIALIZATION,explicit_rule,prose-sweep,optional,,,
spell_cantrip,Cantrip,DERIVED_FROM,rule_magic_user_spells,Magic-User Spells,zero level spells,,neutral,derived,UA,44,CANTRIPS,explicit_rule,prose-sweep,optional,,,
spell_cantrip,Cantrip,CONSUMES,rule_spell_memorization,Spell Memorization,occupies preparation,,neutral,derived,UA,44,CANTRIPS,explicit_rule,prose-sweep,optional,,,
race_subrace,Sub-Race,MODIFIES,race_any,Race,expanded racial roster,,neutral,unset,UA,3,CHARACTER RACES,explicit_rule,prose-sweep,optional,,,
sys_armor,Armor,CONSTRAINS,thief_skills,Thief Skills,penalty by armor type,,neutral,unset,UA,22,THIEF SKILLS,explicit_rule,prose-sweep,optional,,,
abil_wisdom,Wisdom Table I,MODIFIES,save_magical_attack,Magical Attack Adjustment,tabulated adjustment,,improves,heuristic,PHB,11,WISDOM TABLE I,explicit_rule,table-column,core,,,
abil_dexterity,Dexterity Table I,MODIFIES,abil_dex_reaction_adjustment,Reaction/Attacking Adjustment,tabulated adjustment,,neutral,unset,PHB,11,DEXTERITY TABLE I,explicit_rule,table-column,core,,,
abil_dexterity,Dexterity Table I,MODIFIES,abil_dex_defensive_adjustment,Dexterity Defensive Adjustment,tabulated adjustment,,neutral,unset,PHB,11,DEXTERITY TABLE I,explicit_rule,table-column,core,,,
abil_charisma,Charisma Table,MODIFIES,abil_cha_max_henchmen,Maximum No. of Henchmen,tabulated adjustment,,neutral,unset,PHB,13,CHARISMA TABLE,explicit_rule,table-column,core,,,
abil_charisma,Charisma Table,MODIFIES,abil_cha_loyalty_base,Loyalty Base,tabulated adjustment,,neutral,unset,PHB,13,CHARISMA TABLE,explicit_rule,table-column,core,,,
abil_charisma,Charisma Table,MODIFIES,abil_cha_reaction_adj,Reaction Adjustment,tabulated adjustment,,neutral,unset,PHB,13,CHARISMA TABLE,explicit_rule,table-column,core,,,
rule_ability_generation,Ability Score Generation,FEEDS_INTO,sys_ability_scores,Ability Scores,initial scores,,neutral,derived,DMG,11,ABILITY SCORES,explicit_rule,prose-sweep,core,,,
rule_generation_method_i,Method I,ALTERNATIVE_TO,rule_ability_generation,Ability Score Generation,generation option,,neutral,derived,DMG,11,ABILITY SCORES,explicit_rule,prose-sweep,core,,,
rule_generation_method_ii,Method II,ALTERNATIVE_TO,rule_ability_generation,Ability Score Generation,generation option,,neutral,derived,DMG,11,ABILITY SCORES,explicit_rule,prose-sweep,core,,,
rule_generation_method_iii,Method III,ALTERNATIVE_TO,rule_ability_generation,Ability Score Generation,generation option,,neutral,derived,DMG,11,ABILITY SCORES,explicit_rule,prose-sweep,core,,,
rule_generation_method_iv,Method IV,ALTERNATIVE_TO,rule_ability_generation,Ability Score Generation,generation option,,neutral,derived,DMG,11,ABILITY SCORES,explicit_rule,prose-sweep,core,,,
rule_ability_generation,Ability Score Generation,GATES,race_any,Race,viable race depends on scores,,enables,derived,DMG,11,ABILITY SCORES,explicit_rule,prose-sweep,core,,,
rule_ability_generation,Ability Score Generation,GATES,sys_classes,Character Class,viable class depends on scores,,enables,derived,DMG,11,ABILITY SCORES,explicit_rule,prose-sweep,core,,,
rule_npc_generation,NPC Ability Generation,ALTERNATIVE_TO,rule_ability_generation,Ability Score Generation,different method for NPCs,,neutral,derived,DMG,11,NON-PLAYER CHARACTERS,explicit_rule,prose-sweep,core,,,
exp_level,Experience Level,MODIFIES,rule_npc_generation,NPC Ability Generation,high level NPCs need high scores,,neutral,unset,DMG,11,NON-PLAYER CHARACTERS,explicit_rule,prose-sweep,core,,,
rule_npc_generation,NPC Ability Generation,CONSTRAINS,sys_ability_scores,Ability Scores,averaged range for general NPCs,,neutral,unset,DMG,11,NON-PLAYER CHARACTERS,explicit_rule,prose-sweep,core,,,
sys_classes,Character Class,MODIFIES,rule_npc_generation,NPC Ability Generation,prime requisite boosted,special characters and henchmen,neutral,unset,DMG,11,NON-PLAYER CHARACTERS,explicit_rule,prose-sweep,core,,,
hench_henchmen,Henchmen,DERIVED_FROM,rule_npc_generation,NPC Ability Generation,generated as special characters,,neutral,derived,DMG,11,NON-PLAYER CHARACTERS,explicit_rule,prose-sweep,core,,,
spell_wish,Wish,MODIFIES,sys_ability_scores,Ability Scores,raises a score,,neutral,unset,DMG,11,THE EFFECT OF WISHES ON CHARACTER ABILITY SCORES,explicit_rule,prose-sweep,core,,,
spell_alter_reality,Alter Reality,MODIFIES,sys_ability_scores,Ability Scores,raises a score,,neutral,unset,DMG,11,THE EFFECT OF WISHES ON CHARACTER ABILITY SCORES,explicit_rule,prose-sweep,core,,,
sys_ability_scores,Ability Scores,CONSTRAINS,spell_wish,Wish,diminishing returns at high scores,score of 16 or greater,neutral,unset,DMG,11,THE EFFECT OF WISHES ON CHARACTER ABILITY SCORES,explicit_rule,prose-sweep,core,,,
item_magic_item,Magical Books and Devices,OVERRIDES,spell_wish,Wish,full point gain still possible,at high scores,neutral,derived,DMG,11,THE EFFECT OF WISHES ON CHARACTER ABILITY SCORES,explicit_rule,prose-sweep,core,explicit_replacement,,
rule_npc_characteristics,NPC Personality Traits,EXCLUDED_FROM,rule_player_character,Player Character,not recommended for PCs,,negates,derived,DMG,11,CHARACTERISTICS FOR PLAYER CHARACTERS,explicit_rule,prose-sweep,core,,,
tbl_secondary_skills,Secondary Skills Table,GATES,rule_secondary_skills,Secondary Skills,skill assigned randomly,,enables,derived,DMG,12,PLAYER CHARACTER NON-PROFESSIONAL SKILLS,explicit_rule,prose-sweep,optional,,,
rule_dm_discretion,DM Discretion,GATES,rule_secondary_skills,Secondary Skills,optional subsystem,,enables,derived,DMG,12,PLAYER CHARACTER NON-PROFESSIONAL SKILLS,explicit_rule,prose-sweep,optional,,,
sys_classes,Character Class,EXCLUDES,rule_secondary_skills,Secondary Skills,profession excluded other activities,,negates,derived,DMG,12,PLAYER CHARACTER NON-PROFESSIONAL SKILLS,explicit_rule,prose-sweep,optional,,,
tbl_secondary_skills,Secondary Skills Table,TRIGGERS,tbl_secondary_skills,Secondary Skills Table,may yield a second skill,,governs,heuristic,DMG,12,PLAYER CHARACTER NON-PROFESSIONAL SKILLS,explicit_rule,prose-sweep,optional,,,
hench_henchmen,Henchmen,FEEDS_INTO,rule_secondary_skills,Secondary Skills,may be assigned to henchmen,,neutral,derived,DMG,12,PLAYER CHARACTER NON-PROFESSIONAL SKILLS,explicit_rule,prose-sweep,optional,,,
campaign_setting,Campaign Background,MODIFIES,rule_secondary_skills,Secondary Skills,selection by campaign,,neutral,unset,DMG,12,PLAYER CHARACTER NON-PROFESSIONAL SKILLS,explicit_rule,prose-sweep,optional,,,
tbl_height_weight,Height and Weight Tables,FEEDS_INTO,rule_char_gen,Character Generation,randomly determined per PC,,neutral,derived,DMG,12,PLAYER CHARACTER NON-PROFESSIONAL SKILLS,explicit_rule,prose-sweep,optional,,,
rule_dice_probability,Dice Probability Curves,FEEDS_INTO,rule_ability_generation,Ability Score Generation,linear versus bell distribution,,neutral,derived,DMG,10,USE OF MINIATURE FIGURES WITH THE GAME,explicit_rule,prose-sweep,core,,,
sys_alignment,Alignment,MODIFIES,rule_npc_characteristics,Character Behavior,dictates much of behavior,,neutral,unset,DMG,16,CHARACTER CLASSES,explicit_rule,prose-sweep,core,,,
tbl_height_weight,Height and Weight Tables,FEEDS_INTO,rule_player_character,Player Character,height and weight determination,,neutral,derived,DMG,16,CHARACTER CLASSES,explicit_rule,prose-sweep,core,,,
tbl_followers_cleric,Clerics Followers Table,FEEDS_INTO,class_followers,Followers,type and number,,neutral,derived,DMG,16,CLERICS,explicit_rule,prose-sweep,core,,,
tbl_followers_fighter,Fighters Followers Table,FEEDS_INTO,class_followers,Followers,companies of troops,,neutral,derived,DMG,16,FIGHTERS,explicit_rule,prose-sweep,core,,,
tbl_followers_ranger,Rangers Followers Table,FEEDS_INTO,class_followers,Followers,followers or creatures attracted,,neutral,derived,DMG,17,RANGERS,explicit_rule,prose-sweep,core,,,
class_followers,Followers,FEEDS_INTO,sys_equipment,Arms and Armor,followers arrive equipped,,neutral,derived,DMG,16,FIGHTERS,explicit_rule,prose-sweep,core,,,
class_followers,Followers,CONSUMES,money_gp,Money,upkeep of troops,,neutral,derived,DMG,16,FIGHTERS,explicit_rule,prose-sweep,core,,,
tbl_followers_ranger,Rangers Followers Table,GATES,monster_special,Special Creatures,high rolls attract special followers,,enables,derived,DMG,17,RANGERS,explicit_rule,prose-sweep,core,,,
tbl_followers_thief,Thieves Followers Table,FEEDS_INTO,class_followers,Followers,gang of thieves,,neutral,derived,DMG,17,THIEVES,explicit_rule,prose-sweep,core,,,
tbl_followers_assassin,Assassins Followers Table,FEEDS_INTO,class_followers,Followers,assassin subordinates,,neutral,derived,DMG,17,ASSASSINS,explicit_rule,prose-sweep,core,,,
race_any,Race,CONSTRAINS,class_assassin,Assassin,multi-class combinations by race,,neutral,unset,DMG,18,MULTI-CLASSED ASSASSIN TABLE,explicit_rule,prose-sweep,core,,,
exp_level,Experience Level,GATES,rule_assassins_guild,Grandfather of Assassins,guild leadership at top level,,enables,derived,DMG,18,MULTI-CLASSED ASSASSIN TABLE,explicit_rule,prose-sweep,core,,,
rule_spying,Spying,DERIVED_FROM,class_assassin,Assassin,most spies are hired assassins,,neutral,derived,DMG,19,SPYING,explicit_rule,prose-sweep,core,,,
rule_spying,Spying,FEEDS_INTO,tbl_spy_failure,Spy Failure Table,mission difficulty,,neutral,derived,DMG,19,SPYING,explicit_rule,prose-sweep,core,,,
rule_precautions,Target Precautions,MODIFIES,tbl_spy_failure,Spy Failure Table,detection chance and frequency,,neutral,unset,DMG,19,SPY FAILURE TABLE,explicit_rule,prose-sweep,core,,,
tbl_spy_failure,Spy Failure Table,TRIGGERS,rule_instant_death,Discovery,captured or killed spy,,governs,heuristic,DMG,19,SPY FAILURE TABLE,explicit_rule,prose-sweep,core,,,
rule_spying,Spying,CONSUMES,rule_time,Time,checked per week,,neutral,derived,DMG,19,SPY FAILURE TABLE,explicit_rule,prose-sweep,core,,,
class_thief,Thief,GATES,rule_setting_traps,Setting Traps,class ability,,enables,derived,DMG,20,THIEVES AND ASSASSINS SETTING TRAPS,explicit_rule,prose-sweep,core,,,
class_assassin,Assassin,GATES,rule_setting_traps,Setting Traps,class ability,,enables,derived,DMG,20,THIEVES AND ASSASSINS SETTING TRAPS,explicit_rule,prose-sweep,core,,,
thief_find_remove_traps,Find/Remove Traps,FEEDS_INTO,rule_setting_traps,Setting Traps,same percentage chance,,neutral,derived,DMG,20,THIEVES AND ASSASSINS SETTING TRAPS,explicit_rule,prose-sweep,core,,,
class_assassin,Assassin,MODIFIES,rule_setting_traps,Setting Traps,operates above own level,,neutral,unset,DMG,20,THIEVES AND ASSASSINS SETTING TRAPS,explicit_rule,prose-sweep,core,,,
rule_setting_traps,Setting Traps,TRIGGERS,cbt_damage,Damage,injury to the setter on failure,,neutral,unset,DMG,20,THIEVES AND ASSASSINS SETTING TRAPS,explicit_rule,prose-sweep,core,,,
rule_setting_traps,Setting Traps,GATES,hench_expert_hirelings,Specialists,special components require specialists,complex traps,enables,derived,DMG,20,THIEVES AND ASSASSINS SETTING TRAPS,explicit_rule,prose-sweep,core,,,
rule_setting_traps,Setting Traps,CONSUMES,money_gp,Money,manufacture of components,,neutral,derived,DMG,20,THIEVES AND ASSASSINS SETTING TRAPS,explicit_rule,prose-sweep,core,,,
thief_read_languages,Read Languages,CONSTRAINS,rule_languages,Languages,ancient tongues unreadable,,neutral,unset,DMG,20,THIEVES AND ASSASSINS SETTING TRAPS,explicit_rule,prose-sweep,core,,,
thief_read_languages,Read Languages,MODIFIES,rule_comprehension,Comprehension,partial meaning only,,neutral,unset,DMG,20,THIEVES AND ASSASSINS SETTING TRAPS,explicit_rule,prose-sweep,core,,,
tbl_poisons,Poisons Table,FEEDS_INTO,save_poison,Saving Throw vs Poison,save modifier by poison type,,neutral,derived,DMG,20,USE OF POISONS,explicit_rule,prose-sweep,core,,,
tbl_poisons,Poisons Table,TRIGGERS,rule_poison_detection,Poison Detection,chance of tasting or smelling,,governs,heuristic,DMG,21,USE OF POISONS,explicit_rule,prose-sweep,core,,,
class_assassin,Assassin,MODIFIES,save_poison,Saving Throw vs Poison,more efficient poison use,,improves,heuristic,DMG,21,USE OF POISONS,explicit_rule,prose-sweep,core,,,
sys_classes,Character Class,MODIFIES,save_poison,Saving Throw vs Poison,non-assassins less efficient,,neutral,unset,DMG,21,USE OF POISONS,explicit_rule,prose-sweep,core,,,
rule_alignment_languages,Alignment Language,GATES,rule_recognition,Recognition of Like Alignment,identifies fellowship,,enables,derived,DMG,24,ALIGNMENT LANGUAGE,explicit_rule,prose-sweep,core,,,
rule_alignment_languages,Alignment Language,CONSTRAINS,rule_communication,Communication,limited vocabulary,,neutral,unset,DMG,24,ALIGNMENT LANGUAGE,explicit_rule,prose-sweep,core,,,
rule_alignment_languages,Alignment Language,CONSTRAINS,rule_alignment_languages,Alignment Language,never used publicly,,neutral,unset,DMG,24,ALIGNMENT LANGUAGE,explicit_rule,prose-sweep,core,,,
sys_alignment,Alignment,GATES,rule_alignment_languages,Alignment Language,tongue known by alignment,,enables,derived,DMG,24,ALIGNMENT LANGUAGE,explicit_rule,prose-sweep,core,,,
rule_character_actions,Major Out-of-Character Action,TRIGGERS,align_change,Changing Alignment,major shift toward the action,,neutral,unset,DMG,25,CHANGING ALIGNMENT,explicit_rule,prose-sweep,core,,,
rule_character_actions,Minor Behavior,MODIFIES,sys_alignment,Alignment,small drift within area,,neutral,unset,DMG,25,CHANGING ALIGNMENT,explicit_rule,prose-sweep,core,,,
align_change,Changing Alignment,TRIGGERS,exp_level_loss,Level Loss,one level lost immediately,above second level,neutral,unset,DMG,25,CHANGING ALIGNMENT,explicit_rule,prose-sweep,core,,,
align_change,Changing Alignment,MODIFIES,rule_hit_points,Hit Points,hit die and points lost,,neutral,unset,DMG,25,CHANGING ALIGNMENT,explicit_rule,prose-sweep,core,,,
align_change,Changing Alignment,CONSTRAINS,sys_classes,Class Abilities,abilities of lost level forfeited,,neutral,unset,DMG,25,CHANGING ALIGNMENT,explicit_rule,prose-sweep,core,,,
align_change,Changing Alignment,TRIGGERS,rule_deity,Deity,may cause change of deity,clerics,neutral,unset,DMG,25,CHANGING ALIGNMENT,explicit_rule,prose-sweep,core,,,
align_change,Changing Alignment,TRIGGERS,class_druid,Druid,ceases to be a druid,if no longer neutral,neutral,unset,DMG,25,CHANGING ALIGNMENT,explicit_rule,prose-sweep,core,,,
rule_involuntary_change,Involuntary Alignment Change,OVERRIDES,align_change,Changing Alignment,losses recoverable,,neutral,derived,DMG,25,CHANGING ALIGNMENT,explicit_rule,prose-sweep,core,explicit_replacement,,
spell_atonement,Atonement,OVERRIDES,rule_involuntary_change,Involuntary Alignment Change,restores losses,cleric of former alignment,neutral,derived,DMG,25,CHANGING ALIGNMENT,explicit_rule,prose-sweep,core,explicit_replacement,,
spell_atonement,Atonement,CONSUMES,money_gp,Money,sacrifice required,,neutral,derived,DMG,25,CHANGING ALIGNMENT,explicit_rule,prose-sweep,core,,,
sys_alignment,Alignment,CONSTRAINS,class_paladin,Paladin,strict behavior demanded,,neutral,unset,DMG,25,CHANGING ALIGNMENT,explicit_rule,prose-sweep,core,,,
sys_alignment,Alignment,CONSTRAINS,rule_familiar,Evil Familiar,behavior mode required,,neutral,unset,DMG,25,CHANGING ALIGNMENT,explicit_rule,prose-sweep,core,,,
rule_party_actions,Party Actions,TRIGGERS,sys_alignment,Alignment,paladin must intervene,witnessed unlawful acts,neutral,unset,DMG,25,CHANGING ALIGNMENT,explicit_rule,prose-sweep,core,,,
tbl_gem_value,Base Value of Gems,FEEDS_INTO,sys_treasure,Treasure,gem valuation,,neutral,derived,DMG,25,MONEY (GEMS & JEWELRY),explicit_rule,prose-sweep,core,,,
tbl_gem_value,Base Value of Gems,FEEDS_INTO,xp_treasure,Experience for Treasure,gold piece value,,neutral,derived,DMG,25,MONEY (GEMS & JEWELRY),explicit_rule,prose-sweep,core,,,
rule_gem_properties,Gem Magical Properties,MODIFIES,tbl_gem_value,Base Value of Gems,reputed properties,,neutral,unset,DMG,26,KEY TO GEM PROPERTIES,explicit_rule,prose-sweep,core,,,
rule_gem_variation,Increase or Decrease of Worth,MODIFIES,tbl_gem_value,Base Value of Gems,value shifts from base,,neutral,unset,DMG,25,MONEY (GEMS & JEWELRY),explicit_rule,prose-sweep,core,,,
abil_dex_defensive_adjustment,Dexterity Defensive Adjustment,MODIFIES,cbt_armor_class,Armor Class,in addition to other protection,,neutral,unset,DMG,28,DEXTERITY ARMOR CLASS BONUS,explicit_rule,prose-sweep,core,,,
sys_armor,Armor,EXCLUDED_FROM,abil_dex_defensive_adjustment,Dexterity Defensive Adjustment,armor type does not reduce the bonus,,negates,derived,DMG,28,DEXTERITY ARMOR CLASS BONUS,explicit_rule,prose-sweep,core,,,
hench_expert_hirelings,Expert Hirelings,DERIVED_FROM,hench_hirelings,Hirelings,specialist category,,neutral,derived,DMG,29,EXPERT HIRELINGS,explicit_rule,prose-sweep,core,,,
hench_hirelings,Hirelings,ALTERNATIVE_TO,hench_henchmen,Henchmen,employees versus companions,,neutral,derived,DMG,29,EXPERT HIRELINGS,explicit_rule,prose-sweep,core,,,
rule_stronghold,Stronghold,GATES,hench_menial_hirelings,Menial Hirelings,included in upkeep cost,,enables,derived,DMG,29,EXPERT HIRELINGS,explicit_rule,prose-sweep,core,,,
campaign_settlement,Town or City,GATES,hench_expert_hirelings,Expert Hirelings,found only in settlements,,enables,derived,DMG,29,EXPERT HIRELINGS,explicit_rule,prose-sweep,core,,,
hench_expert_hirelings,Expert Hirelings,CONSUMES,money_gp,Money,monthly cost by profession,,neutral,derived,DMG,29,EXPERT HIRELINGS,explicit_rule,prose-sweep,core,,,
hench_expert_hirelings,Expert Hirelings,MODIFIES,hench_loyalty,Loyalty,accommodation pay and treatment,,neutral,unset,DMG,29,EXPERT HIRELINGS,explicit_rule,prose-sweep,core,,,
hench_mercenary,Mercenary Soldier,CONSUMES,sys_equipment,Arms and Armor,must be furnished separately,,neutral,derived,DMG,29,EXPERT HIRELINGS,explicit_rule,prose-sweep,core,,,
hench_alchemist,Alchemist,GATES,item_brew_potion,Brewing Potions,enables potion fabrication,,enables,derived,DMG,29,EXPERT HIRELINGS,explicit_rule,prose-sweep,core,,,
hench_alchemist,Alchemist,CONSUMES,money_gp,Money,bonus laboratory and year contract,,neutral,derived,DMG,29,EXPERT HIRELINGS,explicit_rule,prose-sweep,core,,,
hench_armorer,Armorer,GATES,sys_armor,Armor,manufactures armor and shields,,enables,derived,DMG,29,EXPERT HIRELINGS,explicit_rule,prose-sweep,core,,,
class_followers,Troops,CONSTRAINS,hench_armorer,Armorer,one required per forty soldiers,,neutral,unset,DMG,29,EXPERT HIRELINGS,explicit_rule,prose-sweep,core,,,
class_followers,Troops,MODIFIES,hench_armorer,Armorer,spare time reduced by troop count,,neutral,unset,DMG,29,EXPERT HIRELINGS,explicit_rule,prose-sweep,core,,,
hench_armorer,Armorer,CONSUMES,rule_time,Time,manufacture takes months,,neutral,derived,DMG,29,EXPERT HIRELINGS,explicit_rule,prose-sweep,core,,,
hench_armorer,Armorer,CONSUMES,money_gp,Money,workroom and forge required,,neutral,derived,DMG,29,EXPERT HIRELINGS,explicit_rule,prose-sweep,core,,,
tbl_armorer_skill,Armorer Skill Level,CONSTRAINS,sys_armor,Armor,which armor types can be made,,governs,heuristic,DMG,29,EXPERT HIRELINGS,explicit_rule,prose-sweep,core,,,
hench_engineer,Engineer,GATES,campaign_construction,Construction,architect artillerist sapper,,enables,derived,DMG,29,EXPERT HIRELINGS,explicit_rule,prose-sweep,core,,,
hench_jeweler,Jeweler-Gemcutter,MODIFIES,tbl_gem_value,Gem Value,cutting alters worth,,neutral,unset,DMG,29,EXPERT HIRELINGS,explicit_rule,prose-sweep,core,,,
hench_sage,Sage,GATES,rule_information,Information,answers questions,,enables,derived,DMG,31,EXPERT HIRELINGS,explicit_rule,prose-sweep,core,,,
tbl_sage_fields,Sage Fields of Study,CONSTRAINS,hench_sage,Sage,major and minor fields,,governs,heuristic,DMG,31,EXPERT HIRELINGS,explicit_rule,prose-sweep,core,,,
tbl_sage_fields,Sage Fields of Study,GATES,rule_sage_chance_to_know,Chance of Knowing,expertise by category,,enables,derived,DMG,31,EXPERT HIRELINGS,explicit_rule,prose-sweep,core,,,
rule_sage_chance_to_know,Chance of Knowing,GATES,rule_information,Information,knowledge obtained,,enables,derived,DMG,32,EXPERT HIRELINGS,explicit_rule,prose-sweep,core,,,
rule_sage_chance_to_know,Chance of Knowing,CONSUMES,money_gp,Money,materials fees and bribes,,neutral,derived,DMG,32,EXPERT HIRELINGS,explicit_rule,prose-sweep,core,,,
rule_sage_chance_to_know,Chance of Knowing,CONSUMES,rule_time,Time,research duration,,neutral,derived,DMG,32,EXPERT HIRELINGS,explicit_rule,prose-sweep,core,,,
tbl_sage_fields,Sage Fields of Study,MODIFIES,money_gp,Money,no cost within special category,special category questions,governs,heuristic,DMG,32,EXPERT HIRELINGS,explicit_rule,prose-sweep,core,,,
rule_question_difficulty,Question Difficulty,MODIFIES,rule_time,Time,DM may extend research time,,neutral,unset,DMG,32,EXPERT HIRELINGS,explicit_rule,prose-sweep,core,,,
rule_sage_chance_to_know,Chance of Knowing,CONSTRAINS,rule_information,Information,some knowledge unobtainable,,neutral,unset,DMG,32,EXPERT HIRELINGS,explicit_rule,prose-sweep,core,,,
hench_sage,Sage,ALTERNATIVE_TO,rule_informational_spells,Informational Spells,route to knowledge,,neutral,derived,DMG,31,EXPERT HIRELINGS,inferred_rule,prose-sweep,core,,,
abil_charisma,Charisma,FEEDS_INTO,hench_loyalty,Loyalty Base,initial score,,neutral,derived,DMG,36,"LOYALTY OF HENCHMEN & HIRELINGS, OBEDIENCE AND MORALE",explicit_rule,prose-sweep,core,,,
hench_loyalty,Loyalty,GATES,rule_loyalty_check,Loyalty Check,base adjusted then rolled,,enables,derived,DMG,36,"LOYALTY OF HENCHMEN & HIRELINGS, OBEDIENCE AND MORALE",explicit_rule,prose-sweep,core,,,
rule_loyalty_check,Loyalty Check,TRIGGERS,hench_desertion,Desertion,failure result,abandoned or left in danger,neutral,unset,DMG,36,"LOYALTY OF HENCHMEN & HIRELINGS, OBEDIENCE AND MORALE",explicit_rule,prose-sweep,core,,,
rule_loyalty_check,Loyalty Check,TRIGGERS,hench_betrayal,Betrayal,failure result,bribed or ordered to testify,neutral,unset,DMG,36,"LOYALTY OF HENCHMEN & HIRELINGS, OBEDIENCE AND MORALE",explicit_rule,prose-sweep,core,,,
rule_loyalty_check,Loyalty Check,TRIGGERS,cbt_morale,Morale,failure result in combat,,neutral,unset,DMG,36,"LOYALTY OF HENCHMEN & HIRELINGS, OBEDIENCE AND MORALE",explicit_rule,prose-sweep,core,,,
cbt_melee,Combat,TRIGGERS,rule_loyalty_check,Loyalty Check,check required against dangerous foe,,neutral,unset,DMG,36,"LOYALTY OF HENCHMEN & HIRELINGS, OBEDIENCE AND MORALE",explicit_rule,prose-sweep,core,,,
rule_liege_status,Liege Incapacitated or Slain,TRIGGERS,rule_loyalty_check,Loyalty Check,check required,,neutral,unset,DMG,36,"LOYALTY OF HENCHMEN & HIRELINGS, OBEDIENCE AND MORALE",explicit_rule,prose-sweep,core,,,
money_gp,Money,MODIFIES,rule_loyalty_check,Loyalty Check,bribe offered,,neutral,unset,DMG,36,"LOYALTY OF HENCHMEN & HIRELINGS, OBEDIENCE AND MORALE",explicit_rule,prose-sweep,core,,,
rule_time,Game Time,GATES,rule_hp_recovery,Hit Point Recovery,makes recovery meaningful,,enables,derived,DMG,37,TIME IN THE CAMPAIGN,explicit_rule,prose-sweep,core,,,
rule_time,Game Time,CONSTRAINS,item_enchant,Manufacture of Magic Items,no adventuring during fabrication,,neutral,unset,DMG,37,TIME IN THE CAMPAIGN,explicit_rule,prose-sweep,core,,,
rule_time,Game Time,CONSTRAINS,training,Training,time required to gain levels,,neutral,unset,DMG,37,TIME IN THE CAMPAIGN,explicit_rule,prose-sweep,core,,,
rule_time,Game Time,CONSTRAINS,rule_languages,Languages,time to learn new tongues,,neutral,unset,DMG,37,TIME IN THE CAMPAIGN,explicit_rule,prose-sweep,core,,,
rule_time,Game Time,CONSTRAINS,rule_aging,Aging,numbers days of game life,,neutral,unset,DMG,37,TIME IN THE CAMPAIGN,explicit_rule,prose-sweep,core,,,
rule_time,Game Time,CONSTRAINS,rule_stronghold,Stronghold,absence from base of operations,,neutral,unset,DMG,37,TIME IN THE CAMPAIGN,explicit_rule,prose-sweep,core,,,
time_segment_round_turn,Turn,FEEDS_INTO,rule_time,Game Time,ten rounds to a turn six turns to an hour,,neutral,derived,DMG,38,TIME IN THE DUNGEON,explicit_rule,prose-sweep,core,,,
rule_time,Game Time,GATES,gen_wandering_monsters,Wandering Monster Check,determines when to check,,enables,derived,DMG,38,TIME IN THE DUNGEON,explicit_rule,prose-sweep,core,,,
rule_time,Game Time,CONSTRAINS,rule_spell_duration,Spell Duration,tracked in turns,,neutral,unset,DMG,38,TIME IN THE DUNGEON,explicit_rule,prose-sweep,core,,,
rule_rest,Rest,CONSUMES,rule_time,Game Time,one turn in six required,,neutral,derived,DMG,38,TIME IN THE DUNGEON,explicit_rule,prose-sweep,core,,,
cbt_melee,Combat,TRIGGERS,rule_rest,Rest,rest required after strenuous activity,,neutral,unset,DMG,38,TIME IN THE DUNGEON,explicit_rule,prose-sweep,core,,,
gen_wandering_monsters,Wandering Monster Check,OVERRIDES,rule_spell_memorization,Spell Recovery,interruptions may prevent recovery,,neutral,derived,DMG,38,TIME IN THE DUNGEON,explicit_rule,prose-sweep,core,explicit_replacement,,
rule_holing_up,Holing Up,GATES,rule_hp_recovery,Hit Point Recovery,resting and recuperating,,enables,derived,DMG,38,TIME IN THE DUNGEON,explicit_rule,prose-sweep,core,,,
rule_holing_up,Holing Up,TRIGGERS,gen_wandering_monsters,Wandering Monster Check,does not exempt from checks,,neutral,unset,DMG,38,TIME IN THE DUNGEON,explicit_rule,prose-sweep,core,,,
rule_apprenticeship,Apprenticeship,GATES,class_magic_user,Magic-User,starting spells from master,,enables,derived,DMG,39,ACQUISITION OF MAGIC-USER SPELLS,explicit_rule,prose-sweep,core,,,
rule_apprenticeship,Apprenticeship,FEEDS_INTO,rule_spell_book,Spell Book,initial book prepared by master,,neutral,derived,DMG,39,ACQUISITION OF MAGIC-USER SPELLS,explicit_rule,prose-sweep,core,,,
rule_chance_know_spell,Chance to Know Spell,GATES,rule_spell_book,Spell Book,which spells may be recorded,,enables,derived,DMG,39,ACQUISITION OF MAGIC-USER SPELLS,explicit_rule,prose-sweep,core,,,
rule_spell_level,Spell Level,MODIFIES,rule_spell_memorization,Recovery of Spells,higher levels take longer,,neutral,unset,DMG,40,RECOVERY OF SPELLS,explicit_rule,prose-sweep,core,,,
cbt_surprise,Surprise,MODIFIES,cbt_encounter_distance,Encounter Distance,shortened by surprise value,,neutral,unset,DMG,49,THE ADVENTURE (LAND ADVENTURES),explicit_rule,prose-sweep,core,,,
rule_terrain,Terrain,MODIFIES,cbt_encounter_distance,Encounter Distance,scrub forest and marsh reduce,,neutral,unset,DMG,49,THE ADVENTURE (LAND ADVENTURES),explicit_rule,prose-sweep,core,,,
cbt_encounter_distance,Encounter Distance,TRIGGERS,rule_confrontation,Confrontation,at close proximity,,neutral,unset,DMG,49,THE ADVENTURE (LAND ADVENTURES),explicit_rule,prose-sweep,core,,,
rule_confrontation,Confrontation,TRIGGERS,cbt_encounter_reactions,Encounter Reactions,interaction likely,,neutral,unset,DMG,49,THE ADVENTURE (LAND ADVENTURES),explicit_rule,prose-sweep,core,,,
rule_aerial_travel,Aerial Travel,ALTERNATIVE_TO,ex_movement_rate,Overland Movement,long distance travel,,neutral,derived,DMG,50,AERIAL TRAVEL,explicit_rule,prose-sweep,core,,,
item_magic_item,Flying Magic Item,GATES,rule_aerial_travel,Aerial Travel,broom or carpet of flying,,enables,derived,DMG,50,AERIAL TRAVEL,explicit_rule,prose-sweep,core,,,
rule_flying_mount,Flying Mount,GATES,rule_aerial_travel,Aerial Travel,griffon hippogriff or pegasus,,enables,derived,DMG,50,AERIAL TRAVEL,explicit_rule,prose-sweep,core,,,
rule_flying_mount,Flying Mount,CONSUMES,money_gp,Money,difficult to acquire and train,,neutral,derived,DMG,50,AERIAL TRAVEL,explicit_rule,prose-sweep,core,,,
rule_flying_mount,Flying Mount,CONSTRAINS,rule_flying_mount,Flying Mount,types will not mix,,neutral,unset,DMG,50,AERIAL TRAVEL,explicit_rule,prose-sweep,core,,,
ex_movement_rate,Movement Rate,FEEDS_INTO,rule_aerial_travel,Aerial Travel,speed converts to miles per hour,,neutral,derived,DMG,50,AERIAL TRAVEL,explicit_rule,prose-sweep,core,,,
rule_vessel,Vessel Class,GATES,rule_waterborne_travel,Waterborne Adventures,ship type determines capability,,enables,derived,DMG,53,WATERBORNE ADVENTURES,explicit_rule,prose-sweep,core,,,
rule_wind,Wind Force,CONSTRAINS,rule_vessel,Vessel,small craft fail in high wind,,neutral,unset,DMG,53,WATERBORNE ADVENTURES,explicit_rule,prose-sweep,core,,,
rule_vessel,Vessel,CONSUMES,hench_hirelings,Crew,crew required by vessel size,,neutral,derived,DMG,53,WATERBORNE ADVENTURES,explicit_rule,prose-sweep,core,,,
rule_waterborne_travel,Waterborne Adventures,TRIGGERS,gen_random_encounter,Random Encounters,fresh and salt water tables,,neutral,unset,DMG,53,WATERBORNE ADVENTURES,explicit_rule,prose-sweep,core,,,
rule_underwater,Underwater Adventures,GATES,rule_water_breathing,Breathing,air is the first concern,,enables,derived,DMG,55,UNDERWATER ADVENTURES,explicit_rule,prose-sweep,core,,,
spell_water_breathing,Water Breathing,GATES,rule_water_breathing,Breathing,enables submarine respiration,,enables,derived,DMG,55,UNDERWATER ADVENTURES,explicit_rule,prose-sweep,core,,,
spell_polymorph_other,Polymorph Other,ALTERNATIVE_TO,rule_water_breathing,Breathing,change to water-breathing form,,neutral,derived,DMG,55,UNDERWATER ADVENTURES,explicit_rule,prose-sweep,core,,,
item_magic_item,Magic Item,ALTERNATIVE_TO,rule_water_breathing,Breathing,helm or cloak or potion,,neutral,derived,DMG,55,UNDERWATER ADVENTURES,explicit_rule,prose-sweep,core,,,
class_magic_user,Magic-User,GATES,rule_water_breathing,Breathing,spell access advantage,,enables,derived,DMG,55,UNDERWATER ADVENTURES,explicit_rule,prose-sweep,core,,,
rule_depth,Water Depth,CONSTRAINS,ex_light_vision,Vision,vision obscured below depth limit,,neutral,unset,DMG,55,UNDERWATER ADVENTURES,explicit_rule,prose-sweep,core,,,
rule_water_type,Fresh or Salt Water,MODIFIES,ex_light_vision,Vision,different distance limits,,neutral,unset,DMG,55,UNDERWATER ADVENTURES,explicit_rule,prose-sweep,core,,,
spell_light,Light,OVERRIDES,rule_depth,Water Depth,vision regardless of depth,,neutral,derived,DMG,55,UNDERWATER ADVENTURES,explicit_rule,prose-sweep,core,explicit_replacement,,
sys_armor,Armor,CONSTRAINS,ex_swimming,Swimming,not possible above leather,except magic armor,neutral,unset,DMG,55,UNDERWATER ADVENTURES,explicit_rule,prose-sweep,core,,,
enc_encumbrance,Encumbrance,CONSTRAINS,ex_swimming,Swimming,weight limit for swimming,,neutral,unset,DMG,55,UNDERWATER ADVENTURES,explicit_rule,prose-sweep,core,,,
abil_strength,Strength,MODIFIES,ex_swimming,Swimming,bonus adjusts weight limit,,neutral,unset,DMG,55,UNDERWATER ADVENTURES,explicit_rule,prose-sweep,core,,,
rule_underwater,Underwater Combat,CONSTRAINS,sys_equipment,Weapons,only thrusting weapons usable,,neutral,unset,DMG,56,UNDERWATER ADVENTURES,explicit_rule,prose-sweep,core,,,
rule_underwater,Underwater Combat,MODIFIES,cbt_initiative,Initiative,aquatic creatures strike first,,neutral,unset,DMG,56,UNDERWATER ADVENTURES,explicit_rule,prose-sweep,core,,,
wpn_length,Weapon Length,OVERRIDES,cbt_initiative,Initiative,longer weapon regains the first strike,underwater,neutral,derived,DMG,56,UNDERWATER ADVENTURES,explicit_rule,prose-sweep,core,explicit_replacement,,
rule_free_action,Free Action,OVERRIDES,rule_underwater,Underwater Combat,move and fight as if on land,,neutral,derived,DMG,56,UNDERWATER ADVENTURES,explicit_rule,prose-sweep,core,explicit_replacement,,
rule_planar_travel,Travel in the Known Planes,TRIGGERS,gen_random_encounter,Astral and Ethereal Encounters,plane-specific tables,,neutral,unset,DMG,57,TRAVEL IN THE KNOWN PLANES OF EXISTENCE,explicit_rule,prose-sweep,core,,,
rule_mount,Mount,MODIFIES,ex_movement_rate,Outdoor Movement,mounted rates by mount type,,neutral,unset,DMG,58,OUTDOOR MOVEMENT,explicit_rule,prose-sweep,core,,,
rule_detection_invisibility,Detection of Invisibility,RESOLVED_BY,exp_level,Experience Level,chance by level and hit dice,,governs,derived,DMG,60,DETECTION OF INVISIBILITY TABLE,explicit_rule,prose-sweep,core,,,
abil_intelligence,Intelligence,MODIFIES,rule_detection_invisibility,Detection of Invisibility,chance to notice,,neutral,unset,DMG,60,DETECTION OF INVISIBILITY TABLE,explicit_rule,prose-sweep,core,,,
rule_invisibility,Invisibility,TRIGGERS,rule_detection_invisibility,Detection of Invisibility,check each round,,neutral,unset,DMG,60,DETECTION OF INVISIBILITY TABLE,explicit_rule,prose-sweep,core,,,
cbt_attack_matrix,Attack Matrix,RESOLVED_BY,exp_level,Experience Level,to-hit score by level bands,,governs,derived,DMG,74,ATTACK MATRIX FOR CLERICS DRUIDS AND MONKS,explicit_rule,prose-sweep,core,,,
cbt_armor_class,Armor Class,FEEDS_INTO,cbt_attack_matrix,Attack Matrix,opponent AC selects the row,,neutral,derived,DMG,74,ATTACK MATRIX FOR CLERICS DRUIDS AND MONKS,explicit_rule,prose-sweep,core,,,
sys_classes,Character Class,GATES,cbt_attack_matrix,Attack Matrix,which matrix applies,,enables,derived,DMG,74,ATTACK MATRIX FOR CLERICS DRUIDS AND MONKS,explicit_rule,prose-sweep,core,,,
wpn_range,Weapon Range,MODIFIES,cbt_missile,Missile Fire,penalty at medium and long range,,neutral,unset,DMG,74,ATTACK MATRIX FOR CLERICS DRUIDS AND MONKS,explicit_rule,prose-sweep,core,,,
monster_hd,Monster Hit Dice,RESOLVED_BY,cbt_attack_matrix,Attack Matrix,monsters use hit dice band,,governs,derived,DMG,75,ATTACK MATRIX FOR MONSTERS,explicit_rule,prose-sweep,core,,,
cbt_pummel_grapple,Pummeling Grappling and Overbearing,DERIVED_FROM,cbt_melee,Melee Combat,non-lethal attack forms,,neutral,derived,DMG,72,PUMMELING GRAPPLING AND OVERBEARING,explicit_rule,prose-sweep,core,,,
cbt_attack_matrix,Attack Matrix,FEEDS_INTO,cbt_pummel_grapple,Pummeling,column number used as base,,neutral,derived,DMG,72,PUMMELING GRAPPLING AND OVERBEARING,explicit_rule,prose-sweep,core,,,
cbt_pummel_grapple,Pummeling,MODIFIES,rule_hit_points,Hit Points,most damage is temporary,,neutral,unset,DMG,72,PUMMELING GRAPPLING AND OVERBEARING,explicit_rule,prose-sweep,core,,,
cbt_pummel_grapple,Pummeling,TRIGGERS,rule_unconsciousness,Unconsciousness,battering an opponent senseless,,neutral,unset,DMG,72,PUMMELING GRAPPLING AND OVERBEARING,explicit_rule,prose-sweep,core,,,
rule_unconsciousness,Unconsciousness,EXCLUDES,cbt_pummel_grapple,Pummeling,no defensive variable,,negates,derived,DMG,72,PUMMELING GRAPPLING AND OVERBEARING,explicit_rule,prose-sweep,core,,,
cbt_pummel_grapple,Pummeling,ALTERNATIVE_TO,cbt_damage,Lethal Damage,subdual rather than killing,,neutral,derived,DMG,72,PUMMELING GRAPPLING AND OVERBEARING,explicit_rule,prose-sweep,core,,,
hench_loyalty,Loyalty,FEEDS_INTO,cbt_morale,Morale Score,base morale equals loyalty,henchmen,neutral,derived,DMG,70,MORALE SCORES,explicit_rule,prose-sweep,core,,,
monster_hd,Monster Hit Dice,FEEDS_INTO,cbt_morale,Morale Score,base morale rises with hit dice,intelligent monsters,neutral,derived,DMG,70,MORALE SCORES,explicit_rule,prose-sweep,core,,,
rule_hit_points,Hit Points,MODIFIES,cbt_morale,Morale Score,points above hit dice,,neutral,unset,DMG,70,MORALE SCORES,explicit_rule,prose-sweep,core,,,
cbt_morale,Morale,TRIGGERS,tbl_morale_failure,Morale Failure,degree of failure sets reaction,,neutral,unset,DMG,70,MORALE SCORES,explicit_rule,prose-sweep,core,,,
tbl_morale_failure,Morale Failure,TRIGGERS,cbt_fall_back,Falling Back,mild failure,,governs,heuristic,DMG,70,MORALE SCORES,explicit_rule,prose-sweep,core,,,
tbl_morale_failure,Morale Failure,TRIGGERS,cbt_flee,Flee in Panic,severe failure,,governs,heuristic,DMG,70,MORALE SCORES,explicit_rule,prose-sweep,core,,,
tbl_morale_failure,Morale Failure,TRIGGERS,rule_surrender,Surrender,worst failure,,governs,heuristic,DMG,70,MORALE SCORES,explicit_rule,prose-sweep,core,,,
cbt_flee,Flee,TRIGGERS,cbt_pursuit_evasion,Pursuit and Evasion,pursuit begins,,neutral,unset,DMG,70,PURSUIT AND EVASION OF PURSUIT,explicit_rule,prose-sweep,core,,,
cbt_pursuit_evasion,Pursuit and Evasion,RESOLVED_BY,ex_movement_rate,Movement Rate,relative speed decides,,governs,derived,DMG,70,PURSUIT AND EVASION OF PURSUIT,explicit_rule,prose-sweep,core,,,
rule_setting,Underground or Outdoors,MODIFIES,cbt_pursuit_evasion,Pursuit and Evasion,different rules by setting,,neutral,unset,DMG,70,PURSUIT AND EVASION OF PURSUIT,explicit_rule,prose-sweep,core,,,
save_matrix,Saving Throw Matrix,RESOLVED_BY,exp_level,Experience Level,target number by class and level,,governs,derived,DMG,79,SAVING THROW MATRIX FOR CHARACTERS AND HUMAN TYPES,explicit_rule,prose-sweep,core,,,
sys_classes,Character Class,GATES,save_matrix,Saving Throw Matrix,which row applies,,enables,derived,DMG,79,SAVING THROW MATRIX FOR CHARACTERS AND HUMAN TYPES,explicit_rule,prose-sweep,core,,,
save_matrix,Saving Throw Matrix,GATES,save_poison,Paralyzation Poison or Death Magic,save category,,enables,derived,DMG,79,SAVING THROW MATRIX FOR CHARACTERS AND HUMAN TYPES,explicit_rule,prose-sweep,core,,,
save_matrix,Saving Throw Matrix,GATES,save_petrify,Petrification or Polymorph,save category,,enables,derived,DMG,79,SAVING THROW MATRIX FOR CHARACTERS AND HUMAN TYPES,explicit_rule,prose-sweep,core,,,
save_matrix,Saving Throw Matrix,GATES,save_rod_staff_wand,Rod Staff or Wand,save category,,enables,derived,DMG,79,SAVING THROW MATRIX FOR CHARACTERS AND HUMAN TYPES,explicit_rule,prose-sweep,core,,,
save_matrix,Saving Throw Matrix,GATES,save_breath,Breath Weapon,save category,,enables,derived,DMG,79,SAVING THROW MATRIX FOR CHARACTERS AND HUMAN TYPES,explicit_rule,prose-sweep,core,,,
save_matrix,Saving Throw Matrix,GATES,save_spell,Spell,save category,,enables,derived,DMG,79,SAVING THROW MATRIX FOR CHARACTERS AND HUMAN TYPES,explicit_rule,prose-sweep,core,,,
item_saving_throw,Item Saving Throw Matrix,RESOLVED_BY,rule_item_material,Item Material,row selected by material,,governs,derived,DMG,80,SAVING THROW MATRIX FOR MAGICAL AND NON-MAGICAL ITEMS,explicit_rule,prose-sweep,core,,,
rule_attack_form,Attack Form,FEEDS_INTO,item_saving_throw,Item Saving Throw Matrix,column selected by attack,,neutral,derived,DMG,80,SAVING THROW MATRIX FOR MAGICAL AND NON-MAGICAL ITEMS,explicit_rule,prose-sweep,core,,,
item_magic_item,Magic Item,MODIFIES,item_saving_throw,Item Saving Throw Matrix,bonus scaling with plus,,neutral,unset,DMG,80,SAVING THROW MATRIX FOR MAGICAL AND NON-MAGICAL ITEMS,explicit_rule,prose-sweep,core,,,
item_magic_item,Magic Item,MODIFIES,item_saving_throw,Item Saving Throw Matrix,large bonus in its own mode,attack matches item power,neutral,unset,DMG,80,SAVING THROW MATRIX FOR MAGICAL AND NON-MAGICAL ITEMS,explicit_rule,prose-sweep,core,,,
rule_extreme_cold,Extreme Cold,MODIFIES,item_saving_throw,Item Saving Throw Matrix,hard metal becomes brittle,struck after chilling,neutral,unset,DMG,80,SAVING THROW MATRIX FOR MAGICAL AND NON-MAGICAL ITEMS,explicit_rule,prose-sweep,core,,,
item_saving_throw,Item Saving Throw Matrix,TRIGGERS,rule_item_destruction,Item Destruction,failure destroys the item,,neutral,unset,DMG,80,SAVING THROW MATRIX FOR MAGICAL AND NON-MAGICAL ITEMS,explicit_rule,prose-sweep,core,,,
item_magic_armor,Magic Armor,MODIFIES,save_matrix,Saving Throw,bonus against damaging attacks,,improves,heuristic,DMG,81,MAGIC ARMOR AND SAVING THROWS,explicit_rule,prose-sweep,core,,,
item_magic_armor,Magic Armor,EXCLUDED_FROM,save_poison,Poison and Gas Saves,no armor bonus,,negates,derived,DMG,81,MAGIC ARMOR AND SAVING THROWS,explicit_rule,prose-sweep,core,,,
item_magic_armor,Magic Armor,EXCLUDED_FROM,save_petrify,Petrification and Polymorph,no armor bonus,non-damaging spells,negates,derived,DMG,81,MAGIC ARMOR AND SAVING THROWS,explicit_rule,prose-sweep,core,,,
item_magic_armor,Magic Armor,MODIFIES,ex_falling,Falling Damage,armor bonus applies,,neutral,unset,DMG,81,MAGIC ARMOR AND SAVING THROWS,explicit_rule,prose-sweep,core,,,
rule_item_material,Metallic Armor,EXCLUDED_FROM,save_matrix,Electrical Attack Saves,metal gives no bonus,nonmetallic armor does,negates,derived,DMG,81,MAGIC ARMOR AND SAVING THROWS,explicit_rule,prose-sweep,core,,,
cbt_attack_matrix,Attack Matrix,GATES,cbt_tohit,Perfect Hit,natural twenty always hits,,enables,derived,DMG,82,PROGRESSION ON THE COMBAT TABLES,explicit_rule,prose-sweep,core,,,
cbt_armor_class,Armor Class,CONSTRAINS,cbt_attack_matrix,Attack Matrix,high AC is not hit-proof,,neutral,unset,DMG,82,PROGRESSION ON THE COMBAT TABLES,explicit_rule,prose-sweep,core,,,
rule_alcohol,Intoxication,MODIFIES,rule_bravery,Bravery,increased by drink,,neutral,unset,DMG,83,RECOVERY FROM INTOXICATION,explicit_rule,prose-sweep,core,,,
rule_alcohol,Intoxication,MODIFIES,cbt_morale,Morale,improved by drink,non-player characters,neutral,unset,DMG,83,RECOVERY FROM INTOXICATION,explicit_rule,prose-sweep,core,,,
rule_alcohol,Intoxication,MODIFIES,abil_intelligence,Intelligence,reduced,,neutral,unset,DMG,83,RECOVERY FROM INTOXICATION,explicit_rule,prose-sweep,core,,,
rule_alcohol,Intoxication,MODIFIES,abil_wisdom,Wisdom,reduced,,neutral,unset,DMG,83,RECOVERY FROM INTOXICATION,explicit_rule,prose-sweep,core,,,
rule_alcohol,Intoxication,MODIFIES,abil_dexterity,Dexterity,reduced,,neutral,unset,DMG,83,RECOVERY FROM INTOXICATION,explicit_rule,prose-sweep,core,,,
rule_alcohol,Intoxication,MODIFIES,abil_charisma,Charisma,reduced,,neutral,unset,DMG,83,RECOVERY FROM INTOXICATION,explicit_rule,prose-sweep,core,,,
rule_alcohol,Intoxication,MODIFIES,cbt_tohit,Attack Dice,penalty when drunk,,neutral,unset,DMG,83,RECOVERY FROM INTOXICATION,explicit_rule,prose-sweep,core,,,
rule_alcohol,Intoxication,MODIFIES,rule_hit_points,Hit Points,temporary gain,,neutral,unset,DMG,83,RECOVERY FROM INTOXICATION,explicit_rule,prose-sweep,core,,,
rule_alcohol,Intoxication,TRIGGERS,rule_unconsciousness,Coma,beyond great intoxication,,neutral,unset,DMG,83,RECOVERY FROM INTOXICATION,explicit_rule,prose-sweep,core,,,
rule_insanity,Dipsomania,TRIGGERS,rule_alcohol,Intoxication,compels drinking to unconsciousness,,neutral,unset,DMG,83,RECOVERY FROM INTOXICATION,explicit_rule,prose-sweep,core,,,
xp_treasure,Experience Value of Treasure,FEEDS_INTO,exp_level,Experience Level,gold piece value awarded,,neutral,derived,DMG,85,EXPERIENCE VALUE OF TREASURE TAKEN,explicit_rule,prose-sweep,core,,,
sys_treasure,Treasure,FEEDS_INTO,xp_treasure,Experience Value of Treasure,value of loot recovered,,neutral,derived,DMG,85,EXPERIENCE VALUE OF TREASURE TAKEN,explicit_rule,prose-sweep,core,,,
xp_magic_items,Experience Value of Magic Items,FEEDS_INTO,exp_level,Experience Level,points per item,,neutral,derived,DMG,85,EXPERIENCE VALUE OF TREASURE TAKEN,explicit_rule,prose-sweep,core,,,
rule_xp_division,Adjustment and Division of Experience,MODIFIES,exp_level,Experience Level,award split among party,,neutral,unset,DMG,84,ADJUSTMENT AND DIVISION OF EXPERIENCE POINTS,explicit_rule,prose-sweep,core,,,
exp_level,Experience Level,MODIFIES,rule_xp_division,Adjustment of Experience,award reduced for easy foes,,neutral,unset,DMG,84,ADJUSTMENT AND DIVISION OF EXPERIENCE POINTS,explicit_rule,prose-sweep,core,,,
hench_experience,Henchman Experience,DERIVED_FROM,rule_xp_division,Division of Experience,reduced share,,neutral,derived,DMG,84,ADJUSTMENT AND DIVISION OF EXPERIENCE POINTS,explicit_rule,prose-sweep,core,,,
campaign_climate,Climate and Ecology,FEEDS_INTO,gen_random_encounter,Random Encounters,which creatures inhabit an area,,neutral,derived,DMG,87,CLIMATE & ECOLOGY,explicit_rule,prose-sweep,core,,,
campaign_climate,Climate and Ecology,MODIFIES,tbl_chance_disease,Chance of Contracting Disease,climate feeds affliction chance,,neutral,unset,DMG,87,CLIMATE & ECOLOGY,explicit_rule,prose-sweep,core,,,
campaign_social_class,Social Class and Rank,FEEDS_INTO,campaign_settlement,Town and City Structure,who lives where,,neutral,derived,DMG,89,THE TOWN AND CITY SOCIAL STRUCTURE,explicit_rule,prose-sweep,core,,,
campaign_social_class,Social Class and Rank,MODIFIES,cbt_encounter_reactions,Encounter Reactions,rank affects dealings,,neutral,unset,DMG,89,THE TOWN AND CITY SOCIAL STRUCTURE,inferred_rule,prose-sweep,core,,,
campaign_taxation,Taxation,CONSUMES,money_gp,Money,removes excess wealth,,neutral,derived,DMG,90,"DUTIES, EXCISES, FEES, TARIFFS, TAXES, TITHES, AND TOLLS",explicit_rule,prose-sweep,core,,,
campaign_settlement,Locale and Social Structure,MODIFIES,campaign_taxation,Taxation,form and frequency vary,,neutral,unset,DMG,90,"DUTIES, EXCISES, FEES, TARIFFS, TAXES, TITHES, AND TOLLS",explicit_rule,prose-sweep,core,,,
campaign_taxation,Duties and Tariffs,CONSUMES,sys_treasure,Goods,levied on goods brought in,,neutral,derived,DMG,90,"DUTIES, EXCISES, FEES, TARIFFS, TAXES, TITHES, AND TOLLS",explicit_rule,prose-sweep,core,,,
campaign_taxation,Excise,GATES,sys_classes,Profession,fee to practice a calling,,enables,derived,DMG,90,"DUTIES, EXCISES, FEES, TARIFFS, TAXES, TITHES, AND TOLLS",explicit_rule,prose-sweep,core,,,
rule_treasure_placement,Placement of Monetary Treasure,FEEDS_INTO,sys_treasure,Treasure,what a monster holds,,neutral,derived,DMG,91,PLACEMENT OF MONETARY TREASURE,explicit_rule,prose-sweep,core,,,
rule_treasure_placement,Placement of Monetary Treasure,FEEDS_INTO,xp_treasure,Experience for Treasure,drives advancement pacing,,neutral,derived,DMG,91,PLACEMENT OF MONETARY TREASURE,explicit_rule,prose-sweep,core,,,
monster_hd,Monster,FEEDS_INTO,rule_treasure_placement,Placement of Monetary Treasure,assigned with reason,,neutral,derived,DMG,91,PLACEMENT OF MONETARY TREASURE,explicit_rule,prose-sweep,core,,,
sys_equipment,Equipment,DERIVED_FROM,sys_treasure,Treasure,armor oil weapons and provisions count,,neutral,derived,DMG,91,PLACEMENT OF MONETARY TREASURE,explicit_rule,prose-sweep,core,,,
rule_magic_item_placement,Placement of Magic Items,FEEDS_INTO,item_magic_item,Magic Items,what is available in the milieu,,neutral,derived,DMG,92,PLACEMENT OF MAGIC ITEMS,explicit_rule,prose-sweep,core,,,
rule_magic_item_placement,Placement of Magic Items,FEEDS_INTO,xp_magic_items,Experience for Magic Items,advancement pacing,,neutral,derived,DMG,92,PLACEMENT OF MAGIC ITEMS,explicit_rule,prose-sweep,core,,,
exp_level,Experience Level,GATES,campaign_territory,Territory Development,upper levels only,,enables,derived,DMG,93,TERRITORY DEVELOPMENT BY PLAYER CHARACTERS,explicit_rule,prose-sweep,core,,,
rule_stronghold,Stronghold,GATES,campaign_territory,Territory Development,must be established first,,enables,derived,DMG,93,TERRITORY DEVELOPMENT BY PLAYER CHARACTERS,explicit_rule,prose-sweep,core,,,
campaign_territory,Territory Development,CONSUMES,money_gp,Money,construction and holding costs,,neutral,derived,DMG,93,TERRITORY DEVELOPMENT BY PLAYER CHARACTERS,explicit_rule,prose-sweep,core,,,
campaign_territory,Territory Development,FEEDS_INTO,campaign_taxation,Taxation,ruler collects revenue,,neutral,derived,DMG,93,TERRITORY DEVELOPMENT BY PLAYER CHARACTERS,explicit_rule,prose-sweep,core,,,
campaign_territory,Territory Development,TRIGGERS,gen_random_encounter,Inhabitants,who already holds the land,,neutral,unset,DMG,93,TERRITORY DEVELOPMENT BY PLAYER CHARACTERS,explicit_rule,prose-sweep,core,,,
campaign_peasants,Peasants Serfs and Slaves,FEEDS_INTO,campaign_territory,Territory,population of the holding,,neutral,derived,DMG,94,"PEASANTS, SERFS, AND SLAVES",explicit_rule,prose-sweep,core,,,
campaign_peasants,Peasants Serfs and Slaves,FEEDS_INTO,money_gp,Money,revenue per inhabitant,,neutral,derived,DMG,94,"PEASANTS, SERFS, AND SLAVES",explicit_rule,prose-sweep,core,,,
rule_npc_characteristics,NPC Characteristics,MODIFIES,cbt_encounter_reactions,Encounter Reaction,sanity disposition nature and bravery,,neutral,unset,DMG,102,NON-PLAYER CHARACTER ENCOUNTER/OFFER REACTION,explicit_rule,prose-sweep,core,,,
rule_insanity,Insanity,MODIFIES,cbt_encounter_reactions,Encounter Reaction,neurotic insane or maniacal shift,,neutral,unset,DMG,102,NON-PLAYER CHARACTER ENCOUNTER/OFFER REACTION,explicit_rule,prose-sweep,core,,,
rule_bravery,Bravery,MODIFIES,cbt_encounter_reactions,Encounter Reaction,large reaction swing,,neutral,unset,DMG,102,NON-PLAYER CHARACTER ENCOUNTER/OFFER REACTION,explicit_rule,prose-sweep,core,,,
rule_materialism,Materialism,MODIFIES,cbt_encounter_reactions,Encounter Reaction,large reaction swing,,neutral,unset,DMG,102,NON-PLAYER CHARACTER ENCOUNTER/OFFER REACTION,explicit_rule,prose-sweep,core,,,
race_any,Race,FEEDS_INTO,tbl_height_weight,Height and Weight Tables,averages by race and sex,,neutral,derived,DMG,102,NON-PLAYER CHARACTER ENCOUNTER/OFFER REACTION,explicit_rule,prose-sweep,core,,,
race_any,Race,FEEDS_INTO,rule_languages,Language Determination,tongues known by race,,neutral,derived,DMG,102,NON-PLAYER CHARACTER ENCOUNTER/OFFER REACTION,explicit_rule,prose-sweep,core,,,
race_any,Race,CONSTRAINS,hench_nonhuman_troops,Non-Human Troops,demi-humans will not serve human masters,,neutral,unset,DMG,105,USE OF NON-HUMAN TROOPS,explicit_rule,prose-sweep,core,,,
hench_henchmen,Henchman of Same Race,OVERRIDES,hench_nonhuman_troops,Non-Human Troops,small numbers may serve,,neutral,derived,DMG,105,USE OF NON-HUMAN TROOPS,explicit_rule,prose-sweep,core,explicit_replacement,,
tbl_racial_preferences,Racial Preferences,CONSTRAINS,hench_nonhuman_troops,Non-Human Troops,compatibility between troop types,,governs,heuristic,DMG,105,USE OF NON-HUMAN TROOPS,explicit_rule,prose-sweep,core,,,
hench_nonhuman_troops,Non-Human Troops,TRIGGERS,cbt_morale,Morale,flee when allies retreat,,neutral,unset,DMG,105,USE OF NON-HUMAN TROOPS,explicit_rule,prose-sweep,core,,,
hench_nonhuman_troops,Non-Human Troops,TRIGGERS,rule_looting,Looting,abandon battle to loot,,neutral,unset,DMG,105,USE OF NON-HUMAN TROOPS,explicit_rule,prose-sweep,core,,,
hench_nonhuman_troops,Non-Human Troops,TRIGGERS,cbt_melee,Infighting,fight among themselves and with allies,,neutral,unset,DMG,105,USE OF NON-HUMAN TROOPS,explicit_rule,prose-sweep,core,,,
rule_communication,Communication,CONSTRAINS,hench_nonhuman_troops,Non-Human Troops,language barrier,,neutral,unset,DMG,105,USE OF NON-HUMAN TROOPS,explicit_rule,prose-sweep,core,,,
rule_fear,Fear or Religious Awe,GATES,hench_nonhuman_troops,Lizard Men,only motive for service,,enables,derived,DMG,105,USE OF NON-HUMAN TROOPS,explicit_rule,prose-sweep,core,,,
tbl_humanoid_preferences,Humanoid Racial Preferences Table,FEEDS_INTO,hench_nonhuman_troops,Non-Human Troops,which types can serve together,,neutral,derived,DMG,106,HUMANOID RACIAL PREFERENCES TABLE,explicit_rule,prose-sweep,core,,,
campaign_construction,Constructions,CONSUMES,money_gp,Money,cost per structure element,,neutral,derived,DMG,107,CONSTRUCTIONS,explicit_rule,prose-sweep,core,,,
campaign_construction,Constructions,CONSUMES,rule_time,Time,construction period,,neutral,derived,DMG,107,CONSTRUCTIONS,explicit_rule,prose-sweep,core,,,
campaign_construction,Constructions,FEEDS_INTO,rule_stronghold,Stronghold,components of a holding,,neutral,derived,DMG,107,CONSTRUCTIONS,explicit_rule,prose-sweep,core,,,
campaign_construction,Constructions,FEEDS_INTO,tbl_construction_defense,Construction Defensive Values,structural resistance,,neutral,derived,DMG,110,CONSTRUCTION DEFENSIVE VALUES,explicit_rule,prose-sweep,core,,,
rule_siege_engine,Siege Engines,MODIFIES,tbl_construction_defense,Construction Defensive Values,damage to structures,,neutral,unset,DMG,108,SIEGE ENGINES AND DEVICES OF WAR,explicit_rule,prose-sweep,core,,,
rule_siege_engine,Siege Engines,DERIVED_FROM,cbt_missile,Missile Discharge,ranged attack form,,neutral,derived,DMG,108,SIEGE ENGINES AND DEVICES OF WAR,explicit_rule,prose-sweep,core,,,
hench_engineer,Engineer-Artillerist,GATES,rule_siege_engine,Siege Engines,required to operate,,enables,derived,DMG,108,SIEGE ENGINES AND DEVICES OF WAR,inferred_rule,prose-sweep,core,,,
abil_intelligence,Intelligence,GATES,rule_spell_research,Spell Research,must be able to know the spell level,,enables,derived,DMG,115,SPELL RESEARCH,explicit_rule,prose-sweep,core,,,
exp_level,Experience Level,GATES,rule_spell_research,Spell Research,spell level must be castable,,enables,derived,DMG,115,SPELL RESEARCH,explicit_rule,prose-sweep,core,,,
rule_spell_research,Spell Research,CONSUMES,money_gp,Money,research expense,,neutral,derived,DMG,115,SPELL RESEARCH,explicit_rule,prose-sweep,core,,,
rule_spell_research,Spell Research,CONSUMES,rule_time,Time,extended research period,,neutral,derived,DMG,115,SPELL RESEARCH,explicit_rule,prose-sweep,core,,,
rule_spell_research,Spell Research,FEEDS_INTO,rule_spell_book,Spell Book,new spell recorded,,neutral,derived,DMG,115,SPELL RESEARCH,explicit_rule,prose-sweep,core,,,
rule_spell_level,Spell Level,MODIFIES,rule_spell_research,Spell Research,higher levels cost more,,neutral,unset,DMG,115,SPELL RESEARCH,explicit_rule,prose-sweep,core,,,
exp_level,Experience Level,GATES,item_enchant,Fabrication of Magic Items,high level magic-users only,,enables,derived,DMG,116,FABRICATION OF MAGIC ITEMS,explicit_rule,prose-sweep,core,,,
hench_sage,Sage,GATES,item_enchant,Fabrication of Magic Items,knowledge must be sought,,enables,derived,DMG,116,FABRICATION OF MAGIC ITEMS,explicit_rule,prose-sweep,core,,,
item_enchant,Fabrication of Magic Items,EXCLUDED_FROM,item_artifact,Artifacts and Relics,cannot be made by players,,negates,derived,DMG,116,FABRICATION OF MAGIC ITEMS,explicit_rule,prose-sweep,optional,,,
item_enchant,Fabrication of Magic Items,EXCLUDED_FROM,item_book,Books Librams and Tomes,of ancient manufacture,,negates,derived,DMG,116,FABRICATION OF MAGIC ITEMS,explicit_rule,prose-sweep,core,,,
race_any,Race,GATES,item_enchant,Racial Magic Items,dwarven and elven items only by their makers,,enables,derived,DMG,116,FABRICATION OF MAGIC ITEMS,explicit_rule,prose-sweep,core,,,
exp_level,Experience Level,GATES,item_enchant,Racial Magic Items,maximum level advancement required,dwarves and elves,enables,derived,DMG,116,FABRICATION OF MAGIC ITEMS,explicit_rule,prose-sweep,core,,,
class_cleric,Cleric,GATES,item_enchant,Clerical Magic Items,restricted to clerics,,enables,derived,DMG,116,FABRICATION OF MAGIC ITEMS,explicit_rule,prose-sweep,core,,,
rule_dm_discretion,DM Discretion,GATES,item_nonstandard,Non-Standard Magic Items,invented by the referee,,enables,derived,DMG,118,NON-STANDARD MAGIC ITEMS,explicit_rule,prose-sweep,core,,,
item_nonstandard,Non-Standard Magic Items,CONSTRAINS,rule_game_balance,Game Balance,must not unbalance play,,neutral,unset,DMG,118,NON-STANDARD MAGIC ITEMS,explicit_rule,prose-sweep,core,,,
item_artifact,Artifacts and Relics,DERIVED_FROM,item_magic_item,Magic Items,unique item category,,neutral,derived,DMG,155,ARTIFACTS AND RELICS,explicit_rule,prose-sweep,optional,,,
item_artifact,Artifacts and Relics,GATES,tbl_minor_benign,Minor Benign Powers,power table,,enables,derived,DMG,155,ARTIFACTS AND RELICS POWERS/EFFECTS TABLES,explicit_rule,prose-sweep,optional,,,
item_artifact,Artifacts and Relics,GATES,tbl_major_benign,Major Benign Powers,power table,,enables,derived,DMG,155,ARTIFACTS AND RELICS POWERS/EFFECTS TABLES,explicit_rule,prose-sweep,optional,,,
item_artifact,Artifacts and Relics,GATES,tbl_minor_malevolent,Minor Malevolent Effects,drawback table,,enables,derived,DMG,155,ARTIFACTS AND RELICS POWERS/EFFECTS TABLES,explicit_rule,prose-sweep,optional,,,
item_artifact,Artifacts and Relics,GATES,tbl_major_malevolent,Major Malevolent Effects,drawback table,,enables,derived,DMG,155,ARTIFACTS AND RELICS POWERS/EFFECTS TABLES,explicit_rule,prose-sweep,optional,,,
item_artifact,Artifacts and Relics,GATES,tbl_prime_powers,Prime Powers,greatest power table,,enables,derived,DMG,155,ARTIFACTS AND RELICS POWERS/EFFECTS TABLES,explicit_rule,prose-sweep,optional,,,
item_artifact,Artifacts and Relics,GATES,tbl_side_effects,Side Effects,incidental effects table,,enables,derived,DMG,155,ARTIFACTS AND RELICS POWERS/EFFECTS TABLES,explicit_rule,prose-sweep,optional,,,
tbl_minor_benign,Minor Benign Powers,MODIFIES,sys_ability_scores,Ability Scores,adds to major attribute,,governs,heuristic,DMG,155,TABLE I: MINOR BENIGN POWERS,explicit_rule,prose-sweep,core,,,
tbl_minor_benign,Minor Benign Powers,GATES,rule_spell_casting,Spell-Like Powers,spells usable per day,,enables,derived,DMG,155,TABLE I: MINOR BENIGN POWERS,explicit_rule,prose-sweep,core,,,
tbl_minor_benign,Minor Benign Powers,GATES,race_infravision,Infravision,granted while held,,enables,derived,DMG,155,TABLE I: MINOR BENIGN POWERS,explicit_rule,prose-sweep,core,,,
tbl_minor_benign,Minor Benign Powers,GATES,thief_find_remove_traps,Find Traps,granted power,,enables,derived,DMG,155,TABLE I: MINOR BENIGN POWERS,explicit_rule,prose-sweep,core,,,
tbl_minor_benign,Minor Benign Powers,FEEDS_INTO,sys_alignment,Know Alignment,reveals alignment,,neutral,derived,DMG,155,TABLE I: MINOR BENIGN POWERS,explicit_rule,prose-sweep,core,,,
tbl_minor_malevolent,Minor Malevolent Effects,MODIFIES,abil_charisma,Charisma,temporary loss when power used,,governs,heuristic,DMG,161,TABLE III: MINOR MALEVOLENT EFFECTS,explicit_rule,prose-sweep,core,,,
tbl_minor_malevolent,Minor Malevolent Effects,MODIFIES,save_spell,Saving Throw vs Magic,penalty,,governs,heuristic,DMG,161,TABLE III: MINOR MALEVOLENT EFFECTS,explicit_rule,prose-sweep,core,,,
tbl_minor_malevolent,Minor Malevolent Effects,MODIFIES,save_poison,Saving Throw vs Poison,penalty,,governs,heuristic,DMG,161,TABLE III: MINOR MALEVOLENT EFFECTS,explicit_rule,prose-sweep,core,,,
tbl_minor_malevolent,Minor Malevolent Effects,MODIFIES,cbt_encounter_reactions,Encounter Reactions,hostility in mammals nearby,,governs,heuristic,DMG,161,TABLE III: MINOR MALEVOLENT EFFECTS,explicit_rule,prose-sweep,core,,,
tbl_minor_malevolent,Minor Malevolent Effects,MODIFIES,tbl_gem_value,Gem Value,gems never increase in value,,governs,heuristic,DMG,161,TABLE III: MINOR MALEVOLENT EFFECTS,explicit_rule,prose-sweep,core,,,
tbl_minor_malevolent,Minor Malevolent Effects,OVERRIDES,rule_holy_water,Holy Water,polluted within range,,neutral,derived,DMG,161,TABLE III: MINOR MALEVOLENT EFFECTS,explicit_rule,prose-sweep,core,explicit_replacement,,
tbl_minor_malevolent,Minor Malevolent Effects,OVERRIDES,rule_light_source,Light Sources,small fires extinguished,when major power used,neutral,derived,DMG,161,TABLE III: MINOR MALEVOLENT EFFECTS,explicit_rule,prose-sweep,core,explicit_replacement,,
tbl_minor_malevolent,Minor Malevolent Effects,CONSUMES,rule_provisions,Food and Drink,possessor must eat far more,,neutral,derived,DMG,161,TABLE III: MINOR MALEVOLENT EFFECTS,explicit_rule,prose-sweep,core,,,
tbl_minor_malevolent,Minor Malevolent Effects,MODIFIES,comeliness,Comeliness,disfiguring effects,,governs,heuristic,DMG,161,TABLE III: MINOR MALEVOLENT EFFECTS,inferred_rule,prose-sweep,core,,,
tbl_prime_powers,Prime Powers,MODIFIES,sys_ability_scores,Ability Scores,permanent raise on command,,governs,heuristic,DMG,162,TABLE V: PRIME POWERS,explicit_rule,prose-sweep,core,,,
tbl_prime_powers,Prime Powers,GATES,magic_resistance,Magic Resistance,granted on command,,enables,derived,DMG,162,TABLE V: PRIME POWERS,explicit_rule,prose-sweep,core,,,
tbl_prime_powers,Prime Powers,TRIGGERS,rule_instant_death,Death Ray,no saving throw,,governs,heuristic,DMG,162,TABLE V: PRIME POWERS,explicit_rule,prose-sweep,core,,,
tbl_prime_powers,Prime Powers,GATES,rule_planar_travel,Plane Shift,planar movement,,enables,derived,DMG,162,TABLE V: PRIME POWERS,explicit_rule,prose-sweep,core,,,
tbl_prime_powers,Prime Powers,TRIGGERS,monster_demon_devil,Demon Lord or Arch-Devil,summoning power,,governs,heuristic,DMG,162,TABLE V: PRIME POWERS,explicit_rule,prose-sweep,core,,,
item_command_word,Command Word,GATES,tbl_prime_powers,Prime Powers,pronouncement required,,enables,derived,DMG,162,TABLE V: PRIME POWERS,explicit_rule,prose-sweep,core,,,
gen_random_encounter,Random Monster Encounters,TRIGGERS,monster_hd,Monster,instantiates a creature,,neutral,unset,DMG,174,RANDOM MONSTER ENCOUNTERS,explicit_rule,prose-sweep,core,,,
xp_monster,Experience Point Value,FEEDS_INTO,gen_random_encounter,Random Monster Encounters,new monsters placed by XP equivalence,,neutral,derived,DMG,174,RANDOM MONSTER ENCOUNTERS,explicit_rule,prose-sweep,core,,,
monster_frequency,Monster Frequency,FEEDS_INTO,gen_random_encounter,Random Monster Encounters,common or rare placement,,neutral,derived,DMG,174,RANDOM MONSTER ENCOUNTERS,explicit_rule,prose-sweep,core,,,
gen_monster_level_matrix,Monster Level Determination Matrix,FEEDS_INTO,gen_random_encounter,Random Monster Encounters,which level of monster appears,,neutral,derived,DMG,175,MONSTER LEVEL DETERMINATION MATRIX,explicit_rule,prose-sweep,core,,,
gen_dungeon_level,Dungeon Level,FEEDS_INTO,gen_monster_level_matrix,Monster Level Determination Matrix,depth selects monster level,,neutral,derived,DMG,175,MONSTER LEVEL DETERMINATION MATRIX,explicit_rule,prose-sweep,core,,,
gen_dungeon_level,Dungeon Level,MODIFIES,gen_random_encounter,Number Appearing,lesser monsters augmented at depth,,neutral,unset,DMG,175,MONSTER LEVEL DETERMINATION MATRIX,explicit_rule,prose-sweep,core,,,
gen_dungeon_level,Dungeon Level,MODIFIES,exp_level,Experience Level,encountered characters are higher level,rather than more numerous,neutral,unset,DMG,175,MONSTER LEVEL DETERMINATION MATRIX,explicit_rule,prose-sweep,core,,,
gen_dungeon_level,Dungeon Level,TRIGGERS,monster_special,Attendant Monsters,high level monsters gain retinue,,neutral,unset,DMG,175,MONSTER LEVEL DETERMINATION MATRIX,explicit_rule,prose-sweep,core,,,
gen_random_encounter,Random Encounters,TRIGGERS,cbt_encounter_distance,Encounter Distance,distance determined on contact,,neutral,unset,DMG,174,RANDOM MONSTER ENCOUNTERS,explicit_rule,prose-sweep,core,,,
gen_random_encounter,Underwater Encounters,DERIVED_FROM,rule_underwater,Underwater Adventures,setting-specific table,,neutral,derived,DMG,180,UNDERWATER ENCOUNTERS,explicit_rule,prose-sweep,core,,,
gen_random_encounter,Psionic Encounters,DERIVED_FROM,sys_psionics,Psionics,setting-specific table,,neutral,derived,DMG,182,PSIONIC ENCOUNTERS,explicit_rule,prose-sweep,optional,,,
gen_random_encounter,Waterborne Encounters,DERIVED_FROM,rule_waterborne_travel,Waterborne Adventures,setting-specific table,,neutral,derived,DMG,190,WATERBORNE ENCOUNTERS,explicit_rule,prose-sweep,core,,,
exp_level,Experience Level,FEEDS_INTO,tbl_npc_magic_items,Chance Per Level For Magic Item,NPCs carry items by level,,neutral,derived,DMG,194,CHANCE PER LEVEL FOR MAGIC ITEM,explicit_rule,prose-sweep,core,,,
sys_classes,Character Class,FEEDS_INTO,tbl_npc_magic_items,Chance Per Level For Magic Item,item type by profession,,neutral,derived,DMG,194,CHANCE PER LEVEL FOR MAGIC ITEM,explicit_rule,prose-sweep,core,,,
tbl_npc_magic_items,Chance Per Level For Magic Item,FEEDS_INTO,item_magic_item,Magic Items,what encountered NPCs possess,,neutral,derived,DMG,194,CHANCE PER LEVEL FOR MAGIC ITEM,explicit_rule,prose-sweep,core,,,
tbl_npc_magic_items,Chance Per Level For Magic Item,FEEDS_INTO,sys_treasure,Treasure,recoverable from defeated NPCs,,neutral,derived,DMG,194,CHANCE PER LEVEL FOR MAGIC ITEM,inferred_rule,prose-sweep,core,,,
gen_dungeon_dressing,Dungeon Dressing,FEEDS_INTO,gen_random_dungeon,Random Dungeon Generation,furnishing and detail,,neutral,derived,DMG,216,ALTAR MACHINE,explicit_rule,prose-sweep,core,,,
gen_random_dungeon,Random Dungeon Generation,FEEDS_INTO,gen_random_encounter,Random Encounters,populates generated spaces,,neutral,derived,DMG,220,"CHAMBER, ROOM, AND OTHER SPACE LIST",explicit_rule,prose-sweep,core,,,
rule_languages,Random Language Determination,FEEDS_INTO,rule_communication,Communication,which tongues are spoken,,neutral,derived,DMG,238,RANDOM LANGUAGE DETERMINATION TABLE,explicit_rule,prose-sweep,core,,,
hench_sage,Sage,GATES,tbl_sage_fields,Sage Fields of Study,eight general fields,,enables,derived,DMG,32,SAGE FIELDS OF STUDY,explicit_rule,prose-sweep,core,,,
tbl_sage_fields,Sage Fields of Study,GATES,tbl_sage_special_categories,Special Knowledge Categories,subcategories per field,,enables,derived,DMG,32,SAGE FIELDS OF STUDY,explicit_rule,prose-sweep,core,,,
rule_field_tier,Field Tier,FEEDS_INTO,rule_sage_chance_to_know,Chance of Knowing Answer,out of fields minor major or special,,neutral,derived,DMG,32,CHANCE OF KNOWING ANSWER TO A QUESTION,explicit_rule,prose-sweep,core,,,
rule_question_difficulty,Question Difficulty,FEEDS_INTO,rule_sage_chance_to_know,Chance of Knowing Answer,general specific or exacting,,neutral,derived,DMG,32,CHANCE OF KNOWING ANSWER TO A QUESTION,explicit_rule,prose-sweep,core,,,
rule_sage_chance_to_know,Chance of Knowing Answer,RESOLVED_BY,rule_dice_probability,Two-Stage Roll,base range then knowledge check,,governs,derived,DMG,32,CHANCE OF KNOWING ANSWER TO A QUESTION,explicit_rule,prose-sweep,core,,,
rule_player_knowledge,Player Character Knowledge,GATES,rule_question_difficulty,Question Scope,question must lie within character knowledge,,enables,derived,DMG,32,CHANCE OF KNOWING ANSWER TO A QUESTION,explicit_rule,prose-sweep,core,,,
campaign_setting,Milieu Learning,CONSTRAINS,rule_question_difficulty,Question Scope,unknown concepts cannot be asked about,,neutral,unset,DMG,32,CHANCE OF KNOWING ANSWER TO A QUESTION,explicit_rule,prose-sweep,core,,,
hench_sage,Sage,CONSUMES,campaign_construction,Quarters and Library,minimum four rooms required,,neutral,derived,DMG,32,CHANCE OF KNOWING ANSWER TO A QUESTION,explicit_rule,prose-sweep,core,,,
rule_sage_workload,Sage Workload,MODIFIES,campaign_construction,Quarters and Library,more space needed when busy,,neutral,unset,DMG,32,CHANCE OF KNOWING ANSWER TO A QUESTION,explicit_rule,prose-sweep,core,,,
tbl_sage_special_categories,Special Knowledge Categories,GATES,rule_languages,Languages,a studiable category,,enables,derived,DMG,32,SAGE FIELDS OF STUDY,explicit_rule,prose-sweep,core,,,
tbl_sage_special_categories,Special Knowledge Categories,GATES,rule_planar_travel,Planes,astral elemental ethereal and outer,,enables,derived,DMG,32,SAGE FIELDS OF STUDY,explicit_rule,prose-sweep,core,,,
tbl_sage_special_categories,Special Knowledge Categories,GATES,rule_dweomercraeft,Dweomercraeft,magic as a field of study,,enables,derived,DMG,32,SAGE FIELDS OF STUDY,explicit_rule,prose-sweep,core,,,
tbl_sage_special_categories,Special Knowledge Categories,GATES,rule_medicine,Medicine,a studiable category,,enables,derived,DMG,32,SAGE FIELDS OF STUDY,explicit_rule,prose-sweep,core,,,
tbl_sage_special_categories,Special Knowledge Categories,GATES,rule_herbs,Herbs,a studiable category under flora,,enables,derived,DMG,32,SAGE FIELDS OF STUDY,explicit_rule,prose-sweep,core,,,
hench_serjeant,Serjeant,DERIVED_FROM,hench_mercenary,Mercenary Soldier,non-commissioned officer,,neutral,derived,DMG,31,EXPERT HIRELINGS,explicit_rule,prose-sweep,core,,,
hench_serjeant,Serjeant,CONSTRAINS,class_followers,Troops,one required per ten soldiers,,neutral,unset,DMG,31,EXPERT HIRELINGS,explicit_rule,prose-sweep,core,,,
hench_serjeant,Serjeant,CONSUMES,money_gp,Money,ten times the rate of troops commanded,,neutral,derived,DMG,31,EXPERT HIRELINGS,explicit_rule,prose-sweep,core,,,
exp_level,Experience Level,CONSTRAINS,hench_serjeant,Serjeant,first level and cannot advance,,neutral,unset,DMG,31,EXPERT HIRELINGS,explicit_rule,prose-sweep,core,,,
hench_nonhuman_troops,Non-Human Soldiers,CONSUMES,money_gp,Money,cost varies sharply by race,,neutral,derived,DMG,31,EXPERT HIRELINGS,explicit_rule,prose-sweep,core,,,
sys_alignment,Alignment,GATES,hench_nonhuman_troops,Non-Human Soldiers,must champion their cause or share alignment,,enables,derived,DMG,31,EXPERT HIRELINGS,explicit_rule,prose-sweep,core,,,
campaign_territory,Where They Dwell,GATES,hench_nonhuman_troops,Non-Human Soldiers,enlisted only in their homeland,,enables,derived,DMG,31,EXPERT HIRELINGS,explicit_rule,prose-sweep,core,,,
hench_slinger,Slinger,CONSTRAINS,sys_armor,Armor,light armor types only,,neutral,unset,DMG,31,EXPERT HIRELINGS,explicit_rule,prose-sweep,core,,,
hench_slinger,Slinger,CONSTRAINS,sys_equipment,Weapons,lesser hand weapons only,,neutral,unset,DMG,31,EXPERT HIRELINGS,explicit_rule,prose-sweep,core,,,
rule_sage_short_term,Short-Term Sage Employment,ALTERNATIVE_TO,rule_sage_long_term,Long-Term Sage Employment,two employment modes,,neutral,derived,DMG,33,HIRELINGS (EXPERT HIRELINGS),explicit_rule,page-sweep,core,,,
rule_sage_short_term,Short-Term Sage Employment,GATES,hench_sage,Sage,any class may hire,,enables,derived,DMG,33,HIRELINGS (EXPERT HIRELINGS),explicit_rule,page-sweep,core,,,
rule_sage_short_term,Short-Term Sage Employment,CONSTRAINS,rule_time,Time,cannot exceed one week,,neutral,unset,DMG,33,HIRELINGS (EXPERT HIRELINGS),explicit_rule,page-sweep,core,,,
rule_sage_short_term,Short-Term Sage Employment,TRIGGERS,rule_sage_cooldown,Sage Unavailability,unavailable for a month after,,neutral,unset,DMG,33,HIRELINGS (EXPERT HIRELINGS),explicit_rule,page-sweep,core,,,
rule_sage_short_term,Short-Term Sage Employment,CONSUMES,money_gp,Money,daily fee plus research cost,,neutral,derived,DMG,33,HIRELINGS (EXPERT HIRELINGS),explicit_rule,page-sweep,core,,,
cbt_encounter_reactions,Initial Reaction,GATES,rule_sage_long_term,Long-Term Sage Employment,favorable reaction required,,enables,derived,DMG,33,HIRELINGS (EXPERT HIRELINGS),explicit_rule,page-sweep,core,,,
rule_sage_long_term,Long-Term Sage Employment,CONSUMES,money_gp,Money,monthly salary and research grant,,neutral,derived,DMG,33,HIRELINGS (EXPERT HIRELINGS),explicit_rule,page-sweep,core,,,
money_gp,Material Expenditure,MODIFIES,rule_sage_efficiency,Sage Efficiency,efficiency scales with investment,,neutral,unset,DMG,33,HIRELINGS (EXPERT HIRELINGS),explicit_rule,page-sweep,core,,,
rule_sage_efficiency,Sage Efficiency,CONSTRAINS,rule_sage_chance_to_know,Chance of Knowing Answer,specific and exacting questions curtailed,underfunded sage,neutral,unset,DMG,33,HIRELINGS (EXPERT HIRELINGS),explicit_rule,page-sweep,core,,,
money_gp,Material Expenditure,MODIFIES,tbl_sage_fields,Fields of Study,knowledge outside fields can be bought up,,neutral,unset,DMG,33,HIRELINGS (EXPERT HIRELINGS),explicit_rule,page-sweep,core,,,
rule_time,Study Time,GATES,tbl_sage_fields,Fields of Study,uninterrupted months required,,enables,derived,DMG,33,HIRELINGS (EXPERT HIRELINGS),explicit_rule,page-sweep,core,,,
tbl_sage_fields,Fields of Study,CONSTRAINS,tbl_sage_fields,Fields of Study,three minor fields maximum,,governs,heuristic,DMG,33,HIRELINGS (EXPERT HIRELINGS),explicit_rule,page-sweep,core,,,
money_gp,Money,GATES,tbl_sage_fields,Additional Major Field,very large sum and years of time,,enables,derived,DMG,33,HIRELINGS (EXPERT HIRELINGS),explicit_rule,page-sweep,core,,,
rule_sage_study_period,Sage Study Period,EXCLUDES,rule_sage_chance_to_know,Question Answering,no questions during study or all is lost,,negates,derived,DMG,33,HIRELINGS (EXPERT HIRELINGS),explicit_rule,page-sweep,core,,,
tbl_info_discovery,Information Discovery Time and Cost,RESOLVED_BY,rule_question_difficulty,Question Difficulty,general specific or exacting,,governs,derived,DMG,33,HIRELINGS (EXPERT HIRELINGS),explicit_rule,page-sweep,core,,,
tbl_info_discovery,Information Discovery Time and Cost,RESOLVED_BY,rule_field_tier,Field Tier,out of fields minor major or special,,governs,derived,DMG,33,HIRELINGS (EXPERT HIRELINGS),explicit_rule,page-sweep,core,,,
tbl_info_discovery,Information Discovery Time and Cost,CONSUMES,rule_time,Time,rounds hours or days,,neutral,derived,DMG,33,HIRELINGS (EXPERT HIRELINGS),explicit_rule,page-sweep,core,,,
tbl_info_discovery,Information Discovery Time and Cost,CONSUMES,money_gp,Money,daily cost by field tier,,neutral,derived,DMG,33,HIRELINGS (EXPERT HIRELINGS),explicit_rule,page-sweep,core,,,
campaign_settlement,Proximity to Town or City,MODIFIES,tbl_info_discovery,Information Discovery,double time and cost if remote,,neutral,unset,DMG,33,HIRELINGS (EXPERT HIRELINGS),explicit_rule,page-sweep,core,,,
rule_sage_chance_to_know,Chance of Knowing Answer,OVERRIDES,tbl_info_discovery,Information Discovery Cost,no cost when materials already on hand,low roll within spread,neutral,derived,DMG,33,HIRELINGS (EXPERT HIRELINGS),explicit_rule,page-sweep,core,explicit_replacement,,
tbl_sage_special_categories,Special Category,OVERRIDES,tbl_info_discovery,Information Discovery Cost,most of the spread incurs no cost,,neutral,derived,DMG,33,HIRELINGS (EXPERT HIRELINGS),explicit_rule,page-sweep,core,explicit_replacement,,
rule_related_questions,Related Questions,MODIFIES,tbl_info_discovery,Information Discovery Cost,may reuse prior materials,,neutral,unset,DMG,33,HIRELINGS (EXPERT HIRELINGS),explicit_rule,page-sweep,core,,,
rule_unknown_information,Unknown Information,CONSUMES,rule_time,Time,most of maximum time to conclude nothing,,neutral,derived,DMG,33,HIRELINGS (EXPERT HIRELINGS),explicit_rule,page-sweep,core,,,
rule_unknown_information,Unknown Information,MODIFIES,money_gp,Money,half cost accrues,,neutral,unset,DMG,33,HIRELINGS (EXPERT HIRELINGS),explicit_rule,page-sweep,core,,,
item_artifact,Artifacts,EXCLUDED_FROM,rule_sage_chance_to_know,Sage Knowledge,construction can never be learned,,negates,derived,DMG,33,HIRELINGS (EXPERT HIRELINGS),explicit_rule,page-sweep,optional,,,
rule_sage_rest,Sage Rest and Recuperation,CONSUMES,rule_time,Time,one rest day per three researched,,neutral,derived,DMG,33,HIRELINGS (EXPERT HIRELINGS),explicit_rule,page-sweep,core,,,
rule_sage_rest,Sage Rest and Recuperation,CONSTRAINS,rule_sage_chance_to_know,Question Answering,only general questions during rest,,neutral,unset,DMG,33,HIRELINGS (EXPERT HIRELINGS),explicit_rule,page-sweep,core,,,
rule_sage_harassment,Harassing the Sage,TRIGGERS,rule_sage_rest,Sage Rest,demands additional days off,,neutral,unset,DMG,33,HIRELINGS (EXPERT HIRELINGS),explicit_rule,page-sweep,core,,,
rule_sage_harassment,Harassing the Sage,MODIFIES,tbl_info_discovery,Information Discovery,maximum time and expense thereafter,,neutral,unset,DMG,33,HIRELINGS (EXPERT HIRELINGS),explicit_rule,page-sweep,core,,,
race_any,Race,CONSTRAINS,hench_sage,Sage,non-human sages possible,,neutral,unset,DMG,33,HIRELINGS (EXPERT HIRELINGS),explicit_rule,page-sweep,core,,,
tbl_age_categories,Age Category,CONSTRAINS,hench_sage,Sage,venerable non-humans refuse human employers,,governs,heuristic,DMG,33,HIRELINGS (EXPERT HIRELINGS),explicit_rule,page-sweep,core,,,
hench_scribe,Scribe,GATES,rule_information,Copying and Recording,secretary or copyist,,enables,derived,DMG,33,HIRELINGS (EXPERT HIRELINGS),explicit_rule,page-sweep,core,,,
hench_scribe,Scribe,EXCLUDED_FROM,item_scribe_scroll,Magical Writing,can never record magic,,negates,derived,DMG,33,HIRELINGS (EXPERT HIRELINGS),explicit_rule,page-sweep,core,,,
hench_cartographer,Cartographer,DERIVED_FROM,hench_scribe,Scribe,map-making specialist,,neutral,derived,DMG,33,HIRELINGS (EXPERT HIRELINGS),explicit_rule,page-sweep,core,,,
hench_cartographer,Cartographer,GATES,ex_mapping,Mapping,can make or copy maps,,enables,derived,DMG,33,HIRELINGS (EXPERT HIRELINGS),explicit_rule,page-sweep,core,,,
hench_cartographer,Cartographer,CONSUMES,money_gp,Money,ten times a normal scribe,,neutral,derived,DMG,33,HIRELINGS (EXPERT HIRELINGS),explicit_rule,page-sweep,core,,,
hench_scribe,Cipher Scribe,GATES,rule_cryptography,Codes and Ciphers,specialist ability,,enables,derived,DMG,33,HIRELINGS (EXPERT HIRELINGS),explicit_rule,page-sweep,core,,,
hench_scribe,Language Scribe,GATES,rule_languages,Languages,reads and writes beyond common,,enables,derived,DMG,33,HIRELINGS (EXPERT HIRELINGS),explicit_rule,page-sweep,core,,,
hench_ship_crew,Ship Crew,GATES,rule_vessel,Vessel,crew type must match vessel and waters,,enables,derived,DMG,33,HIRELINGS (EXPERT HIRELINGS),explicit_rule,page-sweep,core,,,
hench_ship_crew,Sailors,CONSTRAINS,sys_armor,Armor,never wear armor,,neutral,unset,DMG,33,HIRELINGS (EXPERT HIRELINGS),explicit_rule,page-sweep,core,,,
hench_ship_crew,Sailors,FEEDS_INTO,cbt_melee,Combat,fight as light infantry,,neutral,derived,DMG,33,HIRELINGS (EXPERT HIRELINGS),explicit_rule,page-sweep,core,,,
hench_ship_crew,Mates,DERIVED_FROM,hench_serjeant,Serjeant,sailor serjeants,,neutral,derived,DMG,33,HIRELINGS (EXPERT HIRELINGS),explicit_rule,page-sweep,core,,,
hench_ship_master,Ship Master,GATES,rule_vessel,Vessel,type by water body,,enables,derived,DMG,33,HIRELINGS (EXPERT HIRELINGS),explicit_rule,page-sweep,core,,,
campaign_setting,Surroundings,MODIFIES,hench_ship_master,Ship Master,likelihood of each type,,neutral,unset,DMG,33,HIRELINGS (EXPERT HIRELINGS),explicit_rule,page-sweep,core,,,
rule_dm_discretion,DM Discretion,EXCLUDED_FROM,sys_combat,Major Systems,no optionals for major systems,,negates,derived,DMG,9,INTRODUCTION,explicit_rule,page-sweep,optional,,,
rule_dm_discretion,DM Discretion,OVERRIDES,gen_wandering_monsters,Wandering Monsters,may be omitted to preserve play,,neutral,derived,DMG,9,INTRODUCTION,explicit_rule,page-sweep,core,explicit_replacement,,
rule_dm_discretion,DM Discretion,OVERRIDES,rule_game_balance,The Rules,final arbiter may distort or disregard,,neutral,derived,DMG,9,INTRODUCTION,explicit_rule,page-sweep,core,explicit_replacement,,
gen_wandering_monsters,Wandering Monsters,CONSUMES,rule_spell_memorization,Spells,expended before reaching the objective,,neutral,derived,DMG,9,INTRODUCTION,explicit_rule,page-sweep,core,,,
gen_wandering_monsters,Wandering Monsters,CONSUMES,rule_hit_points,Hit Points,attrition en route,,neutral,derived,DMG,9,INTRODUCTION,explicit_rule,page-sweep,core,,,
rule_dice_probability,Dice Probability,ALTERNATIVE_TO,rule_dice_probability,Linear versus Bell Curve,two curve types,,neutral,derived,DMG,9,THE GAME (DICE),explicit_rule,page-sweep,core,,,
rule_dice_probability,Dice Probability,FEEDS_INTO,rule_random_determination,Random Determination,underlies every table,,neutral,derived,DMG,10,THE GAME (DICE),explicit_rule,page-sweep,core,,,
rule_dice_convention,Dice Conventions,GATES,rule_random_determination,Random Determination,notation and reading of dice,,enables,derived,DMG,10,THE GAME (DICE),explicit_rule,page-sweep,core,,,
rule_dice_convention,Averaging Dice,MODIFIES,rule_dice_probability,Dice Probability,compresses the curve toward the mean,,governs,heuristic,DMG,10,THE GAME (DICE),explicit_rule,page-sweep,core,,,
rule_dice_convention,Suit Die,MODIFIES,cbt_encounter_reactions,Encounter Reactions,adds a like-dislike axis,DM optional method,governs,heuristic,DMG,10,THE GAME (DICE),explicit_rule,page-sweep,optional,,,
money_gp,Tribute or Gift,MODIFIES,cbt_encounter_reactions,Encounter Reactions,reaction can be improved by reward,,neutral,unset,DMG,10,THE GAME (DICE),explicit_rule,page-sweep,core,,,
rule_negotiation,Discourse,MODIFIES,cbt_encounter_reactions,Encounter Reactions,middling reactions are alterable,,neutral,unset,DMG,10,THE GAME (DICE),explicit_rule,page-sweep,core,,,
cbt_encounter_reactions,Extreme Reaction,CONSTRAINS,rule_negotiation,Negotiation,absolute hate or favor is unchangeable,,neutral,unset,DMG,10,THE GAME (DICE),explicit_rule,page-sweep,core,,,
rule_miniatures,Miniature Figures,FEEDS_INTO,rule_order_of_march,Order of March,shows who leads and who trails,,neutral,derived,DMG,10,USE OF MINIATURE FIGURES WITH THE GAME,explicit_rule,page-sweep,core,,,
rule_order_of_march,Order of March,CONSTRAINS,cbt_melee,Melee Combat,who can reach the enemy,,neutral,unset,DMG,10,USE OF MINIATURE FIGURES WITH THE GAME,explicit_rule,page-sweep,core,,,
rule_ground_scale,Ground Scale,MODIFIES,rule_miniatures,Miniature Figures,ground scale differs from figure scale,,neutral,unset,DMG,10,USE OF MINIATURE FIGURES WITH THE GAME,explicit_rule,page-sweep,core,,,
rule_ground_scale,Ground Scale,CONSTRAINS,cbt_melee,Melee Combat,figures abreast in a corridor,,neutral,unset,DMG,10,USE OF MINIATURE FIGURES WITH THE GAME,explicit_rule,page-sweep,core,,,
rule_ground_scale,Ground Scale,GATES,cbt_melee,Attacking Body Length,two figures per square along length,large creatures,enables,derived,DMG,10,USE OF MINIATURE FIGURES WITH THE GAME,explicit_rule,page-sweep,core,,,
monster_size,Creature Size,FEEDS_INTO,rule_ground_scale,Ground Scale,scale must match the creature,,neutral,derived,DMG,10,USE OF MINIATURE FIGURES WITH THE GAME,explicit_rule,page-sweep,core,,,
tbl_disease_disorder,Disease Table,GATES,rule_disease_occurrence,Occurrence,acute or chronic,,enables,derived,DMG,14,DISEASE (OR DISORDER) TABLE,explicit_rule,page-sweep,core,,,
tbl_disease_disorder,Disease Table,GATES,rule_disease_severity,Severity,mild severe or terminal,,enables,derived,DMG,14,DISEASE (OR DISORDER) TABLE,explicit_rule,page-sweep,core,,,
tbl_disease_disorder,Disease Table,GATES,rule_body_system,Area of Body Affected,sixteen body systems,,enables,derived,DMG,14,DISEASE (OR DISORDER) TABLE,explicit_rule,page-sweep,core,,,
rule_disease_occurrence,Chronic Occurrence,TRIGGERS,rule_disease_severity,Severity,recurs periodically,,neutral,unset,DMG,14,DISEASE (OR DISORDER) TABLE,explicit_rule,page-sweep,core,,,
rule_disease_occurrence,Chronic Occurrence,MODIFIES,rule_disease_severity,Severity,co-occurring maladies worsen both,,neutral,unset,DMG,14,DISEASE (OR DISORDER) TABLE,explicit_rule,page-sweep,core,,,
tbl_parasite,Parasitic Infestation Table,GATES,rule_disease_severity,Severity,mild severe or terminal,,enables,derived,DMG,14,PARASITIC INFESTATION TABLE,explicit_rule,page-sweep,core,,,
tbl_parasite,Parasitic Infestation Table,GATES,rule_body_system,Area Infested,six body systems,,enables,derived,DMG,14,PARASITIC INFESTATION TABLE,explicit_rule,page-sweep,core,,,
rule_disease_severity,Mild Severity,CONSTRAINS,rule_character_actions,Strenuous Activity,character must rest,,neutral,unset,DMG,14,DISEASE (OR DISORDER) TABLE,explicit_rule,page-sweep,core,,,
rule_disease_severity,Mild Severity,CONSUMES,rule_time,Time,weeks of illness,,neutral,derived,DMG,14,DISEASE (OR DISORDER) TABLE,explicit_rule,page-sweep,core,,,
rule_dm_discretion,DM Discretion,MODIFIES,rule_disease_severity,Mild Severity,treatment may shorten illness,,neutral,unset,DMG,14,DISEASE (OR DISORDER) TABLE,explicit_rule,page-sweep,core,,,
rule_disease_severity,Severe Severity,MODIFIES,rule_hit_points,Hit Points,halved,,neutral,unset,DMG,14,DISEASE (OR DISORDER) TABLE,explicit_rule,page-sweep,core,,,
rule_disease_severity,Terminal Severity,TRIGGERS,death_character,Death,fatality within days,,neutral,unset,DMG,14,DISEASE (OR DISORDER) TABLE,explicit_rule,page-sweep,core,,,
rule_disease_severity,Terminal Severity,TRIGGERS,rule_body_part_loss,Loss of Body Part or Function,alternative to death,,neutral,unset,DMG,14,DISEASE (OR DISORDER) TABLE,explicit_rule,page-sweep,core,,,
rule_body_system,Blood Affliction,MODIFIES,abil_strength,Strength,one point per week until cured,,neutral,unset,DMG,14,DISEASE (OR DISORDER) TABLE,explicit_rule,page-sweep,core,,,
rule_body_system,Blood Affliction,MODIFIES,abil_constitution,Constitution,one point per week until cured,,neutral,unset,DMG,14,DISEASE (OR DISORDER) TABLE,explicit_rule,page-sweep,core,,,
rule_body_system,Brain Affliction,MODIFIES,abil_intelligence,Intelligence,one point per occurrence until cured,,neutral,unset,DMG,14,DISEASE (OR DISORDER) TABLE,explicit_rule,page-sweep,core,,,
rule_body_system,Brain Affliction,MODIFIES,abil_dexterity,Dexterity,one point per occurrence until cured,,neutral,unset,DMG,14,DISEASE (OR DISORDER) TABLE,explicit_rule,page-sweep,core,,,
rule_body_system,Brain Affliction,TRIGGERS,death_character,Death,terminal in hours not days,,neutral,unset,DMG,14,DISEASE (OR DISORDER) TABLE,explicit_rule,page-sweep,core,,,
rule_body_system,Connective Tissue Disease,MODIFIES,abil_charisma,Charisma,permanent loss per month,,neutral,unset,DMG,14,DISEASE (OR DISORDER) TABLE,explicit_rule,page-sweep,core,,,
rule_body_system,Connective Tissue Disease,TRIGGERS,death_character,Death,continues until constitution reaches zero,terminal cases,neutral,unset,DMG,14,DISEASE (OR DISORDER) TABLE,explicit_rule,page-sweep,core,,,
rule_body_system,Ear Affliction,TRIGGERS,thief_hear_noise,Hearing,loss of hearing in one ear,terminal,neutral,unset,DMG,14,DISEASE (OR DISORDER) TABLE,explicit_rule,page-sweep,core,,,
rule_body_system,Eye Affliction,TRIGGERS,ex_light_vision,Vision,blindness in one or both eyes,terminal,neutral,unset,DMG,14,DISEASE (OR DISORDER) TABLE,explicit_rule,page-sweep,core,,,
rule_body_system,Generative Organ Disorder,TRIGGERS,tbl_chance_disease,Contagion,spread of infection,,neutral,unset,DMG,14,DISEASE (OR DISORDER) TABLE,explicit_rule,page-sweep,core,,,
rule_body_system,Muscle Disorder,MODIFIES,abil_strength,Strength,chance of permanent loss,severe attacks,neutral,unset,DMG,14,DISEASE (OR DISORDER) TABLE,explicit_rule,page-sweep,core,,,
rule_body_system,Muscle Disorder,MODIFIES,abil_dexterity,Dexterity,chance of permanent loss,severe attacks,neutral,unset,DMG,14,DISEASE (OR DISORDER) TABLE,explicit_rule,page-sweep,core,,,
rule_body_system,Respiratory Disorder,MODIFIES,abil_strength,Strength,chance of loss,chronic and severe,neutral,unset,DMG,14,DISEASE (OR DISORDER) TABLE,explicit_rule,page-sweep,core,,,
rule_body_system,Respiratory Disorder,MODIFIES,abil_constitution,Constitution,chance of loss,chronic and severe,neutral,unset,DMG,14,DISEASE (OR DISORDER) TABLE,explicit_rule,page-sweep,core,,,
rule_body_system,Urinary Disorder,MODIFIES,abil_dexterity,Dexterity,chance of loss per occurrence,chronic and severe,neutral,unset,DMG,14,DISEASE (OR DISORDER) TABLE,explicit_rule,page-sweep,core,,,
tbl_parasite,Severe Parasitic Infestation,MODIFIES,tbl_adjust_occurrence,Occurrence and Severity Rolls,worsens disease rolls,,governs,heuristic,DMG,14,ADJUSTMENTS TO OCCURRENCE AND SEVERITY DIE ROLLS,explicit_rule,page-sweep,core,,,
tbl_height_weight,Height and Weight Tables,CONSTRAINS,rule_player_character,Player Character,insufficient variation for humans,,governs,heuristic,DMG,12,CREATING THE PLAYER CHARACTER,explicit_rule,page-sweep,core,,,
rule_sex,Character Sex,MODIFIES,tbl_height_weight,Height and Weight,different ranges by sex,,neutral,unset,DMG,12,CREATING THE PLAYER CHARACTER,explicit_rule,page-sweep,core,,,
tbl_height_weight,Height and Weight,FEEDS_INTO,enc_encumbrance,Encumbrance,body mass,,neutral,derived,DMG,12,CREATING THE PLAYER CHARACTER,inferred_rule,page-sweep,core,,,
rule_secondary_skills,Secondary Skills,GATES,rule_item_appraisal,Appraisal,judge worth and soundness of items,,enables,derived,DMG,12,PLAYER CHARACTER NON-PROFESSIONAL SKILLS,explicit_rule,page-sweep,optional,,,
rule_secondary_skills,Secondary Skills,GATES,rule_foraging,Finding Food,skill-dependent,,enables,derived,DMG,12,PLAYER CHARACTER NON-PROFESSIONAL SKILLS,explicit_rule,page-sweep,optional,,,
rule_secondary_skills,Secondary Skills,GATES,rule_repair,Small Repairs,skill-dependent,,enables,derived,DMG,12,PLAYER CHARACTER NON-PROFESSIONAL SKILLS,explicit_rule,page-sweep,optional,,,
rule_secondary_skills,Secondary Skills,GATES,rule_crude_construction,Crude Construction,skill-dependent,,enables,derived,DMG,12,PLAYER CHARACTER NON-PROFESSIONAL SKILLS,explicit_rule,page-sweep,optional,,,
rule_secondary_skills,Armorer Skill,FEEDS_INTO,sys_armor,Armor,judge quality and repair links,,neutral,derived,DMG,12,PLAYER CHARACTER NON-PROFESSIONAL SKILLS,explicit_rule,page-sweep,optional,,,
rule_secondary_skills,Armorer Skill,FEEDS_INTO,sys_equipment,Weapons,may fashion certain weapons,,neutral,derived,DMG,12,PLAYER CHARACTER NON-PROFESSIONAL SKILLS,explicit_rule,page-sweep,optional,,,
rule_secondary_skills,Secondary Skills,CROSS_REFERENCES,campaign_social_class,Social Class and Rank,linked subsystem,,neutral,derived,DMG,12,PLAYER CHARACTER NON-PROFESSIONAL SKILLS,explicit_rule,page-sweep,optional,,,
rule_starting_level,Starting Level of Experience,MODIFIES,exp_level,Experience Level,newcomers may begin above first,existing campaign,neutral,unset,DMG,12,STARTING LEVEL OF EXPERIENCE FOR PLAYER CHARACTERS,explicit_rule,page-sweep,core,,,
gen_dungeon_level,Dungeon Level,CONSTRAINS,rule_starting_level,Starting Level,dungeon geared to party level,,neutral,unset,DMG,12,STARTING LEVEL OF EXPERIENCE FOR PLAYER CHARACTERS,explicit_rule,page-sweep,core,,,
rule_treasure_placement,Treasure Pacing,MODIFIES,rule_starting_level,Player Interest,appetite whetted but not sated,,neutral,unset,DMG,12,STARTING LEVEL OF EXPERIENCE FOR PLAYER CHARACTERS,explicit_rule,page-sweep,core,,,
tbl_char_age_nonhuman,Non-Human Character Age Table,FEEDS_INTO,rule_char_age,Character Age,starting age by race and class,,neutral,derived,DMG,12,"CHARACTER AGE, AGING, DISEASE, AND DEATH (AGE)",explicit_rule,page-sweep,core,,,
tbl_char_age_human,Human Character Age Table,FEEDS_INTO,rule_char_age,Character Age,starting age by class,,neutral,derived,DMG,12,"CHARACTER AGE, AGING, DISEASE, AND DEATH (AGE)",explicit_rule,page-sweep,core,,,
race_any,Race,FEEDS_INTO,tbl_char_age_nonhuman,Non-Human Character Age Table,base age varies enormously by race,,neutral,derived,DMG,12,"CHARACTER AGE, AGING, DISEASE, AND DEATH (AGE)",explicit_rule,page-sweep,core,,,
sys_classes,Character Class,FEEDS_INTO,tbl_char_age_nonhuman,Non-Human Character Age Table,column by class,,neutral,derived,DMG,12,"CHARACTER AGE, AGING, DISEASE, AND DEATH (AGE)",explicit_rule,page-sweep,core,,,
sys_classes,Character Class,FEEDS_INTO,tbl_char_age_human,Human Character Age Table,starting age by class,,neutral,derived,DMG,12,"CHARACTER AGE, AGING, DISEASE, AND DEATH (AGE)",explicit_rule,page-sweep,core,,,
rule_multiclass,Multi-Class,OVERRIDES,tbl_char_age_nonhuman,Non-Human Character Age Table,use oldest column and maximum variable,,neutral,derived,DMG,12,"CHARACTER AGE, AGING, DISEASE, AND DEATH (AGE)",explicit_rule,page-sweep,core,explicit_replacement,,
class_bard,Bard,DERIVED_FROM,tbl_char_age_human,Human Character Age Table,age of the first class entered,,neutral,derived,DMG,12,"CHARACTER AGE, AGING, DISEASE, AND DEATH (AGE)",explicit_rule,page-sweep,optional,,,
rule_char_age,Character Age,FEEDS_INTO,tbl_age_categories,Age Categories Table,starting point on the aging track,,neutral,derived,DMG,12,"CHARACTER AGE, AGING, DISEASE, AND DEATH (AGE)",explicit_rule,page-sweep,core,,,
race_any,Race,CONSTRAINS,tbl_char_age_nonhuman,Non-Human Character Age Table,some race-class combinations impossible,,neutral,unset,DMG,12,"CHARACTER AGE, AGING, DISEASE, AND DEATH (AGE)",explicit_rule,page-sweep,core,,,
death_character,Death,RESOLVED_BY,spell_raise_dead,Clerical Revival,most deaths are recoverable,,governs,derived,DMG,15,"CHARACTER AGE, AGING, DISEASE & DEATH (DEATH)",explicit_rule,page-sweep,core,,,
spell_wish,Wish,ALTERNATIVE_TO,spell_raise_dead,Raise Dead,route back from death,,neutral,derived,DMG,15,"CHARACTER AGE, AGING, DISEASE & DEATH (DEATH)",explicit_rule,page-sweep,core,,,
spell_alter_reality,Alter Reality,ALTERNATIVE_TO,spell_raise_dead,Raise Dead,route back from death,,neutral,derived,DMG,15,"CHARACTER AGE, AGING, DISEASE & DEATH (DEATH)",explicit_rule,page-sweep,core,,,
rule_death_age,Death Due to Age,OVERRIDES,death_character,Revival,no magic works past maximum age,unless it prolongs lifespan,neutral,derived,DMG,15,"CHARACTER AGE, AGING, DISEASE & DEATH (DEATH)",explicit_rule,page-sweep,core,explicit_replacement,,
rule_death_age,Death Due to Age,TRIGGERS,monster_lich,Lichdom,an escape from the age limit,,neutral,unset,DMG,15,"CHARACTER AGE, AGING, DISEASE & DEATH (DEATH)",explicit_rule,page-sweep,core,,,
potion_longevity,Potion of Longevity,OVERRIDES,rule_death_age,Death Due to Age,extends lifespan,multiple potions,neutral,derived,DMG,15,"CHARACTER AGE, AGING, DISEASE & DEATH (DEATH)",explicit_rule,page-sweep,core,explicit_replacement,,
spell_wish,Wish,OVERRIDES,rule_death_age,Death Due to Age,extends lifespan,,neutral,derived,DMG,15,"CHARACTER AGE, AGING, DISEASE & DEATH (DEATH)",explicit_rule,page-sweep,core,explicit_replacement,,
item_magic_item,Magical Device,OVERRIDES,rule_death_age,Death Due to Age,may extend lifespan,,neutral,derived,DMG,15,"CHARACTER AGE, AGING, DISEASE & DEATH (DEATH)",explicit_rule,page-sweep,core,explicit_replacement,,
rule_death_age,Venerable Death,EXCLUDES,death_character,Revival,absolutely final,,negates,derived,DMG,15,"CHARACTER AGE, AGING, DISEASE & DEATH (DEATH)",explicit_rule,page-sweep,core,,,
rule_family_line,Family Line,ALTERNATIVE_TO,rule_death_age,Death Due to Age,continuity as a form of immortality,,neutral,derived,DMG,15,"CHARACTER AGE, AGING, DISEASE & DEATH (DEATH)",explicit_rule,page-sweep,core,,,
tbl_max_char_age,Maximum Character Age Table,RESOLVED_BY,tbl_age_categories,Age Category,old or venerable band selected,,governs,derived,DMG,15,MAXIMUM CHARACTER AGE TABLE,explicit_rule,page-sweep,core,,,
tbl_max_char_age,Maximum Character Age Table,MODIFIES,rule_dice_convention,Die Interval,interval scales with the racial span,,governs,heuristic,DMG,15,MAXIMUM CHARACTER AGE TABLE,explicit_rule,page-sweep,core,,,
rule_disease,Death by Disease,TRIGGERS,rule_disease,Persistent Affliction,revived character likely still diseased,,neutral,unset,DMG,15,"CHARACTER AGE, AGING, DISEASE & DEATH (DEATH)",explicit_rule,page-sweep,core,,,
rule_disease,Death by Disease,MODIFIES,sys_ability_scores,Ability Scores,permanent losses persist through revival,,neutral,unset,DMG,15,"CHARACTER AGE, AGING, DISEASE & DEATH (DEATH)",explicit_rule,page-sweep,core,,,
spell_cure_disease,Cure Disease,EXCLUDED_FROM,sys_ability_scores,Permanent Ability Loss,curative cannot restore lost points,,negates,derived,DMG,15,"CHARACTER AGE, AGING, DISEASE & DEATH (DEATH)",explicit_rule,page-sweep,core,,,
spell_wish,Wish,OVERRIDES,sys_ability_scores,Permanent Ability Loss,corrects deficiencies,,neutral,derived,DMG,15,"CHARACTER AGE, AGING, DISEASE & DEATH (DEATH)",explicit_rule,page-sweep,core,explicit_replacement,,
spell_alter_reality,Alter Reality,OVERRIDES,sys_ability_scores,Permanent Ability Loss,corrects deficiencies,,neutral,derived,DMG,15,"CHARACTER AGE, AGING, DISEASE & DEATH (DEATH)",explicit_rule,page-sweep,core,explicit_replacement,,
rule_disease,Death by Disease,CONSUMES,rule_time,Time,recovery as from severe illness,after revival,neutral,derived,DMG,15,"CHARACTER AGE, AGING, DISEASE & DEATH (DEATH)",explicit_rule,page-sweep,core,,,
abil_strength,Strength,DERIVED_FROM,rule_physical_power,Physical Power Endurance and Stamina,composite rating,,neutral,derived,DMG,15,CHARACTER ABILITIES,explicit_rule,page-sweep,core,,,
monster_hd,Monster Type,FEEDS_INTO,abil_strength,Strength,average strength by creature type,,neutral,derived,DMG,15,CHARACTER ABILITIES,explicit_rule,page-sweep,core,,,
race_any,Race,FEEDS_INTO,abil_strength,Strength,average strength by race,,neutral,derived,DMG,15,CHARACTER ABILITIES,explicit_rule,page-sweep,core,,,
abil_str_exceptional,Exceptional Strength,GATES,rule_lifting,Lifting Capacity,weight liftable overhead,,enables,derived,DMG,15,CHARACTER ABILITIES,explicit_rule,page-sweep,core,,,
tbl_height_weight,Body Weight,CONSTRAINS,rule_lifting,Lifting Capacity,never more than twice body weight,,governs,heuristic,DMG,15,CHARACTER ABILITIES,explicit_rule,page-sweep,core,,,
abil_str_exceptional,Exceptional Strength,MODIFIES,rule_lifting,Lifting Capacity,percentile bands add different amounts,,neutral,unset,DMG,15,CHARACTER ABILITIES,explicit_rule,page-sweep,core,,,
rule_lifting,Lifting Capacity,FEEDS_INTO,enc_encumbrance,Encumbrance,physical carrying power,,neutral,derived,DMG,15,CHARACTER ABILITIES,inferred_rule,page-sweep,core,,,
abil_wisdom,Wisdom,DERIVED_FROM,rule_willpower,Willpower and Judgment,composite rating,,neutral,derived,DMG,15,CHARACTER ABILITIES,explicit_rule,page-sweep,core,,,
abil_dexterity,Dexterity,DERIVED_FROM,ex_movement_rate,Speed of Movement,running speed is a component,,neutral,derived,DMG,15,CHARACTER ABILITIES,explicit_rule,page-sweep,core,,,
abil_constitution,Constitution,DERIVED_FROM,rule_health,Physique Health and Fitness,composite rating,,neutral,derived,DMG,15,CHARACTER ABILITIES,explicit_rule,page-sweep,core,,,
abil_charisma,Charisma,DERIVED_FROM,comeliness,Physical Appearance,one component only,,neutral,derived,DMG,15,CHARACTER ABILITIES,explicit_rule,page-sweep,core,,,
abil_charisma,Charisma,DERIVED_FROM,rule_persuasiveness,Persuasiveness and Magnetism,other components,,neutral,derived,DMG,15,CHARACTER ABILITIES,explicit_rule,page-sweep,core,,,
abil_charisma,Charisma,CONSTRAINS,abil_charisma,Charisma,scores above eighteen are possible,,neutral,unset,DMG,15,CHARACTER ABILITIES,explicit_rule,page-sweep,core,,,
race_any,Race,CONSTRAINS,rule_multiclass,Multi-Classed Assassin,which second class is permitted,,neutral,unset,DMG,18,MULTI-CLASSED ASSASSIN TABLE,explicit_rule,page-sweep,core,,,
rule_multiclass,Multi-Classed Assassin,EXCLUDED_FROM,race_dwarf,Dwarf,no other class permitted,,negates,derived,DMG,18,MULTI-CLASSED ASSASSIN TABLE,explicit_rule,page-sweep,core,,,
rule_multiclass,Multi-Classed Assassin,EXCLUDED_FROM,race_elf,Elf,no other class permitted,,negates,derived,DMG,18,MULTI-CLASSED ASSASSIN TABLE,explicit_rule,page-sweep,core,,,
rule_multiclass,Multi-Classed Assassin,EXCLUDED_FROM,race_half_elf,Half-Elf,no other class permitted,,negates,derived,DMG,18,MULTI-CLASSED ASSASSIN TABLE,explicit_rule,page-sweep,core,,,
exp_level,Experience Level,GATES,rule_grandfather_assassins,Grandfather of Assassins,leader of all assassins,,enables,derived,DMG,18,CHARACTER CLASSES (FOLLOWERS),explicit_rule,page-sweep,core,,,
rule_grandfather_assassins,Grandfather of Assassins,FEEDS_INTO,class_followers,Followers,fixed pyramid of levelled followers,,neutral,derived,DMG,18,CHARACTER CLASSES (FOLLOWERS),explicit_rule,page-sweep,core,,,
race_any,Race,FEEDS_INTO,class_followers,Assassin Followers,race rolled per follower,,neutral,derived,DMG,18,CHARACTER CLASSES (FOLLOWERS),explicit_rule,page-sweep,core,,,
class_followers,Assassin Followers,GATES,hench_henchmen,Henchmen,developed from follower abilities,,enables,derived,DMG,18,CHARACTER CLASSES (FOLLOWERS),explicit_rule,page-sweep,core,,,
rule_grandfather_assassins,Grandfather of Assassins,FEEDS_INTO,hench_mercenary,Mercenary Troops,well-equipped cavalry infantry and missile,,neutral,derived,DMG,18,CHARACTER CLASSES (FOLLOWERS),explicit_rule,page-sweep,core,,,
rule_displacement,Displacing the Leader,TRIGGERS,class_followers,Followers,most followers depart,,neutral,unset,DMG,18,CHARACTER CLASSES (FOLLOWERS),explicit_rule,page-sweep,core,,,
rule_displacement,Displacing the Leader,TRIGGERS,rule_follower_arrival,Follower Arrival,new following accrues over time,,neutral,unset,DMG,18,CHARACTER CLASSES (FOLLOWERS),explicit_rule,page-sweep,core,,,
rule_follower_arrival,Follower Arrival,CONSUMES,rule_time,Time,delay before first arrival then staggered,,neutral,derived,DMG,18,CHARACTER CLASSES (FOLLOWERS),explicit_rule,page-sweep,core,,,
rule_follower_arrival,Follower Arrival,CONSTRAINS,class_followers,Followers,unreceived followers depart forever,,neutral,unset,DMG,18,CHARACTER CLASSES (FOLLOWERS),explicit_rule,page-sweep,core,,,
hench_henchmen,Henchman or Servant,OVERRIDES,rule_follower_arrival,Follower Arrival,may receive followers in the master's absence,if designated,neutral,derived,DMG,18,CHARACTER CLASSES (FOLLOWERS),explicit_rule,page-sweep,core,explicit_replacement,,
exp_level,Experience Level,GATES,rule_paladin_warhorse,Paladin's Warhorse,called at fourth level or higher,,enables,derived,DMG,18,CHARACTER CLASSES (FOLLOWERS),explicit_rule,page-sweep,core,,,
rule_paladin_warhorse,Paladin's Warhorse,TRIGGERS,rule_quest,Journey to Claim the Steed,mount must be sought and won,,neutral,unset,DMG,18,CHARACTER CLASSES (FOLLOWERS),explicit_rule,page-sweep,core,,,
rule_quest,Journey to Claim the Steed,CONSUMES,rule_time,Time,days to weeks of travel,,neutral,derived,DMG,18,CHARACTER CLASSES (FOLLOWERS),explicit_rule,page-sweep,core,,,
rule_quest,Journey to Claim the Steed,TRIGGERS,cbt_melee,Mortal Combat,may be guarded by an evil fighter,,neutral,unset,DMG,18,CHARACTER CLASSES (FOLLOWERS),explicit_rule,page-sweep,core,,,
exp_level,Experience Level,MODIFIES,rule_quest,Guardian of the Steed,guardian matches paladin level,,neutral,unset,DMG,18,CHARACTER CLASSES (FOLLOWERS),explicit_rule,page-sweep,core,,,
rule_paladin_warhorse,Paladin's Warhorse,CONSUMES,rule_time,Time,serves ten years then must be replaced,,neutral,derived,DMG,18,CHARACTER CLASSES (FOLLOWERS),explicit_rule,page-sweep,core,,,
rule_aging,Aging,CONSTRAINS,rule_paladin_warhorse,Paladin's Warhorse,steed becomes too old to be useful,,neutral,unset,DMG,18,CHARACTER CLASSES (FOLLOWERS),explicit_rule,page-sweep,core,,,
exp_level,Experience Level,MODIFIES,rule_paladin_warhorse,Paladin's Warhorse,minimum hit points per die scale with paladin level,,neutral,unset,DMG,18,CHARACTER CLASSES (FOLLOWERS),explicit_rule,page-sweep,core,,,
class_paladin_loss,Loss of Paladinhood,TRIGGERS,rule_paladin_warhorse,Paladin's Warhorse,immutable enmity and the steed flees,,neutral,unset,DMG,18,CHARACTER CLASSES (FOLLOWERS),explicit_rule,page-sweep,core,,,
rule_spying,Spying,GATES,rule_mission_category,Mission Category,simple difficult or extraordinary,,enables,derived,DMG,18,CHARACTER CLASSES (SPYING),explicit_rule,page-sweep,core,,,
rule_mission_category,Mission Category,FEEDS_INTO,tbl_assassin_spying,Assassin Spying Table,success chance by category,,neutral,derived,DMG,18,CHARACTER CLASSES (SPYING),explicit_rule,page-sweep,core,,,
exp_level,Experience Level,FEEDS_INTO,tbl_assassin_spying,Assassin Spying Table,success chance by spy level,,neutral,derived,DMG,18,CHARACTER CLASSES (SPYING),explicit_rule,page-sweep,core,,,
rule_mission_category,Mission Category,CONSUMES,rule_time,Time,duration scales with difficulty,,neutral,derived,DMG,18,CHARACTER CLASSES (SPYING),explicit_rule,page-sweep,core,,,
rule_mission_category,Extraordinary Mission,GATES,rule_disguise,Insinuation,long-term association required,,enables,derived,DMG,18,CHARACTER CLASSES (SPYING),explicit_rule,page-sweep,core,,,
rule_time,Days Spent Spying,MODIFIES,rule_spy_discovery,Chance of Discovery,cumulative per day to a ceiling,,neutral,unset,DMG,18,CHARACTER CLASSES (SPYING),explicit_rule,page-sweep,core,,,
exp_level,Experience Level,MODIFIES,rule_spy_discovery,Chance of Discovery,spy level subtracts from the chance,,neutral,unset,DMG,18,CHARACTER CLASSES (SPYING),explicit_rule,page-sweep,core,,,
rule_spy_discovery,Chance of Discovery,CONSTRAINS,rule_spy_discovery,Chance of Discovery,never falls below a minimum,,neutral,unset,DMG,18,CHARACTER CLASSES (SPYING),explicit_rule,page-sweep,core,,,
rule_precautions,Precautions Against Spying,MODIFIES,rule_spy_discovery,Chance of Discovery,defender countermeasures,,neutral,unset,DMG,18,CHARACTER CLASSES (SPYING),explicit_rule,page-sweep,core,,,
rule_player_character,Player Character Spy,OVERRIDES,tbl_assassin_spying,Assassin Spying Table,resolved by roleplay not table,,neutral,derived,DMG,18,CHARACTER CLASSES (SPYING),explicit_rule,page-sweep,core,explicit_replacement,,
race_any,Race,MODIFIES,rule_npc_characteristics,Racial Tendencies,temperament by race,,neutral,unset,DMG,16,CHARACTER RACES,explicit_rule,page-sweep,core,,,
race_dwarf,Dwarf,MODIFIES,tbl_gem_value,Gems and Precious Metal,preference for gold and opaque gems,,neutral,unset,DMG,16,CHARACTER RACES,explicit_rule,page-sweep,core,,,
race_dwarf,Dwarf,MODIFIES,cbt_encounter_reactions,Encounter Reactions,suspicious and avaricious,,neutral,unset,DMG,16,CHARACTER RACES,explicit_rule,page-sweep,core,,,
race_dwarf,Dwarf,EXCLUDES,rule_waterborne_travel,The Sea,dislike of sea travel,,negates,derived,DMG,16,CHARACTER RACES,explicit_rule,page-sweep,core,,,
race_elf,Elf,MODIFIES,cbt_encounter_reactions,Encounter Reactions,slow to befriend and never forgets,,neutral,unset,DMG,16,CHARACTER RACES,explicit_rule,page-sweep,core,,,
race_elf,Elf,MODIFIES,item_magic_item,Magic,fascination is a known weakness,,neutral,unset,DMG,16,CHARACTER RACES,explicit_rule,page-sweep,core,,,
race_elf,Elf,EXCLUDES,rule_waterborne_travel,Ships and Mines,dislike of both,,negates,derived,DMG,16,CHARACTER RACES,explicit_rule,page-sweep,core,,,
race_gnome,Gnome,GATES,hench_jeweler,Gem Polishing and Cutting,masters of the craft,,enables,derived,DMG,16,CHARACTER RACES,explicit_rule,page-sweep,core,,,
race_halfling,Halfling,MODIFIES,tbl_racial_preferences,Racial Preferences,gets along better with other races,,neutral,unset,DMG,16,CHARACTER RACES,explicit_rule,page-sweep,core,,,
race_half_orc,Half-Orc,MODIFIES,cbt_encounter_reactions,Encounter Reactions,bullying and submissive to the stronger,,neutral,unset,DMG,16,CHARACTER RACES,explicit_rule,page-sweep,core,,,
race_half_elf,Half-Elf,DERIVED_FROM,race_elf,Elf,tendencies follow the elven parent,,neutral,derived,DMG,16,CHARACTER RACES,explicit_rule,page-sweep,core,,,
rule_stronghold,Stronghold,GATES,class_followers,Followers,must be built first,,enables,derived,DMG,16,CHARACTER CLASSES (FOLLOWERS),explicit_rule,page-sweep,core,,,
tbl_followers_cleric,Cleric Followers,FEEDS_INTO,sys_armor,Armor,each category arrives armoured,,neutral,derived,DMG,16,CHARACTER CLASSES (FOLLOWERS),explicit_rule,page-sweep,core,,,
tbl_followers_cleric,Cleric Followers,FEEDS_INTO,sys_equipment,Weapons,each category arrives armed,,neutral,derived,DMG,16,CHARACTER CLASSES (FOLLOWERS),explicit_rule,page-sweep,core,,,
tbl_followers_fighter,Fighter Followers,GATES,rule_follower_leader,Follower Leader,a levelled leader arrives,,enables,derived,DMG,16,CHARACTER CLASSES (FOLLOWERS),explicit_rule,page-sweep,core,,,
rule_follower_leader,Follower Leader,FEEDS_INTO,item_magic_item,Magic Items,leader arrives with magic arms,,neutral,derived,DMG,16,CHARACTER CLASSES (FOLLOWERS),explicit_rule,page-sweep,core,,,
rule_follower_leader,Follower Leader,FEEDS_INTO,exp_level,Experience Level,leader has levels of its own,,neutral,derived,DMG,16,CHARACTER CLASSES (FOLLOWERS),explicit_rule,page-sweep,core,,,
tbl_followers_ranger,Ranger Followers,RESOLVED_BY,rule_dice_probability,Two-Stage Roll,number rolled then modifies quality rolls,,governs,derived,DMG,16,CHARACTER CLASSES (FOLLOWERS),explicit_rule,page-sweep,core,,,
tbl_followers_ranger,Ranger Followers,CONSTRAINS,tbl_followers_ranger,Ranger Followers,fewer followers means better ones,,governs,heuristic,DMG,16,CHARACTER CLASSES (FOLLOWERS),explicit_rule,page-sweep,core,,,
tbl_followers_ranger,Ranger Followers,GATES,monster_animal,Animals,bears blink dogs giant lynx and owls,,enables,derived,DMG,17,CHARACTER CLASSES (FOLLOWERS),explicit_rule,page-sweep,core,,,
tbl_followers_ranger,Ranger Followers,GATES,rule_mount,Mounts,centaur hippogriff or pegasus,,enables,derived,DMG,17,CHARACTER CLASSES (FOLLOWERS),explicit_rule,page-sweep,core,,,
tbl_followers_ranger,Ranger Followers,TRIGGERS,rule_lycanthropy,Werebear or Weretiger,a lycanthrope may become a follower,,governs,heuristic,DMG,17,CHARACTER CLASSES (FOLLOWERS),explicit_rule,page-sweep,core,,,
monster_dragon,Copper Dragon Follower,EXCLUDES,sys_treasure,Treasure,possesses no hoard as a follower,,negates,derived,DMG,17,CHARACTER CLASSES (FOLLOWERS),explicit_rule,page-sweep,core,,,
tbl_age_categories,Dragon Age Category,FEEDS_INTO,monster_dragon,Copper Dragon Follower,age rolled on arrival,,neutral,derived,DMG,17,CHARACTER CLASSES (FOLLOWERS),explicit_rule,page-sweep,core,,,
sys_alignment,Alignment,CONSTRAINS,tbl_followers_ranger,Thief Followers,ranger thief followers are always neutral good,,neutral,unset,DMG,17,CHARACTER CLASSES (FOLLOWERS),explicit_rule,page-sweep,core,,,
tbl_followers_thief,Thief Followers,RESOLVED_BY,rule_dice_probability,Two-Stage Roll,number then modifies level rolls,,governs,derived,DMG,17,CHARACTER CLASSES (FOLLOWERS),explicit_rule,page-sweep,core,,,
tbl_followers_thief,Thief Followers,CONSTRAINS,tbl_followers_thief,Thief Followers,fewer followers means higher level,,governs,heuristic,DMG,17,CHARACTER CLASSES (FOLLOWERS),explicit_rule,page-sweep,core,,,
race_any,Race,FEEDS_INTO,tbl_followers_thief,Thief Followers,race rolled per follower,,neutral,derived,DMG,17,CHARACTER CLASSES (FOLLOWERS),explicit_rule,page-sweep,core,,,
tbl_followers_thief,Thief Followers,TRIGGERS,rule_multiclass,Multi-Class Follower,low level non-humans may be multi-classed,,governs,heuristic,DMG,17,CHARACTER CLASSES (FOLLOWERS),explicit_rule,page-sweep,core,,,
exp_level,Guildmaster Status,GATES,tbl_followers_assassin,Assassin Followers,guild attracted at guildmaster level,,enables,derived,DMG,17,CHARACTER CLASSES (FOLLOWERS),explicit_rule,page-sweep,core,,,
campaign_settlement,Local Population,MODIFIES,tbl_followers_assassin,Assassin Followers,DM may adjust guild size,,neutral,unset,DMG,17,CHARACTER CLASSES (FOLLOWERS),explicit_rule,page-sweep,core,,,
rule_displacement,Guild Takeover,TRIGGERS,tbl_followers_assassin,Assassin Followers,most of the existing guild deserts,,neutral,unset,DMG,17,CHARACTER CLASSES (FOLLOWERS),explicit_rule,page-sweep,core,,,
tbl_followers_assassin,Assassin Followers,CONSTRAINS,exp_level,Experience Level,replacements are always first level,,governs,heuristic,DMG,17,CHARACTER CLASSES (FOLLOWERS),explicit_rule,page-sweep,core,,,
race_any,Race,GATES,rule_lycanthropy,Lycanthropy,humans alone can contract it,,enables,derived,DMG,22,CHARACTER CLASSES (LYCANTHROPY),explicit_rule,page-sweep,core,,,
rule_hit_points,Hit Points,TRIGGERS,rule_lycanthropy,Lycanthropy,bitten for half natural hit points,,neutral,unset,DMG,22,CHARACTER CLASSES (LYCANTHROPY),explicit_rule,page-sweep,core,,,
monster_lycanthrope,Attacking Lycanthrope,FEEDS_INTO,rule_lycanthropy,Lycanthropy,victim becomes the same type,,neutral,derived,DMG,22,CHARACTER CLASSES (LYCANTHROPY),explicit_rule,page-sweep,core,,,
rule_lycanthropy,Lycanthropy,CONSTRAINS,rule_player_knowledge,Player Knowledge,affliction concealed for months of game time,,neutral,unset,DMG,22,CHARACTER CLASSES (LYCANTHROPY),explicit_rule,page-sweep,core,,,
rule_lycanthropy,Lycanthropy,TRIGGERS,cbt_encounter_reactions,Townsfolk Reaction,countryside hunts the werebeast,,neutral,unset,DMG,22,CHARACTER CLASSES (LYCANTHROPY),explicit_rule,page-sweep,core,,,
rule_moon_phase,Nights Before Full Moon,MODIFIES,rule_npc_characteristics,Behavior,withdrawn and edgy,,neutral,unset,DMG,22,CHARACTER CLASSES (LYCANTHROPY),explicit_rule,page-sweep,core,,,
item_herb_belladonna,Belladonna,OVERRIDES,rule_lycanthropy,Lycanthropy,chance the disease never manifests,eaten within the hour,neutral,derived,DMG,22,CHARACTER CLASSES (LYCANTHROPY),explicit_rule,page-sweep,core,explicit_replacement,,
exp_level,Experience Level,GATES,spell_cure_disease,Cure Disease,high level patriarch required,lycanthropy cure,enables,derived,DMG,22,CHARACTER CLASSES (LYCANTHROPY),explicit_rule,page-sweep,core,,,
rule_time,Time Since Bite,CONSTRAINS,spell_cure_disease,Cure Disease,must be within three days,,neutral,unset,DMG,22,CHARACTER CLASSES (LYCANTHROPY),explicit_rule,page-sweep,core,,,
spell_remove_curse,Remove Curse,ALTERNATIVE_TO,spell_cure_disease,Cure Disease,used after the three day window,,neutral,derived,DMG,22,CHARACTER CLASSES (LYCANTHROPY),explicit_rule,page-sweep,core,,,
spell_remove_curse,Remove Curse,GATES,tbl_lycanthropy_change,Wereform,must be cast while in wereform,,enables,derived,DMG,22,CHARACTER CLASSES (LYCANTHROPY),explicit_rule,page-sweep,core,,,
save_matrix,Monster Saving Throw,GATES,spell_remove_curse,Remove Curse,the beast saves against the cure,,enables,derived,DMG,22,CHARACTER CLASSES (LYCANTHROPY),explicit_rule,page-sweep,core,,,
rule_lycanthropy,Wereform,TRIGGERS,cbt_flee,Flight,beast flees the curing patriarch,,neutral,unset,DMG,22,CHARACTER CLASSES (LYCANTHROPY),explicit_rule,page-sweep,core,,,
rule_holy_place,Monastery or Abbey,GATES,rule_lycanthropy_cure_regimen,Herbal Cure Regimen,refuge required,,enables,derived,DMG,22,CHARACTER CLASSES (LYCANTHROPY),explicit_rule,page-sweep,core,,,
rule_lycanthropy_cure_regimen,Herbal Cure Regimen,CONSUMES,rule_holy_water,Holy or Unholy Water,laced potation,,neutral,derived,DMG,22,CHARACTER CLASSES (LYCANTHROPY),explicit_rule,page-sweep,core,,,
rule_lycanthropy_cure_regimen,Herbal Cure Regimen,CONSUMES,item_herb_belladonna,Belladonna and Wolfsbane,herbal components,,neutral,derived,DMG,22,CHARACTER CLASSES (LYCANTHROPY),explicit_rule,page-sweep,core,,,
rule_lycanthropy_cure_regimen,Herbal Cure Regimen,CONSUMES,rule_time,Time,a month or more of treatment,,neutral,derived,DMG,22,CHARACTER CLASSES (LYCANTHROPY),explicit_rule,page-sweep,core,,,
rule_lycanthropy_cure_regimen,Herbal Cure Regimen,CONSUMES,money_gp,Money,very costly herbs water and services,,neutral,derived,DMG,22,CHARACTER CLASSES (LYCANTHROPY),explicit_rule,page-sweep,core,,,
rule_lycanthropy_cure_regimen,Herbal Cure Regimen,EXCLUDES,rule_character_actions,Adventuring,no adventuring during treatment,,negates,derived,DMG,22,CHARACTER CLASSES (LYCANTHROPY),explicit_rule,page-sweep,core,,,
exp_level,Experience Level,MODIFIES,rule_lycanthropy_cure_regimen,Herbal Cure Regimen,priest and patient level affect cost,,neutral,unset,DMG,22,CHARACTER CLASSES (LYCANTHROPY),explicit_rule,page-sweep,core,,,
rule_lycanthropy,Disease Progression,MODIFIES,rule_lycanthropy_cure_regimen,Herbal Cure Regimen,advanced cases take longer,,neutral,unset,DMG,22,CHARACTER CLASSES (LYCANTHROPY),explicit_rule,page-sweep,core,,,
spell_resurrection,Resurrection,TRIGGERS,rule_lycanthropy,Lycanthropy,affliction certain if cleric is unaware,,inflicts,heuristic,DMG,22,CHARACTER CLASSES (LYCANTHROPY),explicit_rule,page-sweep,core,,,
spell_cure_disease,Cure Disease,OVERRIDES,spell_resurrection,Resurrection,cast on the corpse before raising,,neutral,derived,DMG,22,CHARACTER CLASSES (LYCANTHROPY),explicit_rule,page-sweep,core,explicit_replacement,,
rule_lycanthropy,Lycanthropy,TRIGGERS,rule_insanity,Insanity,mental anguish from the change,,neutral,unset,DMG,22,CHARACTER CLASSES (LYCANTHROPY),explicit_rule,page-sweep,core,,,
sys_alignment,Alignment Conflict,MODIFIES,rule_insanity,Mental Anguish,greater divergence means greater torment,,neutral,unset,DMG,22,CHARACTER CLASSES (LYCANTHROPY),explicit_rule,page-sweep,core,,,
rule_moon_phase,Waxing and Full Moon,MODIFIES,rule_insanity,Mental Anguish,torment peaks around the full moon,,neutral,unset,DMG,22,CHARACTER CLASSES (LYCANTHROPY),explicit_rule,page-sweep,core,,,
rule_lycanthropy,Lycanthropy,TRIGGERS,class_paladin_loss,Loss of Paladinhood,no longer pure enough,even after cure,neutral,unset,DMG,22,CHARACTER CLASSES (LYCANTHROPY),explicit_rule,page-sweep,core,,,
rule_quest,Divine Quest,OVERRIDES,class_paladin_loss,Loss of Paladinhood,restoration possible but not recommended,,neutral,derived,DMG,22,CHARACTER CLASSES (LYCANTHROPY),explicit_rule,page-sweep,core,explicit_replacement,,
rule_lycanthropy,Wereform,EXCLUDES,sys_experience,Experience Points,none gained while changed,,negates,derived,DMG,22,CHARACTER CLASSES (LYCANTHROPY),explicit_rule,page-sweep,core,,,
rule_lycanthropy,Lycanthropy,EXCLUDED_FROM,exp_level,Experience Level,lycanthropy is not a class and gains no levels,,negates,derived,DMG,22,CHARACTER CLASSES (LYCANTHROPY),explicit_rule,page-sweep,core,,,
rule_moon_phase,Full Moon,TRIGGERS,tbl_lycanthropy_change,Forced Change,change from moonrise to dawn,under three years affliction,neutral,unset,DMG,22,CHARACTER CLASSES (LYCANTHROPY),explicit_rule,page-sweep,core,,,
rule_hit_points,Hit Points,TRIGGERS,tbl_lycanthropy_change,Involuntary Change,losing a third of natural hit points in melee,,neutral,unset,DMG,22,CHARACTER CLASSES (LYCANTHROPY),explicit_rule,page-sweep,core,,,
tbl_lycanthropy_change,Involuntary Change,TRIGGERS,rule_disorientation,Disorientation,unable to fight for rounds,under two years affliction,governs,heuristic,DMG,22,CHARACTER CLASSES (LYCANTHROPY),explicit_rule,page-sweep,core,,,
rule_disorientation,Disorientation,EXCLUDES,cbt_melee,Combat,cannot engage while disoriented,,negates,derived,DMG,22,CHARACTER CLASSES (LYCANTHROPY),explicit_rule,page-sweep,core,,,
spell_monster_summoning,Monster Summoning,TRIGGERS,tbl_lycanthropy_change,Involuntary Change,cast in the vicinity,,neutral,unset,DMG,22,CHARACTER CLASSES (LYCANTHROPY),explicit_rule,page-sweep,core,,,
spell_conjure_animals,Conjure Animals,TRIGGERS,tbl_lycanthropy_change,Involuntary Change,cast in the vicinity,,neutral,unset,DMG,22,CHARACTER CLASSES (LYCANTHROPY),explicit_rule,page-sweep,core,,,
spell_animal_summoning,Animal Summoning,TRIGGERS,tbl_lycanthropy_change,Involuntary Change,cast in the vicinity,,neutral,unset,DMG,22,CHARACTER CLASSES (LYCANTHROPY),explicit_rule,page-sweep,core,,,
rule_fear,Fear,TRIGGERS,tbl_lycanthropy_change,Involuntary Change,emotional trigger,,neutral,unset,DMG,22,CHARACTER CLASSES (LYCANTHROPY),explicit_rule,page-sweep,core,,,
rule_argument,Argument With Party Members,TRIGGERS,tbl_lycanthropy_change,Involuntary Change,emotional trigger,,neutral,unset,DMG,22,CHARACTER CLASSES (LYCANTHROPY),explicit_rule,page-sweep,core,,,
rule_dm_discretion,DM Discretion,GATES,tbl_lycanthropy_change,Involuntary Change,which spells and items trigger the beast,,enables,derived,DMG,22,CHARACTER CLASSES (LYCANTHROPY),explicit_rule,page-sweep,core,,,
rule_lycanthropy,Wereform,OVERRIDES,cbt_damage,Damage,fights as the Monster Manual entry,,neutral,derived,DMG,22,CHARACTER CLASSES (LYCANTHROPY),explicit_rule,page-sweep,core,explicit_replacement,,
rule_lycanthropy,Lycanthropy,MODIFIES,sys_alignment,Alignment,acquires the wereform alignment over months,,neutral,unset,DMG,22,CHARACTER CLASSES (LYCANTHROPY),explicit_rule,page-sweep,core,,,
rule_lycanthropy,Wereform,CONSTRAINS,sys_equipment,Belongings,abandoned where the change occurred,,neutral,unset,DMG,22,CHARACTER CLASSES (LYCANTHROPY),explicit_rule,page-sweep,core,,,
monster_wererat,Wererat,OVERRIDES,sys_equipment,Weapons,alone among lycanthropes carries a sword,,neutral,derived,DMG,22,CHARACTER CLASSES (LYCANTHROPY),explicit_rule,page-sweep,core,explicit_replacement,,
monster_werebear,Werebear,TRIGGERS,cbt_melee,Combat,attacks evil creatures on sight and fights to the death,,neutral,unset,DMG,22,CHARACTER CLASSES (LYCANTHROPY),explicit_rule,page-sweep,core,,,
monster_wereboar,Wereboar,TRIGGERS,rule_argument,Argument,refuses any role but leader,,neutral,unset,DMG,22,CHARACTER CLASSES (LYCANTHROPY),explicit_rule,page-sweep,core,,,
monster_wereboar,Wereboar,TRIGGERS,tbl_lycanthropy_change,Involuntary Change,own arguments trigger the change,,neutral,unset,DMG,22,CHARACTER CLASSES (LYCANTHROPY),explicit_rule,page-sweep,core,,,
monster_wererat,Wererat,MODIFIES,rule_order_of_march,Order of March,always volunteers for the rear,,neutral,unset,DMG,22,CHARACTER CLASSES (LYCANTHROPY),explicit_rule,page-sweep,core,,,
monster_weretiger,Weretiger,MODIFIES,rule_disguise,Disguise,poses as a magic-user with a cat familiar,,neutral,unset,DMG,22,CHARACTER CLASSES (LYCANTHROPY),explicit_rule,page-sweep,core,,,
monster_werewolf,Werewolf,TRIGGERS,cbt_melee,Betrayal,turns on the party mid-combat once discovered,,neutral,unset,DMG,23,CHARACTER CLASSES (LYCANTHROPY),explicit_rule,page-sweep,core,,,
tbl_lycanthropy_change,Change Table,CONSTRAINS,tbl_lycanthropy_change,Changing Back,full moon prevents voluntary return to human,,governs,heuristic,DMG,23,CHANGE TABLE FOR LYCANTHROPES,explicit_rule,page-sweep,core,,,
tbl_lycanthropy_change,Sudden Change,TRIGGERS,tbl_armor_damage_lycan,Armor Damage Table,constriction damage,,governs,heuristic,DMG,23,DAMAGE TABLE,explicit_rule,page-sweep,core,,,
monster_lycanthrope,Were-Type,FEEDS_INTO,tbl_armor_damage_lycan,Armor Damage Table,damage varies by were-form,,neutral,derived,DMG,23,DAMAGE TABLE,explicit_rule,page-sweep,core,,,
tbl_armor_damage_lycan,Armor Damage Table,TRIGGERS,rule_item_destruction,Armor Destruction,straps burst and armor falls off,,governs,heuristic,DMG,23,DAMAGE TABLE,explicit_rule,page-sweep,core,,,
sys_alignment,Alignment,CONSTRAINS,rule_deity,Religion,belief may dictate alignment,,neutral,unset,DMG,23,ALIGNMENT,explicit_rule,page-sweep,core,,,
sys_alignment,Alignment,GATES,cbt_encounter_reactions,Mutual Acceptability,groups non-hostile within an alignment,,enables,derived,DMG,23,ALIGNMENT,explicit_rule,page-sweep,core,,,
sys_alignment,Alignment,CONSTRAINS,sys_classes,Profession,ethos appropriate to the class,,neutral,unset,DMG,23,ALIGNMENT,explicit_rule,page-sweep,core,,,
rule_insanity,Insanity,OVERRIDES,sys_alignment,Alignment,dichotomous alignments can coexist in the mad,,neutral,derived,DMG,23,ALIGNMENT,explicit_rule,page-sweep,core,explicit_replacement,,
rule_control,Control by Another Entity,OVERRIDES,sys_alignment,Alignment,dichotomous alignments can coexist,,neutral,derived,DMG,23,ALIGNMENT,explicit_rule,page-sweep,core,explicit_replacement,,
monster_intelligence,Unintelligent Creatures,FEEDS_INTO,sys_alignment,Neutrality,placed in neutral by default,,neutral,derived,DMG,23,ALIGNMENT,explicit_rule,page-sweep,core,,,
rule_precautions,Strong Precautions,GATES,rule_counterspy,Counterspies,active counter-operations,,enables,derived,DMG,19,SPY FAILURE TABLE,explicit_rule,page-sweep,core,,,
rule_spy_leadership,Spy Becomes a Leader,OVERRIDES,rule_spy_discovery,Chance of Discovery,drops to lowest tier as above suspicion,,neutral,derived,DMG,19,SPY FAILURE TABLE,explicit_rule,page-sweep,core,explicit_replacement,,
rule_spy_discovery,Prior Spy Caught,MODIFIES,rule_spy_discovery,Chance of Discovery,tenfold increase for a following spy,,neutral,unset,DMG,19,SPY FAILURE TABLE,explicit_rule,page-sweep,core,,,
rule_time,Mission Duration,FEEDS_INTO,rule_spy_discovery,Chance of Discovery,rolled per time period,,neutral,derived,DMG,19,SPY FAILURE TABLE,explicit_rule,page-sweep,core,,,
rule_spy_discovery,Discovery,TRIGGERS,tbl_spy_failure,Spy Failure Table,resolves the consequence,,neutral,unset,DMG,19,SPY FAILURE TABLE,explicit_rule,page-sweep,core,,,
tbl_assassin_spying,Failed Spying Roll,TRIGGERS,tbl_spy_failure,Spy Failure Table,resolves the consequence,,governs,heuristic,DMG,19,SPY FAILURE TABLE,explicit_rule,page-sweep,core,,,
tbl_spy_failure,Spy Failure Table,TRIGGERS,rule_imprisonment,Imprisonment,caught in a suspicious act,,governs,heuristic,DMG,19,SPY FAILURE TABLE,explicit_rule,page-sweep,core,,,
tbl_spy_failure,Spy Failure Table,TRIGGERS,rule_torture,Torture,caught with positive proof,,governs,heuristic,DMG,19,SPY FAILURE TABLE,explicit_rule,page-sweep,core,,,
rule_torture,Torture,TRIGGERS,death_character,Death,one outcome of torture,,neutral,unset,DMG,19,SPY FAILURE TABLE,explicit_rule,page-sweep,core,,,
rule_torture,Torture,TRIGGERS,rule_information,Revealing Everything,one outcome of torture,,neutral,unset,DMG,19,SPY FAILURE TABLE,explicit_rule,page-sweep,core,,,
rule_torture,Torture,TRIGGERS,rule_turncoat,Turning Coat,one outcome of torture,,neutral,unset,DMG,19,SPY FAILURE TABLE,explicit_rule,page-sweep,core,,,
rule_counterspy,Counterspies,TRIGGERS,rule_false_information,False Information,fed to the captured spy,,neutral,unset,DMG,19,SPY FAILURE TABLE,explicit_rule,page-sweep,core,,,
rule_counterspy,Counterspies,TRIGGERS,rule_spy_backtrace,Backtracing the Spy,followed to find the employer,,neutral,unset,DMG,19,SPY FAILURE TABLE,explicit_rule,page-sweep,core,,,
rule_mission_category,Mission Category,MODIFIES,tbl_spy_failure,Spy Failure Table,difficulty modifies the failure roll,,neutral,unset,DMG,19,SPY FAILURE TABLE,explicit_rule,page-sweep,core,,,
rule_spy_discovery,Discovery,MODIFIES,tbl_spy_failure,Spy Failure Table,worsens the failure roll,,neutral,unset,DMG,19,SPY FAILURE TABLE,explicit_rule,page-sweep,core,,,
rule_fanatical_spy,Fanatical Spy,EXCLUDES,rule_turncoat,Turning Coat,never becomes a double agent,,negates,derived,DMG,19,SPY FAILURE TABLE,explicit_rule,page-sweep,core,,,
rule_fanatical_spy,Fanatical Spy,TRIGGERS,death_character,Suicide,kills himself on a high failure roll,,neutral,unset,DMG,19,SPY FAILURE TABLE,explicit_rule,page-sweep,core,,,
rule_fanatical_spy,Fanatical Spy,EXCLUDED_FROM,class_assassin,Hired Assassin,cannot normally be a hired assassin,,negates,derived,DMG,19,SPY FAILURE TABLE,explicit_rule,page-sweep,core,,,
tbl_poisons,Poison Type,MODIFIES,save_poison,Saving Throw vs Poison,save bonus varies by poison,,governs,heuristic,DMG,21,USE OF POISONS,explicit_rule,page-sweep,core,,,
tbl_poisons,Poison Type,MODIFIES,rule_poison_detection,Poison Detection,chance of tasting or smelling varies,,governs,heuristic,DMG,21,USE OF POISONS,explicit_rule,page-sweep,core,,,
rule_poison_study,Studied Poisoning,OVERRIDES,save_poison,Saving Throw vs Poison,no efficiency penalty,,neutral,derived,DMG,21,USE OF POISONS,explicit_rule,page-sweep,core,explicit_replacement,,
rule_monster_pc,Monster as a Player Character,CONSTRAINS,sys_classes,Character Class,discouraged by design,,neutral,unset,DMG,21,THE MONSTER AS A PLAYER CHARACTER,explicit_rule,page-sweep,core,,,
rule_monster_pc,Monster as a Player Character,EXCLUDED_FROM,exp_level,Experience Level,monsters lack unlimited advancement,,negates,derived,DMG,21,THE MONSTER AS A PLAYER CHARACTER,explicit_rule,page-sweep,core,,,
race_any,Humanity,GATES,exp_level,Experience Level,no upper limit on level or acquired power,,enables,derived,DMG,21,THE MONSTER AS A PLAYER CHARACTER,explicit_rule,page-sweep,core,,,
race_any,Humanity,GATES,item_magic_item,Magic Items,no upper limit on acquired power,,enables,derived,DMG,21,THE MONSTER AS A PLAYER CHARACTER,explicit_rule,page-sweep,core,,,
thief_read_languages,Read Languages,GATES,rule_languages,Languages,only tongues previously encountered,,enables,derived,DMG,20,THIEVES AND ASSASSINS SETTING TRAPS,explicit_rule,page-sweep,core,,,
rule_dm_discretion,DM Discretion,CONSTRAINS,thief_read_languages,Read Languages,ancient tongues designated unreadable,,neutral,unset,DMG,20,THIEVES AND ASSASSINS SETTING TRAPS,explicit_rule,page-sweep,core,,,
thief_read_languages,Read Languages,MODIFIES,rule_information,Comprehension,percentage of meaning matches percentage ability,,neutral,unset,DMG,20,THIEVES AND ASSASSINS SETTING TRAPS,explicit_rule,page-sweep,core,,,
rule_languages,Related Languages,OVERRIDES,thief_read_languages,Read Languages,no comprehension penalty for close tongues,,neutral,derived,DMG,20,THIEVES AND ASSASSINS SETTING TRAPS,explicit_rule,page-sweep,core,explicit_replacement,,
rule_setting_traps,Simple Traps,CONSTRAINS,rule_setting_traps,Setting Traps,only components normally accessible,,neutral,unset,DMG,20,THIEVES AND ASSASSINS SETTING TRAPS,explicit_rule,page-sweep,core,,,
rule_setting_traps,Complex Traps,GATES,hench_expert_hirelings,Specialists,component manufacture requires them,,enables,derived,DMG,20,THIEVES AND ASSASSINS SETTING TRAPS,explicit_rule,page-sweep,core,,,
rule_player_diagram,Player Trap Diagram,GATES,rule_setting_traps,Setting Traps,drawing required before the attempt,,enables,derived,DMG,20,THIEVES AND ASSASSINS SETTING TRAPS,explicit_rule,page-sweep,core,,,
rule_player_diagram,Player Trap Diagram,MODIFIES,rule_trap_injury,Injury on Failure,complexity adjusts the injury chance,,neutral,unset,DMG,20,THIEVES AND ASSASSINS SETTING TRAPS,explicit_rule,page-sweep,core,,,
rule_setting_traps,Setting Traps,TRIGGERS,rule_trap_injury,Injury on Failure,obverse of the success chance,,neutral,unset,DMG,20,THIEVES AND ASSASSINS SETTING TRAPS,explicit_rule,page-sweep,core,,,
rule_trap_injury,Injury on Failure,TRIGGERS,save_poison,Saving Throw vs Poison,poison needle traps,,neutral,unset,DMG,20,THIEVES AND ASSASSINS SETTING TRAPS,explicit_rule,page-sweep,core,,,
rule_setting_traps,Setting Traps,EXCLUDES,sys_equipment,Protective Handwear,gloves cannot be worn,,negates,derived,DMG,20,THIEVES AND ASSASSINS SETTING TRAPS,explicit_rule,page-sweep,core,,,
rule_setting_traps,Setting Traps,OVERRIDES,thief_skills,Thief Skills,repeated attempts permitted unlike other skills,,neutral,derived,DMG,20,THIEVES AND ASSASSINS SETTING TRAPS,explicit_rule,page-sweep,core,explicit_replacement,,
rule_assassination,Assassination,FEEDS_INTO,xp_assassination,Assassination Experience,points per level of the victim,,neutral,derived,DMG,20,ASSASSINATION EXPERIENCE POINTS,explicit_rule,page-sweep,core,,,
exp_level,Level Difference,MODIFIES,xp_assassination,Assassination Experience,adjusted by relative level,,neutral,unset,DMG,20,ASSASSINATION EXPERIENCE POINTS,explicit_rule,page-sweep,core,,,
rule_mission_category,Mission Difficulty,MODIFIES,xp_assassination,Assassination Experience,multiplier by difficulty,,neutral,unset,DMG,20,ASSASSINATION EXPERIENCE POINTS,explicit_rule,page-sweep,core,,,
xp_assassination,Assassination Experience,FEEDS_INTO,exp_level,Experience Level,added to normal kill experience,,neutral,derived,DMG,20,ASSASSINATION EXPERIENCE POINTS,explicit_rule,page-sweep,core,,,
xp_monster,Experience for Killing,FEEDS_INTO,xp_assassination,Assassination Experience,awarded in addition,,neutral,derived,DMG,20,ASSASSINATION EXPERIENCE POINTS,explicit_rule,page-sweep,core,,,
money_gp,Assassination Fee,FEEDS_INTO,xp_assassination,Assassination Experience,fee itself yields experience,,neutral,derived,DMG,20,ASSASSINATION EXPERIENCE POINTS,explicit_rule,page-sweep,core,,,
rule_dm_discretion,DM Discretion,GATES,sys_alignment,Alignment,DM defines the boundaries of the axes,,enables,derived,DMG,24,ALIGNMENT,explicit_rule,page-sweep,core,,,
sys_alignment,Lawful Society,FEEDS_INTO,campaign_social_class,Social Class and Rank,rank strictly defined and adhered to,,neutral,derived,DMG,24,ALIGNMENT,explicit_rule,page-sweep,core,,,
sys_alignment,Chaotic Society,CONSTRAINS,campaign_social_class,Social Class and Rank,few social distinctions,,neutral,unset,DMG,24,ALIGNMENT,explicit_rule,page-sweep,core,,,
sys_alignment,Chaotic Society,CONSTRAINS,hench_loyalty,Obedience and Service,given only willingly or by persuasion,,neutral,unset,DMG,24,ALIGNMENT,explicit_rule,page-sweep,core,,,
sys_alignment,Lawful Society,FEEDS_INTO,campaign_taxation,Bureaucracy,highly policed and bureaucratic,,neutral,derived,DMG,24,ALIGNMENT,explicit_rule,page-sweep,core,,,
sys_alignment,Alignment,FEEDS_INTO,rule_planar_travel,Outer Planes,planes correspond to alignments,,neutral,derived,DMG,24,ALIGNMENT,explicit_rule,page-sweep,core,,,
rule_planar_travel,Inner and Material Planes,EXCLUDED_FROM,sys_alignment,Alignment,no set alignment,,negates,derived,DMG,24,ALIGNMENT,explicit_rule,page-sweep,core,,,
rule_planar_travel,Outer Planes,FEEDS_INTO,monster_demon_devil,Plane Inhabitants,creatures of like alignment,,neutral,derived,DMG,24,ALIGNMENT,explicit_rule,page-sweep,core,,,
rule_alignment_graph,Alignment Graph,FEEDS_INTO,rule_planar_travel,Outer Planes,the graph maps onto the planes,,neutral,derived,DMG,24,ALIGNMENT,explicit_rule,page-sweep,core,,,
tbl_gem_value,Base Value of Gems,TRIGGERS,rule_gem_variation,Increase or Decrease of Worth,rolled per stone,,governs,heuristic,DMG,26,MONEY (GEMS & JEWELRY),explicit_rule,page-sweep,core,,,
rule_gem_variation,Increase or Decrease of Worth,TRIGGERS,rule_gem_variation,Increase or Decrease of Worth,extreme results reroll,,neutral,unset,DMG,26,MONEY (GEMS & JEWELRY),explicit_rule,page-sweep,core,,,
rule_gem_variation,Increase or Decrease of Worth,CONSTRAINS,tbl_gem_value,Gem Value,capped steps up or down from base,,neutral,unset,DMG,26,MONEY (GEMS & JEWELRY),explicit_rule,page-sweep,core,,,
rule_gem_properties,Gem Appearance,FEEDS_INTO,tbl_gem_value,Gem Value,transparency and colour by class,,neutral,derived,DMG,26,KEY TO GEM PROPERTIES,explicit_rule,page-sweep,core,,,
race_dwarf,Dwarf,MODIFIES,rule_gem_properties,Opaque Stones,racial preference,,neutral,unset,DMG,26,KEY TO GEM PROPERTIES,inferred_rule,page-sweep,core,,,
rule_gem_properties,Gem Magical Properties,EXCLUDES,item_magic_item,Magic,possession conveys no benefit,,negates,derived,DMG,27,NOTE REGARDING THE MAGICAL PROPERTIES,explicit_rule,page-sweep,core,,,
rule_gem_properties,Gem and Herb Properties,FEEDS_INTO,item_brew_potion,Potion Formulae,DM use in devising formulae,,neutral,derived,DMG,27,NOTE REGARDING THE MAGICAL PROPERTIES,explicit_rule,page-sweep,core,,,
rule_gem_properties,Gem and Herb Properties,FEEDS_INTO,item_nonstandard,Magic Item Description,flavour for items and laboratories,,neutral,derived,DMG,27,NOTE REGARDING THE MAGICAL PROPERTIES,explicit_rule,page-sweep,core,,,
rule_rare_commodities,Rare Commodities,FEEDS_INTO,sys_treasure,Treasure,furs silk spices and unguents,,neutral,derived,DMG,27,VALUES OF OTHER RARE COMMODITIES,explicit_rule,page-sweep,core,,,
rule_rare_commodities,Furs,TRIGGERS,rule_gem_variation,Value Variation,pelt value rolled and adjusted,,neutral,unset,DMG,27,VALUES OF OTHER RARE COMMODITIES,explicit_rule,page-sweep,core,,,
rule_rare_commodities,Furs,MODIFIES,money_gp,Money,worked garments worth far more than pelts,,neutral,unset,DMG,27,VALUES OF OTHER RARE COMMODITIES,explicit_rule,page-sweep,core,,,
rule_rare_commodities,Rare Commodities,FEEDS_INTO,xp_treasure,Experience for Treasure,gold piece value,,neutral,derived,DMG,27,VALUES OF OTHER RARE COMMODITIES,inferred_rule,page-sweep,core,,,
sys_armor,Armor Encumbrance,DERIVED_FROM,rule_weight_distribution,Weight Distribution,not weight alone,,neutral,derived,DMG,27,ARMOR ARMOR CLASS & WEAPONS,explicit_rule,page-sweep,core,,,
sys_armor,Armor Encumbrance,DERIVED_FROM,rule_mobility,Mobility,relative freedom of the wearer,,neutral,derived,DMG,27,ARMOR ARMOR CLASS & WEAPONS,explicit_rule,page-sweep,core,,,
sys_armor,Armor Type,MODIFIES,ex_movement_rate,Base Movement,each armor sets a base speed,,neutral,unset,DMG,27,TYPES OF ARMOR & ENCUMBRANCE,explicit_rule,page-sweep,core,,,
tbl_height_weight,Wearer Size,MODIFIES,sys_armor,Armor Weight,weights assume human size,,governs,heuristic,DMG,27,TYPES OF ARMOR & ENCUMBRANCE,explicit_rule,page-sweep,core,,,
race_elf,Elven Chain,OVERRIDES,sys_armor,Armor,lighter and stronger than normal chain,,neutral,derived,DMG,27,TYPES OF ARMOR & ENCUMBRANCE,explicit_rule,page-sweep,core,explicit_replacement,,
race_elf,Elves,CONSTRAINS,sys_armor,Elven Chain,obtainable only from elves who do not sell it,,neutral,unset,DMG,27,TYPES OF ARMOR & ENCUMBRANCE,explicit_rule,page-sweep,core,,,
rule_shield,Shield,EXCLUDED_FROM,ex_movement_rate,Base Movement,shields set no movement rate,,negates,derived,DMG,27,TYPES OF ARMOR & ENCUMBRANCE,explicit_rule,page-sweep,core,,,
rule_helmet,Helmet,MODIFIES,cbt_armor_class,Armor Class,head protected to match the suit,,neutral,unset,DMG,28,ARMOR ARMOR CLASS & WEAPONS,explicit_rule,page-sweep,core,,,
rule_helmet,Great Helm,FEEDS_INTO,enc_encumbrance,Encumbrance,adds weight,,neutral,derived,DMG,28,ARMOR ARMOR CLASS & WEAPONS,explicit_rule,page-sweep,core,,,
rule_helmet,Great Helm,CONSTRAINS,ex_light_vision,Vision,restricted to a narrow frontal arc,,neutral,unset,DMG,28,ARMOR ARMOR CLASS & WEAPONS,explicit_rule,page-sweep,core,,,
rule_helmet,No Helmet,MODIFIES,cbt_tohit,To-Hit Roll,proportion of blows strike the unarmored head,,neutral,unset,DMG,28,ARMOR ARMOR CLASS & WEAPONS,explicit_rule,page-sweep,core,,,
monster_intelligence,Intelligent Opponent,MODIFIES,rule_helmet,Head Blows,aims at the head far more often,,neutral,unset,DMG,28,ARMOR ARMOR CLASS & WEAPONS,explicit_rule,page-sweep,core,,,
item_magic_armor,Magic Armor,MODIFIES,ex_movement_rate,Base Movement,moves at the next higher rate,,neutral,unset,DMG,28,ARMOR ARMOR CLASS & WEAPONS,explicit_rule,page-sweep,core,,,
item_magic_armor,Magic Armor,MODIFIES,enc_encumbrance,Encumbrance,weight halved,,neutral,unset,DMG,28,ARMOR ARMOR CLASS & WEAPONS,explicit_rule,page-sweep,core,,,
item_magic_armor,Magic Armor,EXCLUDES,sys_armor,Elven Chain,no magical elven chain exists,,negates,derived,DMG,28,ARMOR ARMOR CLASS & WEAPONS,explicit_rule,page-sweep,core,,,
rule_shield,Shield,ALTERNATIVE_TO,cbt_pummel_grapple,Offensive Use,may strike or push an opponent,,neutral,derived,DMG,28,ARMOR ARMOR CLASS & WEAPONS,explicit_rule,page-sweep,core,,,
rule_shield,Shield,CONSTRAINS,cbt_armor_class,Armor Class,covers only the front and shield side,,neutral,unset,DMG,28,ARMOR ARMOR CLASS & WEAPONS,explicit_rule,page-sweep,core,,,
cbt_rear_attack,Attacks from Flank or Rear,EXCLUDES,rule_shield,Shield,benefit negated,,negates,derived,DMG,28,ARMOR ARMOR CLASS & WEAPONS,explicit_rule,page-sweep,core,,,
rule_shield,Large Shield,MODIFIES,cbt_missile,Small Missiles,optional extra bonus,DM option,neutral,unset,DMG,28,ARMOR ARMOR CLASS & WEAPONS,explicit_rule,page-sweep,optional,,,
rule_shield,Large Shield,FEEDS_INTO,enc_encumbrance,Encumbrance,cumbersome and fatiguing,,neutral,derived,DMG,28,ARMOR ARMOR CLASS & WEAPONS,explicit_rule,page-sweep,core,,,
cbt_rear_attack,Rear or Flank Attack,EXCLUDES,abil_dex_defensive_adjustment,Dexterity Defensive Adjustment,no bonus when unable to see the attack,,negates,derived,DMG,28,DEXTERITY ARMOR CLASS BONUS,explicit_rule,page-sweep,core,,,
cbt_missile,Large Missiles,EXCLUDES,abil_dex_defensive_adjustment,Dexterity Defensive Adjustment,giant or engine hurled missiles negate dexterity,,negates,derived,DMG,28,DEXTERITY ARMOR CLASS BONUS,explicit_rule,page-sweep,core,,,
rule_magical_attack,Magical Attack,EXCLUDES,abil_dex_defensive_adjustment,Dexterity Defensive Adjustment,spell device breath or gaze,,negates,derived,DMG,28,DEXTERITY ARMOR CLASS BONUS,explicit_rule,page-sweep,core,,,
abil_dex_defensive_adjustment,Dexterity Defensive Adjustment,MODIFIES,save_matrix,Saving Throw,does apply to saves against those same attacks,,improves,heuristic,DMG,28,DEXTERITY ARMOR CLASS BONUS,explicit_rule,page-sweep,core,,,
rule_dm_discretion,DM Discretion,GATES,wpn_type_vs_ac,Weapon Type Adjustments,optional subsystem,,enables,derived,DMG,28,WEAPON TYPES TO HIT ADJUSTMENT NOTE,explicit_rule,page-sweep,optional,,,
hench_ship_crew,Crew Size,CONSTRAINS,hench_ship_master,Officers,fixed ratio of lieutenants and mates,,neutral,unset,DMG,34,HIRELINGS (EXPERT HIRELINGS),explicit_rule,page-sweep,core,,,
hench_ship_master,Ship Officers,GATES,rule_waterborne_travel,Sailing a Vessel,progressively hazardous without them,,enables,derived,DMG,34,HIRELINGS (EXPERT HIRELINGS),explicit_rule,page-sweep,core,,,
rule_vessel,Vessel and Waters,GATES,hench_ship_master,Ship Master,proper type required for the waters,,enables,derived,DMG,34,HIRELINGS (EXPERT HIRELINGS),explicit_rule,page-sweep,core,,,
exp_level,Experience Level,MODIFIES,hench_ship_master,Ship Master,cost scales per level,,neutral,unset,DMG,34,HIRELINGS (EXPERT HIRELINGS),explicit_rule,page-sweep,core,,,
hench_ship_master,Ship Officers,CONSUMES,sys_treasure,Prize and Treasure,fixed shares of anything taken,,neutral,derived,DMG,34,HIRELINGS (EXPERT HIRELINGS),explicit_rule,page-sweep,core,,,
hench_ship_crew,Crew,CONSUMES,sys_treasure,Prize and Treasure,shares a portion between them,,neutral,derived,DMG,34,HIRELINGS (EXPERT HIRELINGS),explicit_rule,page-sweep,core,,,
class_assassin,Assassin,GATES,rule_spying,Spying,profession typically reserved to assassins,,enables,derived,DMG,34,HIRELINGS (EXPERT HIRELINGS),explicit_rule,page-sweep,core,,,
rule_dm_discretion,DM Discretion,GATES,rule_spying,Non-Assassin Spy,other classes may spy at DM option,,enables,derived,DMG,34,HIRELINGS (EXPERT HIRELINGS),explicit_rule,page-sweep,core,,,
rule_negotiation,Recruitment of a Spy,GATES,rule_spying,Spying,prospect must be found and persuaded,,enables,derived,DMG,34,HIRELINGS (EXPERT HIRELINGS),explicit_rule,page-sweep,core,,,
money_gp,Money,MODIFIES,rule_spying,Spy Recruitment,acceptance depends on the offer,,neutral,unset,DMG,34,HIRELINGS (EXPERT HIRELINGS),explicit_rule,page-sweep,core,,,
campaign_social_class,Station of the Prospect,MODIFIES,rule_spying,Spy Recruitment,high station lowers acceptance,,neutral,unset,DMG,34,HIRELINGS (EXPERT HIRELINGS),explicit_rule,page-sweep,core,,,
rule_terrain,Distance to Target,MODIFIES,rule_spying,Spy Recruitment,distant assignments lower acceptance,,neutral,unset,DMG,34,HIRELINGS (EXPERT HIRELINGS),explicit_rule,page-sweep,core,,,
item_magic_item,Magic Land or Position,ALTERNATIVE_TO,money_gp,Payment,exceptional inducements for a spy,,neutral,derived,DMG,34,HIRELINGS (EXPERT HIRELINGS),explicit_rule,page-sweep,core,,,
rule_spying,Spy Payment,CONSTRAINS,money_gp,Money,always paid in installments,,neutral,unset,DMG,34,HIRELINGS (EXPERT HIRELINGS),explicit_rule,page-sweep,core,,,
rule_spying,Non-Assassin Spy,DERIVED_FROM,tbl_assassin_spying,Assassin Spying Table,treated as a rising assassin level,,neutral,derived,DMG,34,HIRELINGS (EXPERT HIRELINGS),explicit_rule,page-sweep,core,,,
rule_spying,Non-Assassin Spy,CONSTRAINS,tbl_assassin_spying,Assassin Spying Table,capped at a maximum effective level,,neutral,unset,DMG,34,HIRELINGS (EXPERT HIRELINGS),explicit_rule,page-sweep,core,,,
hench_weaponer,Weapon Maker,GATES,sys_equipment,Weapons,fashions arms by specialty,,enables,derived,DMG,34,HIRELINGS (EXPERT HIRELINGS),explicit_rule,page-sweep,core,,,
hench_weaponer,Weapon Maker,CONSUMES,money_gp,Money,forge and workroom required,,neutral,derived,DMG,34,HIRELINGS (EXPERT HIRELINGS),explicit_rule,page-sweep,core,,,
class_followers,Troops,CONSTRAINS,hench_weaponer,Weapon Maker,one required per eighty men,,neutral,unset,DMG,34,HIRELINGS (EXPERT HIRELINGS),explicit_rule,page-sweep,core,,,
hench_weaponer,Weapon Maker,CONSUMES,rule_time,Time,start-up period before production,,neutral,derived,DMG,34,HIRELINGS (EXPERT HIRELINGS),explicit_rule,page-sweep,core,,,
sys_equipment,Composite and Long Bows,CONSTRAINS,hench_weaponer,Weapon Maker,far longer start-up than other weapons,,neutral,unset,DMG,34,HIRELINGS (EXPERT HIRELINGS),explicit_rule,page-sweep,core,,,
race_any,Race,MODIFIES,hench_henchmen,Prospective Henchmen,incidence differs by race,,neutral,unset,DMG,35,HENCHMEN,explicit_rule,page-sweep,core,,,
campaign_peasants,Population Base,FEEDS_INTO,hench_henchmen,Prospective Henchmen,ratio of the population is eligible,,neutral,derived,DMG,35,HENCHMEN,explicit_rule,page-sweep,core,,,
campaign_settlement,Locale,MODIFIES,hench_henchmen,Prospective Henchmen,active adventuring areas yield far more,,neutral,unset,DMG,35,HENCHMEN,explicit_rule,page-sweep,core,,,
rule_recruitment_method,Recruitment Method,GATES,hench_henchmen,Henchmen,notices criers agents or taverns,,enables,derived,DMG,35,HENCHMEN,explicit_rule,page-sweep,core,,,
rule_recruitment_method,Recruitment Method,CONSUMES,money_gp,Money,each method has a cost,,neutral,derived,DMG,35,HENCHMEN,explicit_rule,page-sweep,core,,,
rule_recruitment_method,Recruitment Method,CONSTRAINS,rule_time,Time,each usable once per month,,neutral,unset,DMG,35,HENCHMEN,explicit_rule,page-sweep,core,,,
rule_recruitment_method,Combined Methods,MODIFIES,rule_recruitment_method,Effectiveness,duplication of effort reduces each,,neutral,unset,DMG,35,HENCHMEN,explicit_rule,page-sweep,core,,,
money_gp,Tavern Spending,MODIFIES,rule_recruitment_method,Frequenting Inns,chance scales with money spent to a cap,,neutral,unset,DMG,35,HENCHMEN,explicit_rule,page-sweep,core,,,
rule_recruitment_method,Racial Specification,CONSTRAINS,hench_henchmen,Henchmen,notices may include or exclude races,,neutral,unset,DMG,35,HENCHMEN,explicit_rule,page-sweep,core,,,
race_dwarf,Dwarven Armorer,MODIFIES,hench_armorer,Armorer,far more efficient,,neutral,unset,DMG,30,HIRELINGS (EXPERT HIRELINGS),explicit_rule,page-sweep,core,,,
race_dwarf,Dwarven Armorer,CONSUMES,money_gp,Money,several times human cost,,neutral,derived,DMG,30,HIRELINGS (EXPERT HIRELINGS),explicit_rule,page-sweep,core,,,
race_dwarf,Dwarven Armorer,CONSTRAINS,rule_time,Service Length,will not serve beyond a year,,neutral,unset,DMG,30,HIRELINGS (EXPERT HIRELINGS),explicit_rule,page-sweep,core,,,
race_dwarf,Dwarven Armorer,MODIFIES,tbl_armorer_skill,Armorer Skill Level,adds to the skill roll,,neutral,unset,DMG,30,HIRELINGS (EXPERT HIRELINGS),explicit_rule,page-sweep,core,,,
race_gnome,Gnomish Armorer,MODIFIES,hench_armorer,Armorer,more efficient than human,,neutral,unset,DMG,30,HIRELINGS (EXPERT HIRELINGS),explicit_rule,page-sweep,core,,,
race_gnome,Gnomish Armorer,MODIFIES,tbl_armorer_skill,Armorer Skill Level,adds to the skill roll,,neutral,unset,DMG,30,HIRELINGS (EXPERT HIRELINGS),explicit_rule,page-sweep,core,,,
race_elf,Elvish Armorer,MODIFIES,rule_time,Construction Time,works in half the time,,neutral,unset,DMG,30,HIRELINGS (EXPERT HIRELINGS),explicit_rule,page-sweep,core,,,
race_elf,Elvish Armorer,CONSUMES,money_gp,Money,many times human cost,,neutral,derived,DMG,30,HIRELINGS (EXPERT HIRELINGS),explicit_rule,page-sweep,core,,,
rule_stronghold,Stronghold,GATES,hench_blacksmith,Blacksmith,one required in any stronghold,,enables,derived,DMG,30,HIRELINGS (EXPERT HIRELINGS),explicit_rule,page-sweep,core,,,
class_followers,Troops and Horses,CONSTRAINS,hench_blacksmith,Blacksmith,ratio of smiths to men or mounts,,neutral,unset,DMG,30,HIRELINGS (EXPERT HIRELINGS),explicit_rule,page-sweep,core,,,
hench_blacksmith,Blacksmith,GATES,sys_equipment,Weaponry,limited monthly output of arms,,enables,derived,DMG,30,HIRELINGS (EXPERT HIRELINGS),explicit_rule,page-sweep,core,,,
hench_blacksmith,Blacksmith,CONSUMES,money_gp,Money,workroom with bellows and forge,,neutral,derived,DMG,30,HIRELINGS (EXPERT HIRELINGS),explicit_rule,page-sweep,core,,,
race_dwarf,Dwarven Smith,MODIFIES,hench_blacksmith,Blacksmith,far more efficient at far greater cost,,neutral,unset,DMG,30,HIRELINGS (EXPERT HIRELINGS),explicit_rule,page-sweep,core,,,
race_gnome,Gnomish Smith,MODIFIES,hench_blacksmith,Blacksmith,more efficient at greater cost,,neutral,unset,DMG,30,HIRELINGS (EXPERT HIRELINGS),explicit_rule,page-sweep,core,,,
hench_engineer,Engineer-Architect,CONSUMES,money_gp,Money,fee is a share of total construction cost,,neutral,derived,DMG,30,HIRELINGS (EXPERT HIRELINGS),explicit_rule,page-sweep,core,,,
hench_engineer,Engineer-Architect,CONSTRAINS,money_gp,Money,paid in whole months regardless of work done,,neutral,unset,DMG,30,HIRELINGS (EXPERT HIRELINGS),explicit_rule,page-sweep,core,,,
hench_engineer,Engineer-Architect,GATES,rule_building_site,Building Site,site must be selected or approved,,enables,derived,DMG,30,HIRELINGS (EXPERT HIRELINGS),explicit_rule,page-sweep,core,,,
rule_building_site,Unapproved Building Site,TRIGGERS,rule_structure_collapse,Structural Collapse,high chance of collapse within months,,neutral,unset,DMG,30,HIRELINGS (EXPERT HIRELINGS),explicit_rule,page-sweep,core,,,
rule_structure_collapse,Structural Collapse,MODIFIES,rule_stronghold,Stronghold,the holding is destroyed,,neutral,unset,DMG,30,HIRELINGS (EXPERT HIRELINGS),inferred_rule,page-sweep,core,,,
rule_time,Short Term Employment,MODIFIES,hench_engineer,Engineer-Artillerist,rates rise sharply for brief contracts,,neutral,unset,DMG,30,HIRELINGS (EXPERT HIRELINGS),explicit_rule,page-sweep,core,,,
hench_engineer,Engineer-Sapper/Miner,GATES,rule_siege,Siege Operations,mining counter-mining and earthworks,,enables,derived,DMG,30,HIRELINGS (EXPERT HIRELINGS),explicit_rule,page-sweep,core,,,
race_dwarf,Dwarven Miner,MODIFIES,hench_engineer,Engineer-Miner,adds to human miner efficiency,,neutral,unset,DMG,30,HIRELINGS (EXPERT HIRELINGS),explicit_rule,page-sweep,core,,,
race_dwarf,Dwarven Miner,CONSTRAINS,hench_engineer,Engineer-Miner,will work only under a dwarven engineer,,neutral,unset,DMG,30,HIRELINGS (EXPERT HIRELINGS),explicit_rule,page-sweep,core,,,
hench_jeweler,Jeweler-Gemcutter,GATES,rule_item_appraisal,Appraisal,rapid accurate valuation of gems and metals,,enables,derived,DMG,30,HIRELINGS (EXPERT HIRELINGS),explicit_rule,page-sweep,core,,,
rule_dm_discretion,DM Discretion,CONSTRAINS,rule_item_appraisal,Appraisal,unknown materials cannot be appraised,,neutral,unset,DMG,30,HIRELINGS (EXPERT HIRELINGS),explicit_rule,page-sweep,core,,,
hench_jeweler,Jeweler-Gemcutter,CONSUMES,rule_time,Time,work scales from a week to a year by piece,,neutral,derived,DMG,30,HIRELINGS (EXPERT HIRELINGS),explicit_rule,page-sweep,core,,,
hench_jeweler,Jeweler-Gemcutter,MODIFIES,campaign_social_class,Splendor,display adds to standing,,neutral,unset,DMG,30,HIRELINGS (EXPERT HIRELINGS),explicit_rule,page-sweep,core,,,
hench_henchmen,Henchmen,EXCLUDED_FROM,sys_equipment,Equipment,arrive with nothing of value,,negates,derived,DMG,36,HENCHMEN,explicit_rule,page-sweep,core,,,
hench_henchmen,Henchmen,CONSUMES,money_gp,Money,liege must equip them entirely,,neutral,derived,DMG,36,HENCHMEN,inferred_rule,page-sweep,core,,,
exp_level,Level Differential,GATES,hench_exceptional,Exceptional Henchmen,what status the NPC will accept,,enables,derived,DMG,36,HENCHMEN,explicit_rule,page-sweep,core,,,
hench_exceptional,Exceptional Henchmen,CONSTRAINS,hench_henchmen,Henchman Status,high level NPCs accept only associate status,,neutral,unset,DMG,36,HENCHMEN,explicit_rule,page-sweep,core,,,
hench_exceptional,Exceptional Henchmen,OVERRIDES,sys_equipment,Equipment,may arrive with considerable goods,,neutral,derived,DMG,36,HENCHMEN,explicit_rule,page-sweep,core,explicit_replacement,,
rule_coercion,Forced Offer,MODIFIES,hench_loyalty,Loyalty,loyalty of a slave,,neutral,unset,DMG,36,HENCHMEN,explicit_rule,page-sweep,core,,,
rule_loyalty_check,Loyalty Check,TRIGGERS,hench_betrayal,Theft,steals goods when opportunity arises,,neutral,unset,DMG,36,"LOYALTY OF HENCHMEN & HIRELINGS, OBEDIENCE AND MORALE",explicit_rule,page-sweep,core,,,
rule_loyalty_check,Loyalty Check,TRIGGERS,rule_surrender,Surrender,when offered terms or surrounded,,neutral,unset,DMG,36,"LOYALTY OF HENCHMEN & HIRELINGS, OBEDIENCE AND MORALE",explicit_rule,page-sweep,core,,,
item_magic_item,Own Magic Item,TRIGGERS,rule_loyalty_check,Loyalty Check,ordered to expend it,,neutral,unset,DMG,36,"LOYALTY OF HENCHMEN & HIRELINGS, OBEDIENCE AND MORALE",explicit_rule,page-sweep,core,,,
hench_loyalty,Adjusted Loyalty Score,GATES,hench_betrayal,Betrayal,lowest band will kill or capture the liege,,enables,derived,DMG,36,LOYALTY OF HENCHMEN AND ALLIED CREATURES,explicit_rule,page-sweep,core,,,
hench_loyalty,Adjusted Loyalty Score,FEEDS_INTO,rule_loyalty_check,Loyalty Check,banded outcomes from none to fanatic,,neutral,derived,DMG,36,LOYALTY OF HENCHMEN AND ALLIED CREATURES,explicit_rule,page-sweep,core,,,
tbl_racial_preferences,Racial Preference,MODIFIES,hench_loyalty,Loyalty,toward liege and toward the group,,governs,heuristic,DMG,37,LOYALTY OF HENCHMEN AND ALLIED CREATURES,explicit_rule,page-sweep,core,,,
tbl_racial_preferences,Racial Preference,CONSTRAINS,hench_loyalty,Loyalty,only the most liked and most disliked count,,governs,heuristic,DMG,37,LOYALTY OF HENCHMEN AND ALLIED CREATURES,explicit_rule,page-sweep,core,,,
sys_alignment,Alignment Distance,MODIFIES,hench_loyalty,Loyalty,penalty grows with places removed,,neutral,unset,DMG,37,LOYALTY OF HENCHMEN AND ALLIED CREATURES,explicit_rule,page-sweep,core,,,
rule_torture,Torturing a Henchman,MODIFIES,hench_loyalty,Loyalty,severe penalty if witnessed,,neutral,unset,DMG,37,LOYALTY OF HENCHMEN AND ALLIED CREATURES,explicit_rule,page-sweep,core,,,
rule_reputation,Reputation,MODIFIES,hench_loyalty,Loyalty,rumour alone carries a penalty,,neutral,unset,DMG,37,LOYALTY OF HENCHMEN AND ALLIED CREATURES,explicit_rule,page-sweep,core,,,
money_gp,Gift or Bonus,MODIFIES,hench_loyalty,Loyalty,recent generosity,within a few months,neutral,unset,DMG,37,LOYALTY OF HENCHMEN AND ALLIED CREATURES,explicit_rule,page-sweep,core,,,
item_magic_item,Expending Own Magic for a Henchman,MODIFIES,hench_loyalty,Loyalty,large bonus,,neutral,unset,DMG,37,LOYALTY OF HENCHMEN AND ALLIED CREATURES,explicit_rule,page-sweep,core,,,
spell_raise_dead,Raising a Henchman,MODIFIES,hench_loyalty,Loyalty,largest single bonus in the table,,neutral,unset,DMG,37,LOYALTY OF HENCHMEN AND ALLIED CREATURES,explicit_rule,page-sweep,core,,,
hench_loyalty,Loyalty Modifiers,CONSTRAINS,hench_loyalty,Loyalty,only one penalty and one bonus apply,,neutral,unset,DMG,37,LOYALTY OF HENCHMEN AND ALLIED CREATURES,explicit_rule,page-sweep,core,,,
rule_liege_status,Liege Dead or Outnumbered,MODIFIES,hench_loyalty,Loyalty,severe situational penalty,,neutral,unset,DMG,37,LOYALTY OF HENCHMEN AND ALLIED CREATURES,explicit_rule,page-sweep,core,,,
hench_henchmen,Henchmen Present,MODIFIES,hench_loyalty,Loyalty,each visible ally adds,,neutral,unset,DMG,37,LOYALTY OF HENCHMEN AND ALLIED CREATURES,explicit_rule,page-sweep,core,,,
monster_hd,Hit Dice on the Field,MODIFIES,hench_loyalty,Loyalty,friendly and enemy strength both counted,,neutral,unset,DMG,37,LOYALTY OF HENCHMEN AND ALLIED CREATURES,explicit_rule,page-sweep,core,,,
hench_loyalty,Loyalty,CROSS_REFERENCES,cbt_morale,Morale,used together with combat morale,,neutral,derived,DMG,37,LOYALTY OF HENCHMEN AND ALLIED CREATURES,explicit_rule,page-sweep,core,,,
sys_alignment,Unfaithful Cleric,TRIGGERS,rule_deity,Deity Displeasure,transgressions enumerated,seeking high level spells,neutral,unset,DMG,39,ACQUISITION OF CLERIC SPELLS,explicit_rule,page-sweep,core,,,
rule_deity,Deity,CONSTRAINS,rule_cleric_spells,Cleric Spells,grants only what the penance requires,,neutral,unset,DMG,39,ACQUISITION OF CLERIC SPELLS,explicit_rule,page-sweep,core,,,
rule_deity,Anathema,EXCLUDES,rule_cleric_spells,Cleric Spells,no help until favour is regained,,negates,derived,DMG,39,ACQUISITION OF CLERIC SPELLS,explicit_rule,page-sweep,core,,,
rule_atonement,Prescribed Course,GATES,rule_deity,Deity Favour,redemption path set by the deity,,enables,derived,DMG,39,ACQUISITION OF CLERIC SPELLS,explicit_rule,page-sweep,core,,,
rule_deity_change,Changing Deities,TRIGGERS,rule_deity,Former Deity,the cleric is marked,,neutral,unset,DMG,39,ACQUISITION OF CLERIC SPELLS,explicit_rule,page-sweep,core,,,
rule_deity_change,Changing Deities,MODIFIES,cbt_encounter_reactions,New Deity Suspicion,minions are wary,,neutral,unset,DMG,39,ACQUISITION OF CLERIC SPELLS,explicit_rule,page-sweep,core,,,
rule_deity_change,Changing Deities,TRIGGERS,death_character,Divine Destruction,unfaithfulness after a change is fatal,,neutral,unset,DMG,39,ACQUISITION OF CLERIC SPELLS,explicit_rule,page-sweep,core,,,
align_change,Changing Alignment,TRIGGERS,rule_deity_change,Changing Deities,alignment shift forces a deity change,,neutral,unset,DMG,39,ACQUISITION OF CLERIC SPELLS,explicit_rule,page-sweep,core,,,
rule_involuntary_change,Involuntary Alignment Change,OVERRIDES,rule_deity_change,Changing Deities,does not count against the cleric,,neutral,derived,DMG,39,ACQUISITION OF CLERIC SPELLS,explicit_rule,page-sweep,core,explicit_replacement,,
rule_deity_change,Deity Rules,FEEDS_INTO,class_paladin,Paladin,applies to paladin clerical powers,,neutral,derived,DMG,39,ACQUISITION OF CLERIC SPELLS,explicit_rule,page-sweep,core,,,
rule_deity_change,Deity Rules,FEEDS_INTO,class_ranger,Ranger,applies to ranger druidic powers,,neutral,derived,DMG,39,ACQUISITION OF CLERIC SPELLS,explicit_rule,page-sweep,core,,,
rule_apprenticeship,Apprenticeship,GATES,rule_spell_book,First Spell Book,master bestows the starting spells,,enables,derived,DMG,39,ACQUISITION OF MAGIC-USER SPELLS,explicit_rule,page-sweep,core,,,
exp_level,Master's Level,GATES,rule_apprenticeship,Apprenticeship,master must be of high level,,enables,derived,DMG,39,ACQUISITION OF MAGIC-USER SPELLS,explicit_rule,page-sweep,core,,,
abil_intelligence,Intelligence,CONSTRAINS,rule_spell_book,Spell Book,how many spells may be known,,neutral,unset,DMG,39,ACQUISITION OF MAGIC-USER SPELLS,explicit_rule,page-sweep,core,,,
rule_spell_book,Spell Book,GATES,rule_magic_user_spells,Magic-User Spells,knowledge is never automatic,,enables,derived,DMG,39,ACQUISITION OF MAGIC-USER SPELLS,explicit_rule,page-sweep,core,,,
sys_treasure,Found Scroll,FEEDS_INTO,rule_chance_know_spell,Chance to Know Spell,new spells must be found in the world,,neutral,derived,DMG,39,ACQUISITION OF MAGIC-USER SPELLS,explicit_rule,page-sweep,core,,,
rule_spell_book,Recording a Spell,CONSUMES,item_scroll,Scroll,the scroll portion is destroyed,,neutral,derived,DMG,39,ACQUISITION OF MAGIC-USER SPELLS,explicit_rule,page-sweep,core,,,
spell_read_magic,Read Magic,GATES,rule_apprenticeship,Apprenticeship,an absolute requirement of the profession,,enables,derived,DMG,39,ACQUISITION OF MAGIC-USER SPELLS,explicit_rule,page-sweep,core,,,
rule_spell_level,Highest Spell Level,MODIFIES,rule_rest,Rest Time,the highest spell sets the whole rest period,,neutral,unset,DMG,40,RECOVERY OF SPELLS,explicit_rule,page-sweep,core,,,
rule_spell_level,Spell Level,CONSUMES,rule_time,Study Time,quarter hour per spell level to memorize,,neutral,derived,DMG,40,RECOVERY OF SPELLS,explicit_rule,page-sweep,core,,,
rule_spell_casting,Spell Casting,DERIVED_FROM,rule_planar_travel,Positive and Negative Material Planes,energy is drawn from other planes,,neutral,derived,DMG,40,SPELL CASTING,explicit_rule,page-sweep,core,,,
spell_component_verbal,Verbal Component,TRIGGERS,rule_spell_casting,Energy Release,the utterance looses the charge,,neutral,unset,DMG,40,SPELL CASTING,explicit_rule,page-sweep,core,,,
rule_spell_casting,Energy Release,CONSUMES,item_scroll,Scroll Writing,the writing disappears,,neutral,derived,DMG,40,SPELL CASTING,explicit_rule,page-sweep,core,,,
spell_component_somatic,Somatic Component,MODIFIES,rule_spell_casting,Spell Effect,controls direction target and area,,neutral,unset,DMG,40,SPELL CASTING,explicit_rule,page-sweep,core,,,
spell_component_material,Material Component,CONSUMES,rule_spell_casting,Energy Balance,destruction balances the planar flow,,neutral,derived,DMG,40,SPELL CASTING,explicit_rule,page-sweep,core,,,
spell_sleep,Sleep,CONSTRAINS,monster_hd,Hit Dice,affects the lowest hit dice targets first,,neutral,unset,DMG,45,SPELL EXPLANATIONS,explicit_rule,page-sweep,core,,,
spell_write,Write,CONSUMES,rule_special_ink,Magical Ink,a scarce and costly component,,neutral,derived,DMG,45,SPELL EXPLANATIONS,explicit_rule,page-sweep,core,,,
campaign_settlement,Town or City,MODIFIES,rule_special_ink,Magical Ink,availability differs by settlement size,,neutral,unset,DMG,45,SPELL EXPLANATIONS,explicit_rule,page-sweep,core,,,
rule_special_ink,Magical Ink,CONSUMES,money_gp,Money,several hundred gold per flask,,neutral,derived,DMG,45,SPELL EXPLANATIONS,explicit_rule,page-sweep,core,,,
rule_special_ink,Magical Ink,GATES,item_scribe_scroll,Scribing,limited number of spells per flask,,enables,derived,DMG,45,SPELL EXPLANATIONS,explicit_rule,page-sweep,core,,,
rule_dm_discretion,DM Discretion,GATES,rule_special_ink,Magical Ink,formula devised by the referee,,enables,derived,DMG,45,SPELL EXPLANATIONS,explicit_rule,page-sweep,core,,,
spell_protection_from_evil,Protection from Evil,EXCLUDES,cbt_melee,Body Weaponry,affected creatures cannot use natural attacks,,negates,derived,DMG,45,SPELL EXPLANATIONS,explicit_rule,page-sweep,core,,,
spell_rope_trick,Rope Trick,GATES,rule_planar_travel,Extra-Dimensional Space,refuge outside the plane,,enables,derived,DMG,45,SPELL EXPLANATIONS,explicit_rule,page-sweep,core,,,
spell_rope_trick,Rope Trick,CONSTRAINS,ex_light_vision,Vision,those inside see out but not the reverse,,neutral,unset,DMG,45,SPELL EXPLANATIONS,explicit_rule,page-sweep,core,,,
spell_gust_of_wind,Gust of Wind,OVERRIDES,spell_stinking_cloud,Stinking Cloud,blows the cloud away,,neutral,derived,DMG,45,SPELL EXPLANATIONS,explicit_rule,page-sweep,core,explicit_replacement,,
spell_gust_of_wind,Gust of Wind,OVERRIDES,spell_cloudkill,Cloudkill,disperses gas clouds,,neutral,derived,DMG,45,SPELL EXPLANATIONS,explicit_rule,page-sweep,core,explicit_replacement,,
spell_gust_of_wind,Gust of Wind,OVERRIDES,spell_obscurement,Obscurement,disperses the effect,,neutral,derived,DMG,45,SPELL EXPLANATIONS,explicit_rule,page-sweep,core,explicit_replacement,,
rule_wind,Air Movement,MODIFIES,spell_stinking_cloud,Stinking Cloud,drifts and shortens its own duration,,neutral,unset,DMG,45,SPELL EXPLANATIONS,explicit_rule,page-sweep,core,,,
spell_web,Web,CONSTRAINS,rule_terrain,Anchoring Points,collapses without two firm anchors,,neutral,unset,DMG,45,SPELL EXPLANATIONS,explicit_rule,page-sweep,core,,,
spell_wizard_lock,Wizard Lock,EXCLUDES,spell_wizard_lock,The Caster,caster passes his own lock freely,,negates,derived,DMG,45,SPELL EXPLANATIONS,explicit_rule,page-sweep,core,,,
spell_lightning_bolt,Lightning Bolt,TRIGGERS,rule_terrain,Solid Wall,rebounds its full remaining distance,,neutral,unset,DMG,45,SPELL EXPLANATIONS,explicit_rule,page-sweep,core,,,
spell_lightning_bolt,Lightning Bolt,TRIGGERS,rule_item_destruction,Barrier,may shatter through and continue,,neutral,unset,DMG,45,SPELL EXPLANATIONS,explicit_rule,page-sweep,core,,,
spell_monster_summoning,Monster Summoning,FEEDS_INTO,gen_random_encounter,Summoned Monsters Appendix,which creatures arrive,,neutral,derived,DMG,45,SPELL EXPLANATIONS,explicit_rule,page-sweep,core,,,
rule_player_knowledge,Caster Knowledge,CONSTRAINS,spell_phantasmal_force,Phantasmal Force,illusion quality depends on what the caster has seen,,neutral,unset,DMG,45,SPELL EXPLANATIONS,explicit_rule,page-sweep,core,,,
spell_charm_monster,Charm Monster,EXCLUDES,rule_communication,Communication,grants no means of speaking to the charmed,,negates,derived,DMG,45,SPELL EXPLANATIONS,explicit_rule,page-sweep,core,,,
rule_languages,Languages,GATES,spell_charm_monster,Charm Monster,orders require a shared tongue,,enables,derived,DMG,45,SPELL EXPLANATIONS,explicit_rule,page-sweep,core,,,
spell_detect_evil,Detect Evil,CONSTRAINS,sys_alignment,Alignment,detects intensity only not the alignment,,neutral,unset,DMG,45,SPELL EXPLANATIONS,explicit_rule,page-sweep,core,,,
spell_feign_death,Feign Death,MODIFIES,rule_air_supply,Air Consumption,alters the rate,,neutral,unset,DMG,45,SPELL EXPLANATIONS,explicit_rule,page-sweep,core,,,
spell_feign_death,Feign Death,MODIFIES,save_poison,Poisoning,alters the effect,,improves,heuristic,DMG,45,SPELL EXPLANATIONS,explicit_rule,page-sweep,core,,,
spell_dispel_magic,Dispel Magic,MODIFIES,item_magic_item,Magic Items,specific effects on items,,neutral,unset,DMG,45,SPELL EXPLANATIONS,explicit_rule,page-sweep,core,,,
spell_tensers_floating_disc,Tenser's Floating Disc,CONSTRAINS,ex_movement_rate,Movement,the caster cannot ride it,,neutral,unset,DMG,45,SPELL EXPLANATIONS,explicit_rule,page-sweep,core,,,
spell_tensers_floating_disc,Tenser's Floating Disc,FEEDS_INTO,enc_encumbrance,Encumbrance,carries load but follows the caster,,neutral,derived,DMG,45,SPELL EXPLANATIONS,inferred_rule,page-sweep,core,,,
spell_unseen_servant,Unseen Servant,CONSTRAINS,rule_disguise,Disguise,formless and cannot be clothed,,neutral,unset,DMG,45,SPELL EXPLANATIONS,explicit_rule,page-sweep,core,,,
rule_secret_roll,Secret Dice Roll,GATES,thief_skills,Thief Skills,thief never learns the result,,enables,derived,DMG,19,THIEF ABILITIES,explicit_rule,section-sweep,core,,,
rule_awareness,Opponent Awareness,EXCLUDES,thief_backstab,Back Stab,aware opponents negate the attack form,,negates,derived,DMG,19,THIEF ABILITIES,explicit_rule,section-sweep,core,,,
monster_special,Creatures Without a Back,EXCLUDES,thief_backstab,Back Stab,otyughs slimes and molds negate it,,negates,derived,DMG,19,THIEF ABILITIES,explicit_rule,section-sweep,core,,,
thief_pick_pockets,Pick Pockets,OVERRIDES,thief_skills,Thief Skills,failure permits repeated attempts,,neutral,derived,DMG,19,THIEF ABILITIES,explicit_rule,section-sweep,core,explicit_replacement,,
thief_pick_pockets,Pick Pockets,CONSTRAINS,time_segment_round_turn,Melee Round,limited attempts per round,,neutral,unset,DMG,19,THIEF ABILITIES,explicit_rule,section-sweep,core,,,
thief_pick_pockets,Noticed Pickpocketing,TRIGGERS,rule_spy_backtrace,Being Followed,victim may track the thief to his headquarters,,neutral,unset,DMG,19,THIEF ABILITIES,explicit_rule,section-sweep,core,,,
thief_open_locks,Open Locks,CONSUMES,time_segment_round_turn,Rounds,picking takes rounds by lock complexity,,neutral,derived,DMG,19,THIEF ABILITIES,explicit_rule,section-sweep,core,,,
rule_lock_complexity,Lock Complexity,MODIFIES,thief_open_locks,Open Locks,time required to pick,,neutral,unset,DMG,19,THIEF ABILITIES,explicit_rule,section-sweep,core,,,
thief_find_remove_traps,Find/Remove Traps,CONSUMES,time_segment_round_turn,Rounds,each function costs time separately,,neutral,derived,DMG,19,THIEF ABILITIES,explicit_rule,section-sweep,core,,,
thief_find_remove_traps,Find/Remove Traps,EXCLUDED_FROM,rule_magical_trap,Magical Traps,cannot find magical or magically hidden traps,,negates,derived,DMG,19,THIEF ABILITIES,explicit_rule,section-sweep,core,,,
thief_move_silently,Move Silently,CONSTRAINS,ex_movement_rate,Movement Rate,creeps at exploratory speed,,neutral,unset,DMG,19,THIEF ABILITIES,explicit_rule,section-sweep,core,,,
rule_secret_roll,Secret Dice Roll,GATES,thief_move_silently,Move Silently,thief believes he is silent regardless,,enables,derived,DMG,19,THIEF ABILITIES,explicit_rule,section-sweep,core,,,
rule_observer,Direct or Indirect Observation,EXCLUDES,thief_hide_in_shadows,Hide in Shadows,never possible while observed,,negates,derived,DMG,19,THIEF ABILITIES,explicit_rule,section-sweep,core,,,
rule_wall_surface,Wall Surface,FEEDS_INTO,tbl_wall_climbing,Wall Climbing Table,roughness sets the base rate,,neutral,derived,DMG,19,"WALL CLIMBING TABLE, FEET PER ROUND OF CLIMBING",explicit_rule,section-sweep,core,,,
rule_surface_condition,Surface Condition,MODIFIES,tbl_wall_climbing,Wall Climbing Table,slipperiness reduces the rate,,neutral,unset,DMG,19,"WALL CLIMBING TABLE, FEET PER ROUND OF CLIMBING",explicit_rule,section-sweep,core,,,
tbl_wall_climbing,Wall Climbing Table,FEEDS_INTO,thief_climb_walls,Climb Walls,feet per round of climbing,,neutral,derived,DMG,19,"WALL CLIMBING TABLE, FEET PER ROUND OF CLIMBING",explicit_rule,section-sweep,core,,,
tbl_wall_climbing,Wall Climbing Table,CONSTRAINS,thief_climb_walls,Climb Walls,slippery smooth walls cannot be climbed at all,,governs,heuristic,DMG,19,"WALL CLIMBING TABLE, FEET PER ROUND OF CLIMBING",explicit_rule,section-sweep,core,,,
tbl_wall_climbing,Wall Climbing Table,CONSUMES,time_segment_round_turn,Rounds,ascent measured per round,,neutral,derived,DMG,19,"WALL CLIMBING TABLE, FEET PER ROUND OF CLIMBING",explicit_rule,section-sweep,core,,,
tbl_info_discovery,Information Discovery Table,EXCLUDES,rule_question_difficulty,Exacting Out-of-Field,unanswerable outside the sage's fields,,negates,derived,DMG,33,Information Discovery Time And Cost Table:,explicit_rule,section-sweep,core,,,
rule_sage_chance_to_know,Low Roll Within Spread,OVERRIDES,tbl_info_discovery,Cost,materials already on hand,,neutral,derived,DMG,33,Information Discovery Time And Cost Table:,explicit_rule,section-sweep,core,explicit_replacement,,
tbl_sage_fields,Number of Fields,RESOLVED_BY,rule_dice_probability,Dice Roll,minor fields and specialties rolled,,governs,derived,DMG,31,Sage Ability:,explicit_rule,section-sweep,core,,,
tbl_sage_special_categories,Special Categories,DERIVED_FROM,tbl_sage_fields,Major Field,specialties sit inside the major field,,neutral,derived,DMG,31,Sage Ability:,explicit_rule,section-sweep,core,,,
hench_sage,Sage,EXCLUDED_FROM,tbl_sage_special_categories,Other Fields' Specialties,no expertise outside own fields,,negates,derived,DMG,31,Sage Ability:,explicit_rule,section-sweep,core,,,
tbl_gemcutter_skill,Gemcutter Skill Level,RESOLVED_BY,rule_dice_probability,Dice Roll,rolled separately from jeweler skill,,governs,derived,DMG,30,Gemcutter Skill Level*,explicit_rule,section-sweep,core,,,
tbl_gemcutter_skill,Gemcutter Skill Level,MODIFIES,tbl_gem_value,Gem Value,may improve the stone,,governs,heuristic,DMG,30,Gemcutter Skill Level*,explicit_rule,section-sweep,core,,,
tbl_gemcutter_skill,Gemcutter Skill Level,TRIGGERS,rule_item_destruction,Ruined Stone,a bad roll destroys the gem,,governs,heuristic,DMG,30,Gemcutter Skill Level*,explicit_rule,section-sweep,core,,,
tbl_gemcutter_skill,Superb Gemcutter,MODIFIES,tbl_gemcutter_skill,Gemcutter Skill,better odds and a wider improvement band,,governs,heuristic,DMG,30,Gemcutter Skill Level*,explicit_rule,section-sweep,core,,,
rule_secret_roll,Secret Skill Level,GATES,tbl_gemcutter_skill,Gemcutter Skill,players never learn the skill level,,enables,derived,DMG,30,Gemcutter Skill Level*,explicit_rule,section-sweep,core,,,
race_dwarf,Dwarven Jeweler,MODIFIES,hench_jeweler,Jeweler Skill,adds to skill determination,,neutral,unset,DMG,30,Gemcutter Skill Level*,explicit_rule,section-sweep,core,,,
race_gnome,Gnomish Jeweler,MODIFIES,tbl_gemcutter_skill,Gemcutter Skill,large bonus to cutting specifically,,neutral,unset,DMG,30,Gemcutter Skill Level*,explicit_rule,section-sweep,core,,,
race_gnome,Gnomish Jeweler,EXCLUDED_FROM,hench_jeweler,Jeweler Skill,adds nothing to appraisal skill,,negates,derived,DMG,30,Gemcutter Skill Level*,explicit_rule,section-sweep,core,,,
race_any,Demihuman Craftsmen,CONSUMES,money_gp,Money,double the human wage,,neutral,derived,DMG,30,Gemcutter Skill Level*,explicit_rule,section-sweep,core,,,
tbl_mercenary_types,Mercenary Troop Type,FEEDS_INTO,hench_mercenary,Mercenary Soldier,type and number encountered,,neutral,derived,DMG,30,Gemcutter Skill Level*,explicit_rule,section-sweep,core,,,
rule_dm_discretion,DM Discretion,GATES,tbl_mercenary_types,Mercenary Availability,which types can be found,,enables,derived,DMG,30,Gemcutter Skill Level*,explicit_rule,section-sweep,core,,,
tbl_mercenary_types,Mercenary Types,CONSTRAINS,hench_mercenary,Mercenary Soldier,types are seldom mixed,,governs,heuristic,DMG,30,Gemcutter Skill Level*,explicit_rule,section-sweep,core,,,
hench_mercenary,Mercenary Soldier,GATES,hench_serjeant,Serjeant,one leader required per group,,enables,derived,DMG,30,Gemcutter Skill Level*,explicit_rule,section-sweep,core,,,
hench_mercenary,Regular Soldiers,DERIVED_FROM,rule_hit_points,Hit Points,zero level with a narrow hit point band,,neutral,derived,DMG,30,Gemcutter Skill Level*,explicit_rule,section-sweep,core,,,
hench_mercenary,Troop Type,GATES,hench_ship_master,Captains,a captain hired per troop type,,enables,derived,DMG,30,Gemcutter Skill Level*,explicit_rule,section-sweep,core,,,
rule_enlistment_length,Length of Enlistment,MODIFIES,hench_loyalty,Loyalty Base,long association raises loyalty,,neutral,unset,DMG,36,LOYALTY BASE MODIFIERS:,explicit_rule,section-sweep,core,,,
rule_enlistment_length,Length of Enlistment,DERIVED_FROM,rule_time,Game Time,counts time known as well as time served,,neutral,derived,DMG,36,LOYALTY BASE MODIFIERS:,explicit_rule,section-sweep,core,,,
rule_enlistment_type,Type of Association,MODIFIES,hench_loyalty,Loyalty Base,henchman mercenary or slave,,neutral,unset,DMG,36,LOYALTY BASE MODIFIERS:,explicit_rule,section-sweep,core,,,
rule_training_status,Training or Status Level,MODIFIES,hench_loyalty,Loyalty Base,peasants to officers span a wide range,,neutral,unset,DMG,36,LOYALTY BASE MODIFIERS:,explicit_rule,section-sweep,core,,,
rule_discipline,Discipline and Activity,MODIFIES,hench_loyalty,Loyalty Base,regime affects loyalty,,neutral,unset,DMG,36,LOYALTY BASE MODIFIERS:,explicit_rule,section-sweep,core,,,
campaign_settlement,Locale,FEEDS_INTO,rule_racial_distribution,Racial Distribution,what races are available locally,,neutral,derived,DMG,34,Race Of Prospective Henchmen:,explicit_rule,section-sweep,core,,,
rule_racial_distribution,Racial Distribution,GATES,hench_henchmen,Henchmen,which races may be recruited,,enables,derived,DMG,34,Race Of Prospective Henchmen:,explicit_rule,section-sweep,core,,,
campaign_territory,Search Radius,MODIFIES,rule_racial_distribution,Racial Distribution,wider territory widens the pool,,neutral,unset,DMG,34,Race Of Prospective Henchmen:,explicit_rule,section-sweep,core,,,
rule_recruitment_method,Manner of Seeking,MODIFIES,hench_henchmen,Henchmen,affects the racial mix attracted,,neutral,unset,DMG,34,Race Of Prospective Henchmen:,explicit_rule,section-sweep,core,,,
rule_recruitment_method,Racial Specification,CONSTRAINS,rule_racial_distribution,Racial Distribution,notices may restrict eligibility,,neutral,unset,DMG,34,Race Of Prospective Henchmen:,explicit_rule,section-sweep,core,,,
monster_poison,Monster Poison,TRIGGERS,death_character,Death,all-or-nothing outcome,,neutral,unset,DMG,20,Poison Types:,explicit_rule,section-sweep,core,,,
monster_poison,Monster Poison,GATES,rule_poison_use,Dual-Use Poison,effective ingested or insinuated,,enables,derived,DMG,20,Poison Types:,explicit_rule,section-sweep,core,,,
rule_poison_use,Purchased Poison,CONSTRAINS,rule_poison_use,Delivery Method,characters buy ingestive or insinuative only,,neutral,unset,DMG,20,Poison Types:,explicit_rule,section-sweep,core,,,
tbl_poisons,Poison Class,CONSUMES,money_gp,Money,cost per dose rises with potency,,neutral,derived,DMG,20,Poison Types:,explicit_rule,section-sweep,core,,,
tbl_poisons,Poison Class,CONSUMES,time_segment_round_turn,Onset Time,rounds before effect,,neutral,derived,DMG,20,Poison Types:,explicit_rule,section-sweep,core,,,
tbl_poisons,Poison Class,MODIFIES,rule_hit_points,Hit Points,damage on save and on failure,,governs,heuristic,DMG,20,Poison Types:,explicit_rule,section-sweep,core,,,
potion_poison,Poison Potion,CONSTRAINS,rule_poison_use,Delivery,must be ingested,,neutral,unset,DMG,20,Poison Types:,explicit_rule,section-sweep,core,,,
rule_dm_discretion,DM Discretion,MODIFIES,potion_poison,Poison Potion,may be made slow-acting over hours,,neutral,unset,DMG,20,Poison Types:,explicit_rule,section-sweep,core,,,
rule_dm_discretion,DM Discretion,GATES,rule_poison_use,Poison Use by Characters,campaign-level permission,,enables,derived,DMG,20,Poison Types:,explicit_rule,section-sweep,core,,,
sys_armor,Armor Construction,FEEDS_INTO,rule_weight_distribution,Weight Distribution,layering determines how weight falls,,neutral,derived,DMG,27,Armor Types:,explicit_rule,section-sweep,core,,,
sys_armor,Chain Mail,MODIFIES,enc_encumbrance,Encumbrance,weight falls on shoulders and waist,,neutral,unset,DMG,27,Armor Types:,explicit_rule,section-sweep,core,,,
sys_armor,Field Plate,MODIFIES,cbt_armor_class,Armor Class,better base rating than plate mail,DM option,neutral,unset,DMG,27,Armor Types:,explicit_rule,section-sweep,optional,,,
sys_armor,Field Plate,CONSUMES,money_gp,Money,very expensive,,neutral,derived,DMG,27,Armor Types:,explicit_rule,section-sweep,core,,,
rule_dm_discretion,DM Discretion,GATES,sys_armor,Field Plate,optional armor type,,enables,derived,DMG,27,Armor Types:,explicit_rule,section-sweep,optional,,,
rule_starting_money,Player Character Starting Money,CONSTRAINS,money_gp,Money,kept low by design,,neutral,unset,DMG,25,PLAYER CHARACTER STARTING MONEY,explicit_rule,section-sweep,core,,,
rule_starting_money,Starting Money,GATES,sys_equipment,Equipment,limits initial outfitting,,enables,derived,DMG,25,PLAYER CHARACTER STARTING MONEY,explicit_rule,section-sweep,core,,,
sys_classes,Character Class,MODIFIES,rule_starting_money,Player Character Starting Money,starting funds,by class,neutral,read,PHB,35,Starting Money,explicit_rule,page-sweep,core,,,
item_magic_item,Starting Magic Item,MODIFIES,rule_starting_money,Starting Money,granted items reduce starting funds,,neutral,unset,DMG,25,PLAYER CHARACTER STARTING MONEY,explicit_rule,section-sweep,core,,,
exp_level,Experience Level,MODIFIES,rule_pc_expenses,Player Character Expenses,monthly upkeep scales with level,,neutral,unset,DMG,25,PLAYER CHARACTER EXPENSES,explicit_rule,section-sweep,core,,,
rule_pc_expenses,Player Character Expenses,CONSUMES,money_gp,Money,automatic monthly deduction,,neutral,derived,DMG,25,PLAYER CHARACTER EXPENSES,explicit_rule,section-sweep,core,,,
hench_henchmen,Henchmen,CONSUMES,rule_pc_expenses,Player Character Expenses,maintenance added to upkeep,,neutral,derived,DMG,25,PLAYER CHARACTER EXPENSES,explicit_rule,section-sweep,core,,,
rule_stronghold,Stronghold,CONSUMES,rule_pc_expenses,Player Character Expenses,maintenance added to upkeep,,neutral,derived,DMG,25,PLAYER CHARACTER EXPENSES,explicit_rule,section-sweep,core,,,
campaign_taxation,Taxation and Tithes,CONSUMES,rule_pc_expenses,Player Character Expenses,levies and religious contributions,,neutral,derived,DMG,25,PLAYER CHARACTER EXPENSES,explicit_rule,section-sweep,core,,,
rule_pc_expenses,Player Character Expenses,TRIGGERS,rule_character_actions,Need to Adventure,expenses drive further adventuring,,neutral,unset,DMG,25,PLAYER CHARACTER EXPENSES,explicit_rule,section-sweep,core,,,
class_monk,Monk,EXCLUDED_FROM,rule_pc_expenses,High Living,ascetic and does not spend so,,negates,derived,DMG,25,PLAYER CHARACTER EXPENSES,explicit_rule,section-sweep,core,,,
exp_level,Gaining a Level,GATES,rule_spell_book,Spell Book,exactly one new spell per level gained,,enables,derived,DMG,39,Spells Beyond Those At Start:,explicit_rule,section-sweep,core,,,
rule_spell_book,Spell Book,CONSTRAINS,rule_magic_user_spells,Magic-User Spells,repertoire grows only by acquisition or level,,neutral,unset,DMG,39,Spells Beyond Those At Start:,explicit_rule,section-sweep,core,,,
sys_treasure,Captured Spell Books and Scrolls,FEEDS_INTO,rule_spell_book,Spell Book,principal route to new spells,,neutral,derived,DMG,39,Spells Beyond Those At Start:,explicit_rule,section-sweep,core,,,
rule_npc_magic_user,NPC Magic-User,GATES,rule_spell_book,Spell Book,spells must be bought or cozened,,enables,derived,DMG,39,Spells Beyond Those At Start:,explicit_rule,section-sweep,core,,,
rule_npc_magic_user,NPC Magic-User,CONSUMES,money_gp,Money,steep price for spell access,,neutral,derived,DMG,39,Spells Beyond Those At Start:,explicit_rule,section-sweep,core,,,
rule_npc_magic_user,NPC Magic-User,CONSUMES,item_magic_item,Magic Items,payment in items as well as coin,,neutral,derived,DMG,39,Spells Beyond Those At Start:,explicit_rule,section-sweep,core,,,
rule_npc_magic_user,NPC Magic-User,TRIGGERS,rule_quest,Quest,service demanded in exchange for spells,,neutral,unset,DMG,39,Spells Beyond Those At Start:,explicit_rule,section-sweep,core,,,
rule_npc_magic_user,Spell Trade,CONSUMES,sys_treasure,Excess Treasure,drains surplus wealth from the campaign,,neutral,derived,DMG,39,Spells Beyond Those At Start:,explicit_rule,section-sweep,core,,,
rule_player_character,Player Cooperation,ALTERNATIVE_TO,rule_npc_magic_user,NPC Magic-User,spells exchanged between player magic-users,,neutral,derived,DMG,39,Spells Beyond Those At Start:,explicit_rule,section-sweep,core,,,
class_illusionist,Illusionist,DERIVED_FROM,rule_magic_user_spells,Spell Acquisition,same acquisition rules apply,,neutral,derived,DMG,39,Acquisition of Illusionists' Spells,explicit_rule,section-sweep,core,,,
rule_terrain,Terrain Type,GATES,gen_wandering_monsters,Encounter Check,which times of day are checked,,enables,derived,DMG,47,FREQUENCY OF ENCOUNTER CHANCE TIME CHECKS:,explicit_rule,section-sweep,core,,,
rule_time_of_day,Time of Day,GATES,gen_wandering_monsters,Encounter Check,six daily check points,,enables,derived,DMG,47,FREQUENCY OF ENCOUNTER CHANCE TIME CHECKS:,explicit_rule,section-sweep,core,,,
rule_terrain,Forest,MODIFIES,gen_wandering_monsters,Encounter Check,checked at every time of day,,neutral,unset,DMG,47,FREQUENCY OF ENCOUNTER CHANCE TIME CHECKS:,explicit_rule,section-sweep,core,,,
gen_wandering_monsters,Encounter Check,TRIGGERS,gen_random_encounter,Random Encounter,rolled at each checkpoint,,neutral,unset,DMG,47,FREQUENCY OF ENCOUNTER CHANCE TIME CHECKS:,explicit_rule,section-sweep,core,,,
rule_terrain,Terrain,FEEDS_INTO,ex_movement_rate,Outdoor Movement,terrain governs travel,,neutral,derived,DMG,47,ADVENTURES IN THE OUTDOORS,explicit_rule,section-sweep,core,,,
rule_dm_discretion,DM Non-Interference,CONSTRAINS,rule_npc_characteristics,Personality,players develop their own personae,,neutral,unset,DMG,15,PLAYER CHARACTER RACIAL TENDENCIES,explicit_rule,section-sweep,core,,,
campaign_settlement,City,GATES,hench_alchemist,Alchemist,found only in cities,,enables,derived,DMG,29,Description Of Occupations and Professions:,explicit_rule,section-sweep,core,,,
hench_alchemist,Alchemist,CONSTRAINS,rule_time,Employment Term,requires a year's guaranteed employment,,neutral,unset,DMG,29,Description Of Occupations and Professions:,explicit_rule,section-sweep,core,,,
tbl_armorer_skill,Armorer Skill Level,GATES,sys_armor,Armor,which armor types can be fashioned,,enables,derived,DMG,29,Description Of Occupations and Professions:,explicit_rule,section-sweep,core,,,
monster_intelligence,Low Intelligence,MODIFIES,hench_nonhuman_troops,Non-Human Soldiers,serve far cheaper,,neutral,unset,DMG,31,Non-Human Soldiers:,explicit_rule,section-sweep,core,,,
hench_nonhuman_troops,Evil Non-Human Troops,MODIFIES,sys_alignment,Alignment,employing them carries alignment weight,,neutral,unset,DMG,31,Non-Human Soldiers:,inferred_rule,section-sweep,core,,,
race_gnome,Gnome and Halfling Troops,GATES,hench_nonhuman_troops,Non-Human Soldiers,serve only for their own cause,,enables,derived,DMG,31,Non-Human Soldiers:,explicit_rule,section-sweep,core,,,
race_elf,Elven Troops,GATES,hench_nonhuman_troops,Non-Human Soldiers,serve against hated foes or for a cause only,,enables,derived,DMG,31,Non-Human Soldiers:,explicit_rule,section-sweep,core,,,
race_half_elf,Half-Human Troops,ALTERNATIVE_TO,hench_nonhuman_troops,Non-Human Soldiers,found with either parent race,,neutral,derived,DMG,31,Non-Human Soldiers:,explicit_rule,section-sweep,core,,,
money_gp,Initial Payment,MODIFIES,rule_henchman_acceptance,Acceptance Interest,scales with offer per applicant level,,neutral,unset,DMG,35,Cost Of Successful Employment:,explicit_rule,section-sweep,core,,,
rule_henchman_acceptance,Acceptance Interest,CONSTRAINS,rule_henchman_acceptance,Acceptance Interest,payment alone caps interest,,neutral,unset,DMG,35,Cost Of Successful Employment:,explicit_rule,section-sweep,core,,,
sys_equipment,Complete Equipment,GATES,rule_henchman_acceptance,Acceptance Interest,must be provided by class,,enables,derived,DMG,35,Cost Of Successful Employment:,explicit_rule,section-sweep,core,,,
item_magic_item,Magic Items Offered,MODIFIES,rule_henchman_acceptance,Acceptance Interest,large bonus per usable item,,neutral,unset,DMG,35,Cost Of Successful Employment:,explicit_rule,section-sweep,core,,,
sys_classes,Character Class,CONSTRAINS,item_magic_item,Usable Magic Items,henchman must be able to use them,,neutral,unset,DMG,35,Cost Of Successful Employment:,explicit_rule,section-sweep,core,,,
rule_quarters_support,Quarters and Support,MODIFIES,rule_henchman_acceptance,Acceptance Interest,small bonus if offered large penalty if not,,neutral,unset,DMG,35,Cost Of Successful Employment:,explicit_rule,section-sweep,core,,,
rule_adventuring_involvement,Stated Activity and Duties,MODIFIES,rule_henchman_acceptance,Acceptance Interest,role must be described,,neutral,unset,DMG,35,Cost Of Successful Employment:,explicit_rule,section-sweep,core,,,
sys_treasure,Treasure Share,MODIFIES,rule_henchman_acceptance,Acceptance Interest,share must be stated in advance,,neutral,unset,DMG,35,Cost Of Successful Employment:,explicit_rule,section-sweep,core,,,
rule_henchman_acceptance,Acceptance Interest,GATES,hench_henchmen,Henchmen,determines whether the offer is taken,,enables,derived,DMG,35,Cost Of Successful Employment:,explicit_rule,section-sweep,core,,,
rule_gem_properties,Reputed Magical Properties of Gems,DERIVED_FROM,rule_gem_properties,Gem Type or Colour,each stone has an ascribed effect,,neutral,derived,DMG,26,REPUTED MAGICAL PROPERTIES OF GEMS,explicit_rule,section-sweep,core,,,
tbl_sage_special_categories,Herbs,FEEDS_INTO,rule_herbs,Herbs,a studiable specialty,,neutral,derived,DMG,32,Physical Universe(s) 61-70,explicit_rule,section-sweep,core,,,
tbl_sage_special_categories,Topography and Cartography,FEEDS_INTO,ex_mapping,Mapping,a studiable specialty,,neutral,derived,DMG,32,Physical Universe(s) 61-70,explicit_rule,section-sweep,core,,,
tbl_sage_special_categories,Meteorology and Climatology,FEEDS_INTO,campaign_climate,Climate and Weather,a studiable specialty,,neutral,derived,DMG,32,Physical Universe(s) 61-70,explicit_rule,section-sweep,core,,,
sys_alignment,Law and Chaos,DERIVED_FROM,sys_alignment,Alignment Axis,group versus individual,,neutral,derived,DMG,23,Major Divisions:,explicit_rule,section-sweep,core,,,
sys_alignment,Alignment Axes,CONSTRAINS,sys_alignment,Alignment,each pair is mutually exclusive,,neutral,unset,DMG,23,Major Divisions:,explicit_rule,section-sweep,core,,,
rule_alignment_graph,Alignment Graph,FEEDS_INTO,sys_alignment,Radically Opposed Alignments,graph defines the oppositions,,neutral,derived,DMG,23,Major Divisions:,explicit_rule,section-sweep,core,,,
cbt_aerial_maneuver,Maneuverability Class,CONSTRAINS,cbt_aerial,Aerial Combat,turn rate and time to full airspeed,,neutral,unset,DMG,51,ADVENTURES IN THE AIR,explicit_rule,page-sweep,core,,,
monster_special,Flying Creature,FEEDS_INTO,cbt_aerial_maneuver,Maneuverability Class,each creature has a class,,neutral,derived,DMG,51,Attack Modes:,explicit_rule,page-sweep,core,,,
cbt_aerial,Aerial Combat,EXCLUDES,cbt_pummel_grapple,Grappling,usually impossible in the air,,negates,derived,DMG,51,Attack Modes:,explicit_rule,page-sweep,core,,,
cbt_aerial,Aerial Combat,MODIFIES,cbt_melee,Natural Attack Modes,creatures fight differently aloft,,neutral,unset,DMG,51,Attack Modes:,explicit_rule,page-sweep,core,,,
cbt_aerial,Aerial Combat,TRIGGERS,save_petrify,Petrification,those petrified aloft fall and shatter,,neutral,unset,DMG,51,Attack Modes:,explicit_rule,page-sweep,core,,,
save_petrify,Petrification Aloft,TRIGGERS,death_character,Death,shattering is fatal,,neutral,unset,DMG,51,Attack Modes:,explicit_rule,page-sweep,core,,,
monster_special,Cockatrice,CONSTRAINS,cbt_aerial,Aerial Combat,limited flight ceiling and duration,,neutral,unset,DMG,51,Attack Modes:,explicit_rule,page-sweep,core,,,
monster_special,Couatl,TRIGGERS,ex_falling,Falling,constricts prey and both plummet,,neutral,unset,DMG,51,Attack Modes:,explicit_rule,page-sweep,core,,,
monster_special,Couatl,OVERRIDES,ex_falling,Falling Damage,turns ethereal before impact,,neutral,derived,DMG,51,Attack Modes:,explicit_rule,page-sweep,core,explicit_replacement,,
monster_special,Nycadaemon,TRIGGERS,cbt_damage,Ramming Damage,flying battering ram attack,,neutral,unset,DMG,51,DAEMONS:,explicit_rule,page-sweep,core,,,
monster_special,Nycadaemon,MODIFIES,cbt_damage,Self Damage,head-on collision injures the attacker too,,neutral,unset,DMG,51,DAEMONS:,explicit_rule,page-sweep,core,,,
monster_special,Nycadaemon,TRIGGERS,cbt_pummel_grapple,Grapple,drives prey to the ground to grapple,,neutral,unset,DMG,51,DAEMONS:,explicit_rule,page-sweep,core,,,
monster_demon_devil,Devils,MODIFIES,cbt_aerial,Aerial Combat,illusion powers make them dangerous aloft,,neutral,unset,DMG,51,DEMONS:,explicit_rule,page-sweep,core,,,
spell_levitate,Levitation,CONSTRAINS,cbt_missile,Crossbow,cannot cock a heavy or medium crossbow,,neutral,unset,DMG,52,ADVENTURES IN THE AIR,explicit_rule,page-sweep,core,,,
spell_levitate,Levitation,MODIFIES,cbt_tohit,Missile Fire,cumulative penalty per successive round,,neutral,unset,DMG,52,ADVENTURES IN THE AIR,explicit_rule,page-sweep,core,,,
spell_levitate,Levitation,TRIGGERS,cbt_missile,Attracting Missile Fire,levitators are marvelous targets,,neutral,unset,DMG,52,ADVENTURES IN THE AIR,explicit_rule,page-sweep,core,,,
spell_levitate,Levitation,CONSTRAINS,ex_movement_rate,Vertical Movement,height controlled by the caster not the subject,,neutral,unset,DMG,52,ADVENTURES IN THE AIR,explicit_rule,page-sweep,core,,,
rule_caster_occupied,Caster Occupied,EXCLUDES,spell_levitate,Levitation,no vertical movement while distracted,,negates,derived,DMG,52,ADVENTURES IN THE AIR,explicit_rule,page-sweep,core,,,
item_magic_item,Boots of Levitation,OVERRIDES,spell_levitate,Levitation,wearer controls own height,,neutral,derived,DMG,52,ADVENTURES IN THE AIR,explicit_rule,page-sweep,core,explicit_replacement,,
spell_fly,Fly,GATES,rule_spell_casting,Spell Casting,most spells castable while flying slowly,,enables,derived,DMG,52,ADVENTURES IN THE AIR,explicit_rule,page-sweep,core,,,
spell_fly,Fly,EXCLUDED_FROM,cbt_missile,Archery Penalty,no penalty while hovering,,negates,derived,DMG,52,ADVENTURES IN THE AIR,explicit_rule,page-sweep,core,,,
spell_fly,Fly,MODIFIES,cbt_tohit,Slung or Swung Weapons,cumulative penalty applies,,neutral,unset,DMG,52,ADVENTURES IN THE AIR,explicit_rule,page-sweep,core,,,
spell_fly,Fly,FEEDS_INTO,cbt_aerial_maneuver,Maneuverability Class,flying persons move at class B,,neutral,derived,DMG,52,ADVENTURES IN THE AIR,explicit_rule,page-sweep,core,,,
item_broom_flying,Broom of Flying,CONSTRAINS,ex_movement_rate,Speed,must move at half speed to function,,neutral,unset,DMG,52,ADVENTURES IN THE AIR,explicit_rule,page-sweep,core,,,
item_broom_flying,Broom of Flying,EXCLUDES,rule_spell_casting,Spell Casting,all spell use impossible while riding,,negates,derived,DMG,52,ADVENTURES IN THE AIR,explicit_rule,page-sweep,core,,,
item_broom_flying,Broom of Flying,GATES,item_magic_item,Wands,some devices still usable,,enables,derived,DMG,52,ADVENTURES IN THE AIR,explicit_rule,page-sweep,core,,,
item_broom_flying,Broom of Flying,GATES,cbt_aerial,Aerial Melee,knee control permits melee with practice,,enables,derived,DMG,52,ADVENTURES IN THE AIR,explicit_rule,page-sweep,core,,,
item_carpet_flying,Carpet of Flying,GATES,rule_spell_casting,Spell Casting,ideal platform while hovering,,enables,derived,DMG,52,ADVENTURES IN THE AIR,explicit_rule,page-sweep,core,,,
item_carpet_flying,Carpet of Flying,CONSTRAINS,rule_spell_casting,Spell Casting,quick motion disrupts concentration,,neutral,unset,DMG,52,ADVENTURES IN THE AIR,explicit_rule,page-sweep,core,,,
item_carpet_flying,Carpet of Flying,TRIGGERS,ex_falling,Falling,passengers knocked off in melee,,neutral,unset,DMG,52,ADVENTURES IN THE AIR,explicit_rule,page-sweep,core,,,
item_carpet_flying,Carpet of Flying,EXCLUDES,rule_item_destruction,Straps or Seat Belts,weaving them destroys the dweomer,,negates,derived,DMG,52,ADVENTURES IN THE AIR,explicit_rule,page-sweep,core,,,
rule_vessel,Vessel Type,FEEDS_INTO,rule_hull_value,Hull Value,damage a ship sustains before sinking,,neutral,derived,DMG,54,Hull Values:,explicit_rule,page-sweep,core,,,
rule_hull_value,Hull Value,GATES,rule_ship_repair,Repairing Damage,threshold forces repair,,enables,derived,DMG,54,Repairing Damage:,explicit_rule,page-sweep,core,,,
rule_ship_repair,Repairing Damage,CONSTRAINS,rule_waterborne_travel,Sailing,severe damage forces port,,neutral,unset,DMG,54,Repairing Damage:,explicit_rule,page-sweep,core,,,
rule_ship_repair,Repairing Damage,CONSUMES,money_gp,Money,cost at DM option,,neutral,derived,DMG,54,Repairing Damage:,explicit_rule,page-sweep,core,,,
rule_ship_repair,Repairing Damage,CONSUMES,rule_time,Time,repair duration,,neutral,derived,DMG,54,Repairing Damage:,explicit_rule,page-sweep,core,,,
rule_siege_engine,Siege Attack,MODIFIES,rule_hull_value,Hull Value,damage to ships from attack forms,,neutral,unset,DMG,54,Hull Values:,explicit_rule,page-sweep,core,,,
rule_vessel,Vessel Type,FEEDS_INTO,rule_ship_dimensions,Length and Width,size range per vessel,,neutral,derived,DMG,54,Length and Width:,explicit_rule,page-sweep,core,,,
rule_ship_dimensions,Ship Dimensions,CONSTRAINS,cbt_melee,Deck Combat,fighting space aboard,,neutral,unset,DMG,54,Length and Width:,inferred_rule,page-sweep,core,,,
rule_wind,Wind Direction,GATES,rule_ship_propulsion,Sails or Oars,which propulsion is usable,,enables,derived,DMG,54,Wind Direction and Force:,explicit_rule,page-sweep,core,,,
rule_wind,Wind Force,MODIFIES,ex_movement_rate,Ship Movement,speed by wind strength,,neutral,unset,DMG,54,Wind Direction and Force:,explicit_rule,page-sweep,core,,,
rule_current,Ocean Currents,MODIFIES,ex_movement_rate,Ship Movement,aid or hinder passage,,neutral,unset,DMG,54,Wind Direction and Force:,explicit_rule,page-sweep,core,,,
rule_wind,Strong Gale or Worse,TRIGGERS,rule_ship_damage,Ship Damage,percentage chance per check,,neutral,unset,DMG,54,Wind Direction and Force:,explicit_rule,page-sweep,core,,,
rule_ship_damage,Ship Damage,TRIGGERS,rule_capsizing,Capsizing,chance rises with wind force,,neutral,unset,DMG,54,Wind Direction and Force:,explicit_rule,page-sweep,core,,,
rule_ship_damage,Ship Damage,TRIGGERS,rule_item_destruction,Broken Mast or Beams,structural failure,,neutral,unset,DMG,54,Wind Direction and Force:,explicit_rule,page-sweep,core,,,
rule_ship_damage,Ship Damage,TRIGGERS,rule_man_overboard,Man Overboard,crew blown from the deck,,neutral,unset,DMG,54,Wind Direction and Force:,explicit_rule,page-sweep,core,,,
rule_man_overboard,Man Overboard,TRIGGERS,ex_swimming,Swimming,crew must survive the water,,neutral,unset,DMG,54,Wind Direction and Force:,inferred_rule,page-sweep,core,,,
rule_capsizing,Capsizing,TRIGGERS,death_drowning,Drowning,vessel lost,,neutral,unset,DMG,54,Wind Direction and Force:,inferred_rule,page-sweep,core,,,
rule_time,Six Hour Interval,GATES,rule_ship_damage,Ship Damage Check,checked periodically until winds subside,,enables,derived,DMG,54,Wind Direction and Force:,explicit_rule,page-sweep,core,,,
rule_ship_propulsion,Rowing,TRIGGERS,fatigue,Exhaustion,after sustained rowing,,neutral,unset,DMG,54,Exhaustion:,explicit_rule,page-sweep,core,,,
ex_movement_rate,Maximum Speed,MODIFIES,fatigue,Exhaustion,onset far faster at maximum,,neutral,unset,DMG,54,Exhaustion:,explicit_rule,page-sweep,core,,,
fatigue,Exhaustion,CONSTRAINS,ex_movement_rate,Ship Movement,oared vessels only,,neutral,unset,DMG,54,Exhaustion:,explicit_rule,page-sweep,core,,,
rule_ship_propulsion,Oared Ship,MODIFIES,cbt_initiative,Standing Start,can move from standstill in one round,,neutral,unset,DMG,54,Movement:,explicit_rule,page-sweep,core,,,
rule_uncontrolled_fire,Uncontrolled Fire,CONSUMES,rule_hull_value,Hull Value,burning time until destruction,,neutral,derived,DMG,55,Ships' Burning Time of Uncontrolled Fires:,explicit_rule,page-sweep,core,,,
rule_vessel,Vessel Type,FEEDS_INTO,rule_uncontrolled_fire,Burning Time,time varies by ship,,neutral,derived,DMG,55,Ships' Burning Time of Uncontrolled Fires:,explicit_rule,page-sweep,core,,,
rule_oil,Flaming Oil,TRIGGERS,rule_uncontrolled_fire,Uncontrolled Fire,fire started aboard,,neutral,unset,DMG,55,Ships' Burning Time of Uncontrolled Fires:,inferred_rule,page-sweep,core,,,
rule_underwater,Underwater Combat,CONSTRAINS,rule_spell_casting,Underwater Spell Use,many spells fail or alter,,neutral,unset,DMG,57,Underwater spell use:,explicit_rule,page-sweep,core,,,
spell_component_verbal,Verbal Component,CONSTRAINS,rule_spell_casting,Underwater Casting,speech is impossible submerged,,neutral,unset,DMG,57,Underwater spell use:,explicit_rule,page-sweep,core,,,
rule_underwater,Underwater,MODIFIES,spell_fireball,Fire Spells,fire-based magic is negated,,neutral,unset,DMG,57,Underwater spell use:,explicit_rule,page-sweep,core,,,
rule_planar_travel,Astral Travel,TRIGGERS,rule_psychic_wind,Psychic Wind,planar hazard,,neutral,unset,DMG,58,OUTDOOR MOVEMENT,explicit_rule,page-sweep,core,,,
rule_planar_travel,Ethereal Travel,TRIGGERS,rule_ether_cyclone,Ether Cyclone,planar hazard,,neutral,unset,DMG,58,OUTDOOR MOVEMENT,explicit_rule,page-sweep,core,,,
rule_dm_discretion,DM Discretion,GATES,rule_planar_travel,Other Forms of Travel,referee devises hazards and encounters,,enables,derived,DMG,58,OUTDOOR MOVEMENT,explicit_rule,page-sweep,core,,,
rule_terrain,Very Rugged Terrain,EXCLUDES,rule_mount,Cart and Wagon,wheeled transport cannot pass,,negates,derived,DMG,58,MOVEMENT MOUNTED IN MILES/DAY,explicit_rule,page-sweep,core,,,
rule_terrain,Road or Track,GATES,rule_mount,Cart and Wagon,wheeled transport requires them,,enables,derived,DMG,58,MOVEMENT MOUNTED IN MILES/DAY,explicit_rule,page-sweep,core,,,
race_any,Race,MODIFIES,enc_encumbrance,Burden Category,adjusts the weight assumptions,,neutral,unset,DMG,58,MOVEMENT AFOOT IN MILES/DAY,explicit_rule,page-sweep,core,,,
enc_encumbrance,Burden Category,DERIVED_FROM,sys_equipment,Gear Weight,light average or heavy bands,,neutral,derived,DMG,58,MOVEMENT AFOOT IN MILES/DAY,explicit_rule,page-sweep,core,,,
rule_map_scale,Map Scale,MODIFIES,ex_movement_rate,Outdoor Movement,rates adapted to campaign scale,,neutral,unset,DMG,58,OUTDOOR MOVEMENT,explicit_rule,page-sweep,core,,,
rule_ultravision,Ultravision,EXCLUDED_FROM,ex_dungeon,Underground,useless where no sky is visible,,negates,derived,DMG,59,INFRAVISION & ULTRAVISION,explicit_rule,page-sweep,core,,,
exp_level,Level or Hit Dice,RESOLVED_BY,rule_detection_invisibility,Detection of Invisibility,chance scales with level,,governs,derived,DMG,60,DETECTION OF INVISIBILITY TABLE,explicit_rule,page-sweep,core,,,
cbt_encounter_distance,Proximity,MODIFIES,rule_detection_invisibility,Detection of Invisibility,closer subjects are easier to detect,,neutral,unset,DMG,60,DETECTION OF INVISIBILITY TABLE,inferred_rule,page-sweep,core,,,
cbt_surprise,Surprise,RESOLVED_BY,rule_dice_probability,Opposed Die Roll,both parties roll and compare,,governs,derived,DMG,62,"ENCOUNTERS, COMBAT, & INITIATIVE",explicit_rule,page-sweep,core,,,
cbt_surprise,Surprise,CONSTRAINS,cbt_surprise,Mutual Surprise,each side's rolls offset the other,,neutral,unset,DMG,62,"ENCOUNTERS, COMBAT, & INITIATIVE",explicit_rule,page-sweep,core,,,
rule_dm_discretion,Circumstances,MODIFIES,cbt_surprise,Surprise,DM sets situational surprise chances,,neutral,unset,DMG,62,"ENCOUNTERS, COMBAT, & INITIATIVE",explicit_rule,page-sweep,core,,,
cbt_surprise,Surprise Segment,OVERRIDES,cbt_attacks_per_round,Attacks Per Round,each segment acts as a whole round,,neutral,derived,DMG,62,"ENCOUNTERS, COMBAT, & INITIATIVE",explicit_rule,page-sweep,core,explicit_replacement,,
cbt_surprise,Surprise Segment,MODIFIES,cbt_missile,Missile Discharge,fired at triple the normal rate,ready weapons only,neutral,unset,DMG,62,"ENCOUNTERS, COMBAT, & INITIATIVE",explicit_rule,page-sweep,core,,,
rule_detection,Prior Detection,EXCLUDES,cbt_surprise,Surprise,negates the possibility entirely,,negates,derived,DMG,62,"ENCOUNTERS, COMBAT, & INITIATIVE",explicit_rule,page-sweep,core,,,
item_magic_item,Detection Devices,EXCLUDES,cbt_surprise,Surprise,thought or intention detection,,negates,derived,DMG,62,"ENCOUNTERS, COMBAT, & INITIATIVE",explicit_rule,page-sweep,core,,,
rule_noise,Noise,EXCLUDES,cbt_surprise,Surprise,including a failed attempt to open a door,,negates,derived,DMG,62,"ENCOUNTERS, COMBAT, & INITIATIVE",explicit_rule,page-sweep,core,,,
rule_light,Light,EXCLUDES,cbt_surprise,Surprise,spoils the chance,,negates,derived,DMG,62,"ENCOUNTERS, COMBAT, & INITIATIVE",explicit_rule,page-sweep,core,,,
abil_dex_reaction_adjustment,Reaction/Attacking Adjustment,MODIFIES,cbt_surprise,Surprise,mitigates surprise individually,,neutral,unset,DMG,62,"ENCOUNTERS, COMBAT, & INITIATIVE",explicit_rule,page-sweep,core,,,
abil_dex_reaction_adjustment,Reaction/Attacking Adjustment,CONSTRAINS,cbt_surprise,Surprise,applies per individual not per party,,neutral,unset,DMG,62,"ENCOUNTERS, COMBAT, & INITIATIVE",explicit_rule,page-sweep,core,,,
cbt_initiative,Initiative Tie,TRIGGERS,cbt_damage,Simultaneous Damage,both sides take damage regardless,,neutral,unset,DMG,63,COMBAT (ENCOUNTER REACTIONS),explicit_rule,page-sweep,core,,,
cbt_initiative,Initiative,GATES,cbt_damage,Order of Damage,winner's damage lands before the loser acts,,enables,derived,DMG,63,COMBAT (ENCOUNTER REACTIONS),explicit_rule,page-sweep,core,,,
cbt_initiative,Initiative,TRIGGERS,turn_undead,Turning Undead,resolved before the reacting party acts,,neutral,unset,DMG,63,COMBAT (ENCOUNTER REACTIONS),explicit_rule,page-sweep,core,,,
cbt_initiative,Consecutive Initiative,OVERRIDES,cbt_attacks_per_round,Attacks Per Round,winning twice permits two attacks before reply,,neutral,derived,DMG,63,COMBAT (ENCOUNTER REACTIONS),explicit_rule,page-sweep,core,explicit_replacement,,
cbt_encounter_reactions,Encounter Reaction,RESOLVED_BY,rule_dice_probability,Percentile Roll,seven banded outcomes,,governs,derived,DMG,63,ENCOUNTER REACTIONS,explicit_rule,page-sweep,core,,,
hench_loyalty,Loyalty Adjustment,MODIFIES,cbt_encounter_reactions,Encounter Reaction,applied as if the creature were a henchman,,neutral,unset,DMG,63,ENCOUNTER REACTIONS,explicit_rule,page-sweep,core,,,
rule_communication,Conversation,GATES,cbt_encounter_reactions,Encounter Reaction,creature must be conversable,,enables,derived,DMG,63,ENCOUNTER REACTIONS,explicit_rule,page-sweep,core,,,
monster_intelligence,Intelligence,GATES,cbt_encounter_reactions,Encounter Reaction,intelligent creatures only,,enables,derived,DMG,63,ENCOUNTER REACTIONS,explicit_rule,page-sweep,core,,,
cbt_encounter_reactions,Hostile Reaction,TRIGGERS,cbt_morale,Morale Check,checked where appropriate,,neutral,unset,DMG,63,ENCOUNTER REACTIONS,explicit_rule,page-sweep,core,,,
cbt_surprise,Surprise,GATES,cbt_flee,Avoiding an Encounter,flight possible if the other party is surprised,,enables,derived,DMG,63,Avoiding:,explicit_rule,page-sweep,core,,,
cbt_encounter_distance,Striking Range,EXCLUDES,cbt_flee,Avoiding an Encounter,never possible once in reach,,negates,derived,DMG,63,Avoiding:,explicit_rule,page-sweep,core,,,
cbt_initiative,First Initiative,GATES,cbt_flee,Avoiding an Encounter,always possible with initiative,,enables,derived,DMG,63,Avoiding:,explicit_rule,page-sweep,core,,,
rule_dm_discretion,DM Key,GATES,cbt_pursuit_evasion,Pursuit,stated intent governs above all,,enables,derived,DMG,63,Avoiding:,explicit_rule,page-sweep,core,,,
monster_special,Creature Description,GATES,cbt_pursuit_evasion,Pursuit,some creatures always pursue,,enables,derived,DMG,63,Avoiding:,explicit_rule,page-sweep,core,,,
rule_oil,Flaming Oil,CONSTRAINS,cbt_pursuit_evasion,Pursuit,obvious deterrent,,neutral,unset,DMG,63,Avoiding:,explicit_rule,page-sweep,core,,,
sys_treasure,Visible Possessions,MODIFIES,cbt_pursuit_evasion,Pursuit,noted possessions encourage pursuit,,neutral,unset,DMG,63,Avoiding:,explicit_rule,page-sweep,core,,,
abil_strength,Strength Bonus,EXCLUDED_FROM,cbt_missile,Missile Fire,does not apply by default,,negates,derived,DMG,64,MISSILE DISCHARGE,explicit_rule,page-sweep,core,,,
sys_equipment,Special Heavy Weapons,GATES,abil_strength,Strength Bonus,must be specially equipped to benefit,,enables,derived,DMG,64,MISSILE DISCHARGE,explicit_rule,page-sweep,core,,,
abil_strength,Strength Bonus,EXCLUDED_FROM,wpn_range,Weapon Range,never extends range,,negates,derived,DMG,64,MISSILE DISCHARGE,explicit_rule,page-sweep,core,,,
sys_equipment,Special Heavy Weapons,CONSUMES,money_gp,Money,acquisition cost at DM adjudication,,neutral,derived,DMG,64,MISSILE DISCHARGE,explicit_rule,page-sweep,core,,,
abil_dex_reaction_adjustment,Reaction/Attacking Adjustment,MODIFIES,cbt_initiative,Initiative,adjusts the individual's initiative die,,neutral,unset,DMG,64,MISSILE DISCHARGE,explicit_rule,page-sweep,core,,,
abil_dex_reaction_adjustment,Reaction/Attacking Adjustment,OVERRIDES,cbt_initiative,Party Initiative,individual may fire before the winning side,,neutral,derived,DMG,64,MISSILE DISCHARGE,explicit_rule,page-sweep,core,explicit_replacement,,
abil_dex_reaction_adjustment,Reaction/Attacking Adjustment,MODIFIES,cbt_tohit,Missile To-Hit,penalty or bonus when discharging,,neutral,unset,DMG,64,MISSILE DISCHARGE,explicit_rule,page-sweep,core,,,
monster_special,Giant-Hurled Boulders,EXCLUDES,abil_dex_defensive_adjustment,Dexterity Defensive Adjustment,target loses the dexterity component,,negates,derived,DMG,64,Special Note Regarding Giant And Machine Missiles:,explicit_rule,page-sweep,core,,,
rule_siege_engine,Siege Machine Missiles,EXCLUDES,abil_dex_defensive_adjustment,Dexterity Defensive Adjustment,target loses the dexterity component,,negates,derived,DMG,64,Special Note Regarding Giant And Machine Missiles:,explicit_rule,page-sweep,core,,,
rule_cover,Cover,MODIFIES,cbt_armor_class,Armor Class,large bonus scaling with coverage,,neutral,unset,DMG,64,Missile Fire Cover And Concealment Adjustments:,explicit_rule,page-sweep,core,,,
rule_concealment,Concealment,MODIFIES,cbt_armor_class,Armor Class,smaller bonus scaling with screening,,neutral,unset,DMG,64,Missile Fire Cover And Concealment Adjustments:,explicit_rule,page-sweep,core,,,
rule_cover,Cover,ALTERNATIVE_TO,rule_concealment,Concealment,hard protection versus soft screening,,neutral,derived,DMG,64,Missile Fire Cover And Concealment Adjustments:,explicit_rule,page-sweep,core,,,
campaign_construction,Fortification,FEEDS_INTO,rule_cover,Cover,parapets embrasures and arrow slits,,neutral,derived,DMG,64,Missile Fire Cover And Concealment Adjustments:,explicit_rule,page-sweep,core,,,
rule_terrain,Thick Brush,FEEDS_INTO,rule_concealment,Concealment,terrain provides screening,,neutral,derived,DMG,64,Missile Fire Cover And Concealment Adjustments:,explicit_rule,page-sweep,core,,,
time_segment_round_turn,Portion of Round Visible,FEEDS_INTO,rule_cover,Cover,being seen briefly counts as cover,,neutral,derived,DMG,64,Missile Fire Cover And Concealment Adjustments:,explicit_rule,page-sweep,core,,,
rule_cover,Cover,MODIFIES,save_matrix,Saving Throws,cover affects saves as well,,neutral,unset,DMG,64,Missile Fire Cover And Concealment Adjustments:,inferred_rule,page-sweep,core,,,
cbt_subdue,Striking to Subdue,DERIVED_FROM,cbt_melee,Melee Attack,uses non-lethal parts of weapons,,neutral,derived,DMG,67,COMBAT (MORALE),explicit_rule,page-sweep,core,,,
cbt_subdue,Striking to Subdue,MODIFIES,rule_hit_points,Hit Points,mostly temporary with a real fraction,,neutral,unset,DMG,67,COMBAT (MORALE),explicit_rule,page-sweep,core,,,
cbt_subdue,Striking to Subdue,EXCLUDED_FROM,rule_player_character,Player Characters,the ratio does not apply to PCs,,negates,derived,DMG,67,COMBAT (MORALE),explicit_rule,page-sweep,core,,,
monster_dragon,Dragons,GATES,cbt_subdue,Striking to Subdue,effective against certain monsters,,enables,derived,DMG,67,COMBAT (MORALE),explicit_rule,page-sweep,core,,,
cbt_subdue,Striking to Subdue,ALTERNATIVE_TO,cbt_damage,Lethal Damage,capture rather than kill,,neutral,derived,DMG,67,COMBAT (MORALE),explicit_rule,page-sweep,core,,,
rule_encumbered_opponent,Encumbered or Off Balance,MODIFIES,cbt_tohit,To-Hit Roll,bonus to strike,,neutral,unset,DMG,67,Special 'To Hit' Bonuses:,explicit_rule,page-sweep,core,,,
spell_slow,Slow,TRIGGERS,rule_stun,Slowed Condition,target becomes easier to hit,,neutral,unset,DMG,67,Special 'To Hit' Bonuses:,explicit_rule,page-sweep,core,,,
spell_sleep,Magically Sleeping,OVERRIDES,cbt_tohit,To-Hit Roll,strike is automatic,,neutral,derived,DMG,67,Special 'To Hit' Bonuses:,explicit_rule,page-sweep,core,explicit_replacement,,
spell_hold_person,Held or Paralyzed,OVERRIDES,cbt_tohit,To-Hit Roll,strike is automatic,,neutral,derived,DMG,67,Special 'To Hit' Bonuses:,explicit_rule,page-sweep,core,explicit_replacement,,
rule_immobile,Total Immobility,EXCLUDES,abil_dex_defensive_adjustment,Dexterity Defensive Adjustment,opponent gains no dexterity benefit,,negates,derived,DMG,67,Special 'To Hit' Bonuses:,explicit_rule,page-sweep,core,,,
rule_immobile,Total Immobility,TRIGGERS,death_character,Coup de Grace,helpless opponent slain in one round,,neutral,unset,DMG,67,Special 'To Hit' Bonuses:,explicit_rule,page-sweep,core,,,
cbt_morale,Morale,GATES,hench_henchmen,Will to Fight,applies to non-leader NPCs,,enables,derived,DMG,67,MORALE,explicit_rule,page-sweep,core,,,
cbt_morale,Morale,EXCLUDED_FROM,rule_player_character,Player Characters,PCs are not morale-checked,,negates,derived,DMG,67,MORALE,inferred_rule,page-sweep,core,,,
monster_intelligence,Intelligent Monsters,GATES,cbt_morale,Morale,groups of intelligent opponents check,,enables,derived,DMG,67,MORALE,explicit_rule,page-sweep,core,,,
hench_loyalty,Loyalty,FEEDS_INTO,cbt_morale,Morale Score,base morale derives from loyalty,,neutral,derived,DMG,67,MORALE SCORES,explicit_rule,page-sweep,core,,,
rule_superior_force,Obviously Superior Force,TRIGGERS,cbt_morale,Morale Check,checked every round,,neutral,unset,DMG,67,MORALE,explicit_rule,page-sweep,core,,,
rule_party_losses,Party Casualties,TRIGGERS,cbt_morale,Morale Check,thresholds at quarter and half losses,,neutral,unset,DMG,67,MORALE,explicit_rule,page-sweep,core,,,
rule_liege_status,Leader Unconscious,TRIGGERS,cbt_morale,Morale Check,penalty to the check,,neutral,unset,DMG,67,MORALE,explicit_rule,page-sweep,core,,,
hench_desertion,Enemy Desertion,MODIFIES,cbt_morale,Morale Check,each enemy leaving improves morale,,neutral,unset,DMG,67,Other Morale Check Modifiers,explicit_rule,page-sweep,core,,,
cbt_damage,Enemy Casualties,MODIFIES,cbt_morale,Morale Check,each enemy slain improves morale,,neutral,unset,DMG,67,Other Morale Check Modifiers,explicit_rule,page-sweep,core,,,
rule_outnumbered,Outnumbered and Outclassed,MODIFIES,cbt_morale,Morale Check,largest single penalty,,neutral,unset,DMG,67,Other Morale Check Modifiers,explicit_rule,page-sweep,core,,,
ex_movement_rate,Relative Speed,GATES,cbt_pursuit_evasion,Pursuit,three speed cases govern break-off,,enables,derived,DMG,68,PURSUIT & EVASION OF PURSUIT,explicit_rule,page-sweep,core,,,
cbt_encounter_distance,Distance,GATES,cbt_pursuit_evasion,Pursuit,break-off thresholds by distance,,enables,derived,DMG,68,PURSUIT & EVASION OF PURSUIT,explicit_rule,page-sweep,core,,,
ex_light_vision,Line of Sight,GATES,cbt_pursuit_evasion,Pursuit,losing sight shortens pursuit,,enables,derived,DMG,68,PURSUIT & EVASION OF PURSUIT,explicit_rule,page-sweep,core,,,
time_segment_round_turn,Elapsed Rounds,GATES,cbt_pursuit_evasion,Pursuit,pursuit lapses without gain,,enables,derived,DMG,68,PURSUIT & EVASION OF PURSUIT,explicit_rule,page-sweep,core,,,
fatigue,Physical Endurance,CONSTRAINS,cbt_pursuit_evasion,Pursuit,faster pursuer stops only from exhaustion,,neutral,unset,DMG,68,PURSUIT & EVASION OF PURSUIT,explicit_rule,page-sweep,core,,,
rule_barrier,Physical or Magical Barrier,CONSTRAINS,cbt_pursuit_evasion,Pursuit,slows or halts pursuers,,neutral,unset,DMG,68,Modifiers To Pursuit:,explicit_rule,page-sweep,core,,,
spell_wall_of_fire,Wall of Fire,TRIGGERS,rule_barrier,Barrier,magical obstruction,,neutral,unset,DMG,68,Modifiers To Pursuit:,explicit_rule,page-sweep,core,,,
rule_distraction,Distraction,MODIFIES,cbt_pursuit_evasion,Pursuit,may cause pursuit to falter or cease,,neutral,unset,DMG,68,Modifiers To Pursuit:,explicit_rule,page-sweep,core,,,
spell_dancing_lights,Dancing Lights,TRIGGERS,rule_distraction,Distraction,decoy for pursuers,,neutral,unset,DMG,68,Modifiers To Pursuit:,explicit_rule,page-sweep,core,,,
spell_phantasmal_force,Phantasmal Force,TRIGGERS,rule_distraction,Distraction,illusory reinforcements deter pursuit,,neutral,unset,DMG,68,Modifiers To Pursuit:,explicit_rule,page-sweep,core,,,
gen_random_encounter,Third Party Creatures,TRIGGERS,rule_distraction,Distraction,pursuers become embroiled,,neutral,unset,DMG,68,Modifiers To Pursuit:,explicit_rule,page-sweep,core,,,
rule_provisions,Food and Wine,TRIGGERS,rule_distraction,Distraction,distracts low-intelligence pursuers,,neutral,unset,DMG,68,Modifiers To Pursuit:,explicit_rule,page-sweep,core,,,
monster_intelligence,Low Intelligence,MODIFIES,rule_distraction,Food Distraction,probability rises as intelligence falls,,neutral,unset,DMG,68,Modifiers To Pursuit:,explicit_rule,page-sweep,core,,,
monster_intelligence,Non-Intelligent Pursuers,OVERRIDES,rule_distraction,Food Distraction,always distracted by food,,neutral,derived,DMG,68,Modifiers To Pursuit:,explicit_rule,page-sweep,core,explicit_replacement,,
rule_distraction,Food Distraction,CONSUMES,time_segment_round_turn,Rounds,pursuit pauses while consumed,,neutral,derived,DMG,68,Modifiers To Pursuit:,explicit_rule,page-sweep,core,,,
sys_treasure,Dropped Treasure,TRIGGERS,rule_distraction,Distraction,distracts pursuers of low or greater intelligence,,neutral,unset,DMG,68,Modifiers To Pursuit:,explicit_rule,page-sweep,core,,,
sys_treasure,Number of Items Dropped,MODIFIES,rule_distraction,Treasure Distraction,item count matters regardless of value,,neutral,unset,DMG,68,Modifiers To Pursuit:,explicit_rule,page-sweep,core,,,
cbt_pursuit_evasion,Outdoor Evasion,RESOLVED_BY,rule_dice_probability,Percentile Roll,base chance adjusted then rolled,,governs,derived,DMG,69,Pursuit And Evasion In Outdoor Settings:,explicit_rule,page-sweep,core,,,
ex_movement_rate,Relative Speed,MODIFIES,cbt_pursuit_evasion,Outdoor Evasion,speed adjustment to the base chance,,neutral,unset,DMG,69,Pursuit And Evasion In Outdoor Settings:,explicit_rule,page-sweep,core,,,
rule_terrain,Terrain,MODIFIES,cbt_pursuit_evasion,Outdoor Evasion,open ground is the worst case,,neutral,unset,DMG,69,Pursuit And Evasion In Outdoor Settings:,explicit_rule,page-sweep,core,,,
rule_party_size,Pursued Party Size,MODIFIES,cbt_pursuit_evasion,Outdoor Evasion,larger parties evade far worse,,neutral,unset,DMG,69,Pursuit And Evasion In Outdoor Settings:,explicit_rule,page-sweep,core,,,
rule_light,Available Light,MODIFIES,cbt_pursuit_evasion,Outdoor Evasion,darkness is the strongest single modifier,,neutral,unset,DMG,69,Pursuit And Evasion In Outdoor Settings:,explicit_rule,page-sweep,core,,,
cbt_surprise,Party Surprises Creature,OVERRIDES,cbt_pursuit_evasion,Outdoor Evasion,evasion is automatic,,neutral,derived,DMG,69,Procedure For Determination Of Evasion Outdoors:,explicit_rule,page-sweep,core,explicit_replacement,,
cbt_surprise,Party Is Surprised,EXCLUDES,cbt_pursuit_evasion,Outdoor Evasion,confrontation is unavoidable,,negates,derived,DMG,69,Procedure For Determination Of Evasion Outdoors:,explicit_rule,page-sweep,core,,,
rule_time,Game Hour,GATES,cbt_pursuit_evasion,Outdoor Evasion,rechecked every hour of pursuit,,enables,derived,DMG,69,Procedure For Determination Of Evasion Outdoors:,explicit_rule,page-sweep,core,,,
cbt_pursuit_evasion,Outdoor Evasion,TRIGGERS,cbt_melee,Confrontation,zero or less chance forces contact,,neutral,unset,DMG,69,Procedure For Determination Of Evasion Outdoors:,explicit_rule,page-sweep,core,,,
fatigue,Fatigue,MODIFIES,ex_movement_rate,Movement Rate,slows movement during long pursuit,,neutral,unset,DMG,69,Special Note Regarding Fatigue:,explicit_rule,page-sweep,core,,,
fatigue,Fatigue,MODIFIES,cbt_tohit,Combat Effectiveness,reduces fighting ability,,neutral,unset,DMG,69,Special Note Regarding Fatigue:,explicit_rule,page-sweep,core,,,
fatigue,Exhaustion,CONSUMES,rule_time,Time,a full day of rest to restore,,neutral,derived,DMG,69,Special Note Regarding Fatigue:,explicit_rule,page-sweep,core,,,
rule_mount,Mounts,MODIFIES,fatigue,Fatigue,mounts tire at their own rate,,neutral,unset,DMG,69,Special Note Regarding Fatigue:,explicit_rule,page-sweep,core,,,
rule_dm_discretion,DM Judgement,GATES,fatigue,Fatigue,no fixed rules given,,enables,derived,DMG,69,Special Note Regarding Fatigue:,explicit_rule,page-sweep,core,,,
monster_size,Creature Size,GATES,cbt_melee,Number of Opponents,how many attackers can engage,,enables,derived,DMG,70,COMBAT (MELEE),explicit_rule,page-sweep,core,,,
rule_ground_scale,Ground Scale,FEEDS_INTO,cbt_melee,Number of Opponents,hexes or squares per face,,neutral,derived,DMG,70,COMBAT (MELEE),explicit_rule,page-sweep,core,,,
monster_size,Defender Size,MODIFIES,cbt_melee,Flank Attacks,larger defenders expose more flank positions,,neutral,unset,DMG,70,COMBAT (MELEE),explicit_rule,page-sweep,core,,,
cbt_flank_attack,Flank Attack,EXCLUDES,rule_shield,Shield,negates the shield bonus,,negates,derived,DMG,70,Special Types Of Attacks:,explicit_rule,page-sweep,core,,,
cbt_flank_attack,Rear Flank Attack,EXCLUDES,abil_dex_defensive_adjustment,Dexterity Defensive Adjustment,defender cannot see the attacker,,negates,derived,DMG,70,Special Types Of Attacks:,explicit_rule,page-sweep,core,,,
cbt_rear_attack,Rear Attack,MODIFIES,cbt_tohit,To-Hit Roll,bonus to strike,opponent's back turned,improves,read,PHB,38,"WEAPON TYPES, GENERAL DATA, AND ""TO HIT"" ADJUSTMENTS",explicit_rule,page-sweep,core,,,
rule_stun,Stunned Prone or Motionless,DERIVED_FROM,cbt_rear_attack,Rear Attack,treated as a rear attack,,neutral,derived,DMG,70,Special Types Of Attacks:,explicit_rule,page-sweep,core,,,
spell_sleep,Magically Sleeping Opponent,OVERRIDES,cbt_damage,Damage,maximum weapon damage each hit,,neutral,derived,DMG,70,Special Types Of Attacks:,explicit_rule,page-sweep,core,explicit_replacement,,
spell_sleep,Magically Sleeping Opponent,MODIFIES,cbt_attacks_per_round,Attacks Per Round,double the normal number,,neutral,unset,DMG,70,Special Types Of Attacks:,explicit_rule,page-sweep,core,,,
spell_sleep,Helpless Opponent,TRIGGERS,death_character,Automatic Slaying,one per round outside general melee,,neutral,unset,DMG,70,Special Types Of Attacks:,explicit_rule,page-sweep,core,,,
rule_natural_sleep,Naturally Sleeping Opponent,EXCLUDED_FROM,spell_sleep,Magical Sleep Rules,resolved by the assassination table instead,,negates,derived,DMG,70,Special Types Of Attacks:,explicit_rule,page-sweep,core,,,
rule_invisibility,Invisible Opponent,MODIFIES,cbt_tohit,To-Hit Roll,severe penalty to strike,,neutral,unset,DMG,70,Special Types Of Attacks:,explicit_rule,page-sweep,core,,,
rule_invisibility,Invisible Opponent,GATES,cbt_melee,Being Attacked,only attackable if attacking or detected,,enables,derived,DMG,70,Special Types Of Attacks:,explicit_rule,page-sweep,core,,,
rule_invisibility,Invisible Opponent,EXCLUDES,cbt_rear_attack,Rear Attack,cannot be flanked or rear-attacked unseen,,negates,derived,DMG,70,Special Types Of Attacks:,explicit_rule,page-sweep,core,,,
spell_curse,Curse,MODIFIES,cbt_armor_class,Armor Class,adjustment applied to AC not the die roll,,neutral,unset,DMG,70,Important Note Regarding 'To Hit' Adjustments:,explicit_rule,page-sweep,core,,,
spell_prayer,Prayer,MODIFIES,cbt_armor_class,Armor Class,adjustment applied to AC not the die roll,,neutral,unset,DMG,70,Important Note Regarding 'To Hit' Adjustments:,explicit_rule,page-sweep,core,,,
spell_protection_from_evil,Protection from Evil,MODIFIES,cbt_armor_class,Armor Class,adjustment applied to AC not the die roll,,neutral,unset,DMG,70,Important Note Regarding 'To Hit' Adjustments:,explicit_rule,page-sweep,core,,,
cbt_attack_matrix,Attack Matrix,CONSTRAINS,cbt_tohit,To-Hit Adjustments,downward die adjustment would make foes hit-proof,,governs,heuristic,DMG,70,Important Note Regarding 'To Hit' Adjustments:,explicit_rule,page-sweep,core,,,
spell_bless,Bless,ALTERNATIVE_TO,spell_curse,Curse,reversed forms of one spell,,neutral,derived,DMG,70,Important Note Regarding 'To Hit' Adjustments:,explicit_rule,page-sweep,core,,,
rule_monk_kill,Monk Stunning and Killing,EXCLUDED_FROM,monster_undead,Undead,cannot be affected,,negates,derived,DMG,71,COMBAT (MELEE),explicit_rule,page-sweep,core,,,
rule_open_hand_combat,Open Hand Attack,TRIGGERS,cbt_damage,Touch Damage to Attacker,striking touch-damaging undead harms the monk,,neutral,unset,DMG,71,COMBAT (MELEE),explicit_rule,page-sweep,core,,,
rule_monk_kill,Monk Stunning and Killing,EXCLUDED_FROM,monster_special,Golems and Dopplegangers,cannot be affected,,negates,derived,DMG,71,COMBAT (MELEE),explicit_rule,page-sweep,core,,,
rule_declared_action,Declared Action,GATES,cbt_melee,Melee Round,activity stated precisely at round start,,enables,derived,DMG,71,Actions During Combat And Similar Time-Important Situations:,explicit_rule,page-sweep,core,,,
rule_declared_action,Player Hesitation,EXCLUDES,cbt_melee,Melee Action,dithering means doing nothing that round,,negates,derived,DMG,71,Actions During Combat And Similar Time-Important Situations:,explicit_rule,page-sweep,core,,,
rule_declared_action,Declared Action,CONSUMES,time_segment_round_turn,Segments,each sub-action costs segments,,neutral,derived,DMG,71,Actions During Combat And Similar Time-Important Situations:,explicit_rule,page-sweep,core,,,
sys_equipment,Item Location,MODIFIES,rule_declared_action,Retrieval Time,pouch versus backpack costs different segments,,neutral,unset,DMG,71,Actions During Combat And Similar Time-Important Situations:,explicit_rule,page-sweep,core,,,
rule_potion_use,Drinking a Potion,CONSUMES,time_segment_round_turn,Segments,a segment to consume,,neutral,derived,DMG,71,Actions During Combat And Similar Time-Important Situations:,explicit_rule,page-sweep,core,,,
rule_declared_action,Multi-Round Action,CONSTRAINS,rule_declared_action,New Instructions,player cannot redirect until the action completes,,neutral,unset,DMG,71,Actions During Combat And Similar Time-Important Situations:,explicit_rule,page-sweep,core,,,
rule_invisibility,Invisibility,CONSTRAINS,rule_order_of_march,Allied Movement,allies cannot see the invisible character either,,neutral,unset,DMG,71,Actions During Combat And Similar Time-Important Situations:,explicit_rule,page-sweep,core,,,
cbt_pummel_grapple,Grappling,RESOLVED_BY,rule_dice_probability,Percentile Roll,adjusted score read off the grappling table,,governs,derived,DMG,73,NON-LETHAL & WEAPONLESS COMBAT,explicit_rule,page-sweep,core,,,
abil_strength,Opponent Strength,MODIFIES,cbt_pummel_grapple,Grappling,reduces the attacker's score,,neutral,unset,DMG,73,GRAPPLING TABLE,explicit_rule,page-sweep,core,,,
sys_armor,Banded or Plate Mail,MODIFIES,cbt_pummel_grapple,Grappling,heavy armor resists grappling,,neutral,unset,DMG,73,GRAPPLING TABLE,explicit_rule,page-sweep,core,,,
rule_shield,Shield,MODIFIES,cbt_pummel_grapple,Grappling,hinders the grappler,,neutral,unset,DMG,73,GRAPPLING TABLE,explicit_rule,page-sweep,core,,,
cbt_pummel_grapple,Grappling Hold,CONSTRAINS,cbt_pummel_grapple,Grappling,hold persists until a higher hold is scored,,neutral,unset,DMG,73,GRAPPLING TABLE,explicit_rule,page-sweep,core,,,
rule_stun,Stunned Opponent,GATES,cbt_pummel_grapple,Second Attack,immediate follow-up permitted,,enables,derived,DMG,73,GRAPPLING TABLE,explicit_rule,page-sweep,core,,,
rule_stun,Stunned Opponent,EXCLUDES,cbt_pummel_grapple,Counter,cannot counter for a round,,negates,derived,DMG,73,GRAPPLING TABLE,explicit_rule,page-sweep,core,,,
cbt_overbear,Overbearing,DERIVED_FROM,cbt_pummel_grapple,Weaponless Combat,takes the opponent prone,,neutral,derived,DMG,73,GRAPPLING TABLE,explicit_rule,page-sweep,core,,,
cbt_overbear,Overbearing,GATES,cbt_pummel_grapple,Follow-Up Attack,permits pummel or grapple after,,enables,derived,DMG,73,GRAPPLING TABLE,explicit_rule,page-sweep,core,,,
cbt_overbear,Overbearing,MODIFIES,rule_hit_points,Hit Points,half the damage is real,,neutral,unset,DMG,73,GRAPPLING TABLE,explicit_rule,page-sweep,core,,,
cbt_overbear,Overbearing,EXCLUDED_FROM,sys_equipment,Free Hands,attacker may hold shield or weapon,,negates,derived,DMG,73,GRAPPLING TABLE,explicit_rule,page-sweep,core,,,
cbt_surprise,Surprise,GATES,cbt_overbear,First Attack Initiative,first in the initiative order,,enables,derived,DMG,73,GRAPPLING TABLE,explicit_rule,page-sweep,core,,,
cbt_charge,Charging,GATES,cbt_overbear,First Attack Initiative,second in the initiative order,,enables,derived,DMG,73,GRAPPLING TABLE,explicit_rule,page-sweep,core,,,
abil_dexterity,Dexterity,GATES,cbt_overbear,First Attack Initiative,higher dexterity acts sooner,,enables,derived,DMG,73,GRAPPLING TABLE,explicit_rule,page-sweep,core,,,
abil_strength,Attacker Strength,MODIFIES,cbt_overbear,Overbearing,improves the score,,neutral,unset,DMG,73,OVERBEARING TABLE,explicit_rule,page-sweep,core,,,
tbl_height_weight,Weight Difference,MODIFIES,cbt_overbear,Overbearing,heavier attacker has the advantage,,governs,heuristic,DMG,73,OVERBEARING TABLE,explicit_rule,page-sweep,core,,,
abil_dexterity,Opponent Dexterity,MODIFIES,cbt_overbear,Overbearing,agile defenders resist,,neutral,unset,DMG,73,OVERBEARING TABLE,explicit_rule,page-sweep,core,,,
rule_braced,Braced Opponent,MODIFIES,cbt_overbear,Overbearing,set stance resists being borne over,,neutral,unset,DMG,73,OVERBEARING TABLE,explicit_rule,page-sweep,core,,,
cbt_overbear,Overborne Opponent,TRIGGERS,rule_stun,Stunned,worst result stuns for a round,,neutral,unset,DMG,73,OVERBEARING TABLE,explicit_rule,page-sweep,core,,,
cbt_overbear,Overborne Opponent,GATES,cbt_melee,Further Combat,some other combat form must follow,,enables,derived,DMG,73,OVERBEARING TABLE,explicit_rule,page-sweep,core,,,
cbt_pummel_grapple,Weaponless Combat,ALTERNATIVE_TO,cbt_pummel_grapple,Pummel Grapple Overbear,three distinct attack modes,,neutral,derived,DMG,72,NON-LETHAL AND WEAPONLESS COMBAT PROCEDURES,explicit_rule,page-sweep,core,,,
rule_secret_variable,Secret Variable,MODIFIES,cbt_pummel_grapple,Weaponless Combat,both sides roll hidden dice,,neutral,unset,DMG,72,NON-LETHAL AND WEAPONLESS COMBAT PROCEDURES,explicit_rule,page-sweep,core,,,
rule_secret_variable,Secret Variable,CONSTRAINS,cbt_pummel_grapple,Weaponless Combat,spent on the attempt or the result but not both,,neutral,unset,DMG,72,NON-LETHAL AND WEAPONLESS COMBAT PROCEDURES,explicit_rule,page-sweep,core,,,
rule_secret_variable,Secret Variable,GATES,rule_declared_action,Declaration,use must be chosen before each attack,,enables,derived,DMG,72,NON-LETHAL AND WEAPONLESS COMBAT PROCEDURES,explicit_rule,page-sweep,core,,,
rule_unconsciousness,Unconscious Party,EXCLUDES,rule_secret_variable,Secret Variable,gains no variable,,negates,derived,DMG,72,NON-LETHAL AND WEAPONLESS COMBAT PROCEDURES,explicit_rule,page-sweep,core,,,
rule_hit_points,Damage Beyond Zero,MODIFIES,rule_unconsciousness,Unconsciousness,duration scales with overkill,,neutral,unset,DMG,72,NON-LETHAL AND WEAPONLESS COMBAT PROCEDURES,explicit_rule,page-sweep,core,,,
rule_unconsciousness,Unconscious Opponent,TRIGGERS,death_character,Trussed or Slain,one round to finish,,neutral,unset,DMG,72,NON-LETHAL AND WEAPONLESS COMBAT PROCEDURES,explicit_rule,page-sweep,core,,,
cbt_armor_class,Opponent Armor Class,FEEDS_INTO,cbt_pummel_grapple,Base Score to Hit,AC times ten as a percentage,,neutral,derived,DMG,72,NON-LETHAL AND WEAPONLESS COMBAT PROCEDURES,explicit_rule,page-sweep,core,,,
cbt_armor_class,Negative Armor Class,EXCLUDES,cbt_pummel_grapple,Pummeling,no chance to score a hit,,negates,derived,DMG,72,NON-LETHAL AND WEAPONLESS COMBAT PROCEDURES,explicit_rule,page-sweep,core,,,
abil_dexterity,Attacker Dexterity,MODIFIES,cbt_pummel_grapple,Base Score to Hit,per point bonus,,neutral,unset,DMG,72,NON-LETHAL AND WEAPONLESS COMBAT PROCEDURES,explicit_rule,page-sweep,core,,,
cbt_armor_class,Attacker Armor Class,MODIFIES,cbt_pummel_grapple,Base Score to Hit,own protection aids the attempt,,neutral,unset,DMG,72,NON-LETHAL AND WEAPONLESS COMBAT PROCEDURES,explicit_rule,page-sweep,core,,,
spell_slow,Slowed Opponent,MODIFIES,cbt_pummel_grapple,Base Score to Hit,easier to strike,,neutral,unset,DMG,72,NON-LETHAL AND WEAPONLESS COMBAT PROCEDURES,explicit_rule,page-sweep,core,,,
rule_stun,Stunned Opponent,MODIFIES,cbt_pummel_grapple,Base Score to Hit,much easier to strike,,neutral,unset,DMG,72,NON-LETHAL AND WEAPONLESS COMBAT PROCEDURES,explicit_rule,page-sweep,core,,,
rule_prone,Prone or Helpless Opponent,OVERRIDES,cbt_pummel_grapple,Base Score to Hit,automatic hit,,neutral,derived,DMG,72,NON-LETHAL AND WEAPONLESS COMBAT PROCEDURES,explicit_rule,page-sweep,core,explicit_replacement,,
ex_movement_rate,High Base Movement,MODIFIES,cbt_pummel_grapple,Base Score to Hit,fast opponents are harder to catch,,neutral,unset,DMG,72,NON-LETHAL AND WEAPONLESS COMBAT PROCEDURES,explicit_rule,page-sweep,core,,,
spell_haste,Hasted Opponent,MODIFIES,cbt_pummel_grapple,Base Score to Hit,significant penalty to the attacker,,neutral,unset,DMG,72,NON-LETHAL AND WEAPONLESS COMBAT PROCEDURES,explicit_rule,page-sweep,core,,,
potion_speed,Potion of Speed,TRIGGERS,spell_haste,Hasted Condition,same effect for pummeling purposes,,neutral,unset,DMG,72,NON-LETHAL AND WEAPONLESS COMBAT PROCEDURES,explicit_rule,page-sweep,core,,,
cbt_surprise,Surprise,GATES,cbt_pummel_grapple,First Attack Initiative,first in the order of precedence,,enables,derived,DMG,72,NON-LETHAL AND WEAPONLESS COMBAT PROCEDURES,explicit_rule,page-sweep,core,,,
cbt_charge,Charging,GATES,cbt_pummel_grapple,First Attack Initiative,second in the order,,enables,derived,DMG,72,NON-LETHAL AND WEAPONLESS COMBAT PROCEDURES,explicit_rule,page-sweep,core,,,
abil_dexterity,Higher Dexterity,GATES,cbt_pummel_grapple,First Attack Initiative,third in the order,,enables,derived,DMG,72,NON-LETHAL AND WEAPONLESS COMBAT PROCEDURES,explicit_rule,page-sweep,core,,,
cbt_attack_matrix,Attack Matrix,RESOLVED_BY,rule_dice_probability,Twenty-Sided Die,score to hit read from the table,,governs,derived,DMG,74,COMBAT TABLES,explicit_rule,page-sweep,core,,,
exp_level,Experience Level,FEEDS_INTO,cbt_attack_matrix,Attack Matrix,level bands select the column,,neutral,derived,DMG,74,COMBAT TABLES,explicit_rule,page-sweep,core,,,
class_cleric,Cleric,DERIVED_FROM,cbt_attack_matrix,Matrix I.A,shares a matrix with druids and monks,,neutral,derived,DMG,74,I.A. ATTACK MATRIX FOR CLERICS DRUIDS AND MONKS,explicit_rule,page-sweep,core,,,
class_druid,Druid,DERIVED_FROM,cbt_attack_matrix,Matrix I.A,shares the clerical matrix,,neutral,derived,DMG,74,I.A. ATTACK MATRIX FOR CLERICS DRUIDS AND MONKS,explicit_rule,page-sweep,core,,,
class_monk,Monk,DERIVED_FROM,cbt_attack_matrix,Matrix I.A,shares the clerical matrix,,neutral,derived,DMG,74,I.A. ATTACK MATRIX FOR CLERICS DRUIDS AND MONKS,explicit_rule,page-sweep,core,,,
class_fighter,Fighter,DERIVED_FROM,cbt_attack_matrix,Matrix I.B,fighter matrix,,neutral,derived,DMG,74,I.B. ATTACK MATRIX FOR FIGHTERS,explicit_rule,page-sweep,core,,,
class_bard,Bard,DERIVED_FROM,cbt_attack_matrix,Matrix I.B,fights at highest fighter level attained,,neutral,derived,DMG,74,I.B. ATTACK MATRIX FOR FIGHTERS,explicit_rule,page-sweep,optional,,,
race_half_orc,Half-Orc NPC,DERIVED_FROM,cbt_attack_matrix,Monster Matrix,non-player half-orcs use the monster table,,neutral,derived,DMG,74,I.B. ATTACK MATRIX FOR FIGHTERS,explicit_rule,page-sweep,core,,,
race_any,Demihuman Race,CONSTRAINS,exp_level,Zero Level,dwarves elves and gnomes are never zero level,,neutral,unset,DMG,74,I.B. ATTACK MATRIX FOR FIGHTERS,explicit_rule,page-sweep,core,,,
race_halfling,Halfling,GATES,exp_level,Zero Level,halflings and humans may be zero level,,enables,derived,DMG,74,I.B. ATTACK MATRIX FOR FIGHTERS,explicit_rule,page-sweep,core,,,
rule_dm_discretion,DM Option,MODIFIES,cbt_attack_matrix,Fighter Progression,per-level advance instead of every two levels,,neutral,unset,DMG,74,Special Note Regarding Fighters' Progression:,explicit_rule,page-sweep,core,,,
monster_hd,Monster Hit Dice,FEEDS_INTO,cbt_attack_matrix,Monster Matrix,hit dice bands select the column,,neutral,derived,DMG,75,II. ATTACK MATRIX FOR MONSTERS,explicit_rule,page-sweep,core,,,
monster_hd,Hit Dice Plusses,MODIFIES,monster_hd,Hit Dice,large plusses count as another die,,neutral,unset,DMG,75,II. ATTACK MATRIX FOR MONSTERS,explicit_rule,page-sweep,core,,,
item_magic_weapon,Magic Weapon Plus,GATES,monster_special,Creatures Struck Only by Magic,weapon bonus must meet the threshold,,enables,derived,DMG,75,CREATURES STRUCK ONLY BY MAGIC WEAPONS,explicit_rule,page-sweep,core,,,
monster_hd,Attacker Hit Dice,ALTERNATIVE_TO,item_magic_weapon,Magic Weapon,sufficient hit dice substitute for a magic weapon,,neutral,derived,DMG,75,CREATURES STRUCK ONLY BY MAGIC WEAPONS,explicit_rule,page-sweep,core,,,
monster_special,Hit Only by Magic Weapons,CONSTRAINS,cbt_tohit,To-Hit,attacker must qualify to strike at all,,neutral,unset,DMG,75,CREATURES STRUCK ONLY BY MAGIC WEAPONS,explicit_rule,page-sweep,core,,,
monster_size,Attacker Size,FEEDS_INTO,monster_hd,Hit Dice Threshold,size and might substitute for enchantment,,neutral,derived,DMG,75,CREATURES STRUCK ONLY BY MAGIC WEAPONS,explicit_rule,page-sweep,core,,,
monster_undead,Undead Type,FEEDS_INTO,turn_undead,Turning Undead,row selected by undead type,,neutral,derived,DMG,75,III. MATRIX FOR CLERICS AFFECTING UNDEAD,explicit_rule,page-sweep,core,,,
turn_undead,Turning Undead,TRIGGERS,monster_undead,Turned Result,undead flee,,neutral,unset,DMG,75,III. MATRIX FOR CLERICS AFFECTING UNDEAD,explicit_rule,page-sweep,core,,,
turn_undead,Turning Undead,TRIGGERS,monster_undead,Destroyed Result,undead destroyed outright,high level clerics,neutral,unset,DMG,75,III. MATRIX FOR CLERICS AFFECTING UNDEAD,explicit_rule,page-sweep,core,,,
rule_oil,Flaming Oil,TRIGGERS,item_saving_throw,Item Saving Throw,cloth garments may catch fire,leaping across,neutral,unset,DMG,65,SPELL CASTING DURING MELEE,explicit_rule,page-sweep,core,,,
rule_oil,Flaming Oil,MODIFIES,rule_hit_points,Hit Points,damage per round standing in it,,neutral,unset,DMG,65,SPELL CASTING DURING MELEE,explicit_rule,page-sweep,core,,,
rule_holy_water,Holy Water,TRIGGERS,monster_undead,Undead,burns as acid,,neutral,unset,DMG,65,SPELL CASTING DURING MELEE,explicit_rule,page-sweep,core,,,
rule_holy_water,Holy Water,TRIGGERS,monster_demon_devil,Lower Planar Creatures,burns as acid,,neutral,unset,DMG,65,SPELL CASTING DURING MELEE,explicit_rule,page-sweep,core,,,
rule_holy_water,Unholy Water,TRIGGERS,class_paladin,Paladin,burns good-aligned creatures,,neutral,unset,DMG,65,SPELL CASTING DURING MELEE,explicit_rule,page-sweep,core,,,
rule_holy_water,Holy Water,EXCLUDED_FROM,monster_undead,Non-Material Undead,gaseous or incorporeal forms are immune,,negates,derived,DMG,65,SPELL CASTING DURING MELEE,explicit_rule,page-sweep,core,,,
sys_alignment,Alignment,GATES,rule_holy_water,Holy or Unholy Water,which liquid affects which creature,,enables,derived,DMG,65,SPELL CASTING DURING MELEE,explicit_rule,page-sweep,core,,,
cbt_initiative,Initiative,GATES,spell_casting_time,Spell Commencement,when casting begins,,enables,derived,DMG,65,SPELL CASTING DURING MELEE,explicit_rule,page-sweep,core,,,
cbt_damage,Being Struck,TRIGGERS,spell_disruption,Spell Disruption,any successful hit spoils the spell,,neutral,unset,DMG,65,SPELL CASTING DURING MELEE,explicit_rule,page-sweep,core,,,
spell_disruption,Spell Disruption,CONSUMES,rule_spell_memorization,Memorized Spell,lost as if cast,,neutral,derived,DMG,65,SPELL CASTING DURING MELEE,explicit_rule,page-sweep,core,,,
spell_component_somatic,Somatic Component,CONSTRAINS,rule_spell_casting,Spell Casting,must be smooth and uninterrupted,,neutral,unset,DMG,65,SPELL CASTING DURING MELEE,explicit_rule,page-sweep,core,,,
ex_movement_rate,Violent Movement,EXCLUDES,rule_spell_casting,Spell Casting,cannot cast while running or dodging,,negates,derived,DMG,65,SPELL CASTING DURING MELEE,explicit_rule,page-sweep,core,,,
rule_prone,Crouching or Prone,EXCLUDES,rule_spell_casting,Spell Casting,posture prevents somatic components,,negates,derived,DMG,65,SPELL CASTING DURING MELEE,explicit_rule,page-sweep,core,,,
spell_component_somatic,No Somatic Component,OVERRIDES,rule_prone,Posture Restriction,such spells may be cast prone,,neutral,derived,DMG,65,SPELL CASTING DURING MELEE,explicit_rule,page-sweep,core,explicit_replacement,,
ex_light_vision,Line of Sight,GATES,rule_spell_casting,Targeted Spells,caster must see the area of effect,,enables,derived,DMG,65,SPELL CASTING DURING MELEE,explicit_rule,page-sweep,core,,,
rule_spell_casting,Spell Casting,CONSTRAINS,rule_declared_action,Movement,cannot pause casting and relocate,,neutral,unset,DMG,65,SPELL CASTING DURING MELEE,explicit_rule,page-sweep,core,,,
cbt_pummel_grapple,A Mere Shove,TRIGGERS,spell_disruption,Spell Disruption,any interruption cancels the dweomer,,neutral,unset,DMG,65,SPELL CASTING DURING MELEE,explicit_rule,page-sweep,core,,,
turn_undead,Commanded Creature,CONSTRAINS,class_cleric,Cleric,compulsion ends if the cleric falls,,neutral,unset,DMG,66,TURNING UNDEAD,explicit_rule,page-sweep,core,,,
rule_unconsciousness,Cleric Unconscious,TRIGGERS,turn_undead,Release from Compulsion,commanded creatures are freed,,neutral,unset,DMG,66,TURNING UNDEAD,explicit_rule,page-sweep,core,,,
turn_undead,Freed Creature,TRIGGERS,cbt_melee,Retaliation,may attack the former controller,,neutral,unset,DMG,66,TURNING UNDEAD,explicit_rule,page-sweep,core,,,
monster_intelligence,Mindless Undead,OVERRIDES,turn_undead,Release from Compulsion,simply lose all animation,,neutral,derived,DMG,66,TURNING UNDEAD,explicit_rule,page-sweep,core,explicit_replacement,,
sys_alignment,Opposed Cleric,GATES,turn_undead,Counter-Affecting,may negate another cleric's turning,,enables,derived,DMG,66,TURNING UNDEAD,explicit_rule,page-sweep,core,,,
turn_undead,Counter-Affecting,CONSTRAINS,turn_undead,Counter-Affecting,may be countered in turn indefinitely,,neutral,unset,DMG,66,TURNING UNDEAD,explicit_rule,page-sweep,core,,,
turn_undead,Counter-Affecting,EXCLUDED_FROM,monster_undead,Destroyed Undead,cannot restore those already destroyed,,negates,derived,DMG,66,TURNING UNDEAD,explicit_rule,page-sweep,core,,,
turn_undead,Countered Creature,CONSTRAINS,cbt_melee,Action,powerless for the following round,,neutral,unset,DMG,66,TURNING UNDEAD,explicit_rule,page-sweep,core,,,
rule_consecrated_area,Evil Area,MODIFIES,turn_undead,Turning Undead,reduces the cleric's chance within its precincts,,neutral,unset,DMG,66,TURNING UNDEAD,explicit_rule,page-sweep,core,,,
rule_consecrated_area,Evil Area,CONSTRAINS,campaign_construction,Area Size,shrine and temple areas are limited in extent,,neutral,unset,DMG,66,TURNING UNDEAD,explicit_rule,page-sweep,core,,,
rule_desecration,Desecration,OVERRIDES,rule_consecrated_area,Evil Area,destroys the power base,,neutral,derived,DMG,66,TURNING UNDEAD,explicit_rule,page-sweep,core,explicit_replacement,,
rule_holy_water,Holy Water,FEEDS_INTO,rule_desecration,Desecration,poured upon the altar,,neutral,derived,DMG,66,TURNING UNDEAD,explicit_rule,page-sweep,core,,,
rule_planar_travel,Lower Planes,EXCLUDES,turn_undead,Turning Undead,good clerics cannot affect natives there,,negates,derived,DMG,66,TURNING UNDEAD,explicit_rule,page-sweep,core,,,
cbt_close_range,Closing to Striking Range,CONSUMES,time_segment_round_turn,Round,play advances without melee,,neutral,derived,DMG,66,FURTHER ACTIONS,explicit_rule,page-sweep,core,,,
ex_movement_rate,Base Speed,GATES,cbt_close_range,Closing to Striking Range,movement at base rate,,enables,derived,DMG,66,FURTHER ACTIONS,explicit_rule,page-sweep,core,,,
class_paladin,Paladin,DERIVED_FROM,monster_undead,Turnable Creature,paladins occupy a row on the turning table,,neutral,derived,DMG,76,COMBAT TABLES,explicit_rule,page-sweep,core,,,
sys_alignment,Evil Cleric,TRIGGERS,cbt_encounter_reactions,Reaction Roll,commanded undead take neutral or friendly attitude,,neutral,unset,DMG,76,COMBAT TABLES,explicit_rule,page-sweep,core,,,
sys_alignment,Good Cleric,CONSTRAINS,monster_undead,Turned Undead,driven away for a set duration,,neutral,unset,DMG,76,COMBAT TABLES,explicit_rule,page-sweep,core,,,
cbt_armor_class,Armor Class,EXCLUDES,turn_undead,Turning,very low AC creatures are unaffected,,negates,derived,DMG,76,COMBAT TABLES,explicit_rule,page-sweep,core,,,
monster_hd,Hit Dice,EXCLUDES,turn_undead,Turning,high hit dice creatures are unaffected,,negates,derived,DMG,76,COMBAT TABLES,explicit_rule,page-sweep,core,,,
magic_resistance,Magic Resistance,EXCLUDES,turn_undead,Turning,high resistance creatures are unaffected,,negates,derived,DMG,76,COMBAT TABLES,explicit_rule,page-sweep,core,,,
psi_combat,Psionic Combat,EXCLUDES,cbt_melee,Other Activity,combatants can do nothing else,,negates,derived,DMG,79,PSIONIC COMBAT NOTES,explicit_rule,page-sweep,optional,,,
psi_combat,Psionic Combat,CONSUMES,time_segment_round_turn,Segments,resolved in segments not rounds,,neutral,derived,DMG,79,PSIONIC COMBAT NOTES,explicit_rule,page-sweep,optional,,,
psi_attack_modes,Psionic Attack,TRIGGERS,psi_defense_modes,Defense Mode,defenders respond automatically with the best available,,neutral,unset,DMG,79,PSIONIC COMBAT NOTES,explicit_rule,page-sweep,optional,,,
psi_defense_modes,Defense Mode,CONSTRAINS,psi_attack_modes,Psionic Activity,only one activity besides defense,,neutral,unset,DMG,79,PSIONIC COMBAT NOTES,explicit_rule,page-sweep,optional,,,
psi_attack_modes,Psionic Attack,EXCLUDES,psi_disciplines,Psionic Discipline,cannot attack and use a discipline together,,negates,derived,DMG,79,PSIONIC COMBAT NOTES,explicit_rule,page-sweep,optional,,,
psi_disciplines,Psionic Discipline,EXCLUDES,psi_disciplines,Psionic Discipline,never two disciplines at once,,negates,derived,DMG,79,PSIONIC COMBAT NOTES,explicit_rule,page-sweep,optional,,,
psi_strength_points,Psionic Strength,FEEDS_INTO,psi_combat,Psionic Combat,strength band selects the attack row,,neutral,derived,DMG,76,COMBAT TABLES,explicit_rule,page-sweep,optional,,,
psi_defense_modes,Defense Mode,MODIFIES,psi_attack_modes,Attack Cost,each defense has a different cost against each attack,,neutral,unset,DMG,76,COMBAT TABLES,explicit_rule,page-sweep,optional,,,
save_matrix,Saving Throw Matrix,RESOLVED_BY,sys_classes,Character Class,four class groups,,governs,derived,DMG,79,I. SAVING THROW MATRIX FOR CHARACTERS,explicit_rule,page-sweep,core,,,
class_monk,Monk,DERIVED_FROM,class_thief,Thief Save Row,uses the thief saves,,neutral,derived,DMG,79,I. SAVING THROW MATRIX FOR CHARACTERS,explicit_rule,page-sweep,core,,,
save_matrix,Natural One,OVERRIDES,save_matrix,Saving Throw,always a failure regardless of protections,,neutral,derived,DMG,79,I. SAVING THROW MATRIX FOR CHARACTERS,explicit_rule,page-sweep,core,explicit_replacement,,
rule_multiclass,Multi-Class Character,OVERRIDES,save_matrix,Saving Throw,checks each class and takes the best,,neutral,derived,DMG,79,I. SAVING THROW MATRIX FOR CHARACTERS,explicit_rule,page-sweep,core,explicit_replacement,,
class_bard,Bard,OVERRIDES,save_matrix,Saving Throw,checks each class possessed,,neutral,derived,DMG,79,I. SAVING THROW MATRIX FOR CHARACTERS,explicit_rule,page-sweep,optional,explicit_replacement,,
monster_hd,Monster Hit Dice,FEEDS_INTO,save_matrix,Saving Throw Matrix,hit dice equate to experience level,,neutral,derived,DMG,79,II. SAVING THROW MATRIX FOR MONSTERS,explicit_rule,page-sweep,core,,,
save_petrify,Petrification or Polymorph,EXCLUDES,save_rod_staff_wand,Polymorph Wand Attacks,routed to the wand category instead,,negates,derived,DMG,79,I. SAVING THROW MATRIX FOR CHARACTERS,explicit_rule,page-sweep,core,,,
save_breath,Breath Weapon,EXCLUDES,save_petrify,Petrifying Breath,routed to the petrification category,,negates,derived,DMG,79,I. SAVING THROW MATRIX FOR CHARACTERS,explicit_rule,page-sweep,core,,,
save_spell,Spell Save,EXCLUDES,save_matrix,Other Save Types,used only where no specific category applies,,negates,derived,DMG,79,I. SAVING THROW MATRIX FOR CHARACTERS,explicit_rule,page-sweep,core,,,
rule_dm_discretion,DM Stipulations,MODIFIES,save_matrix,Saving Throws,referee may assign modifiers freely,,neutral,unset,DMG,81,Saving Throw Modifiers:,explicit_rule,page-sweep,core,,,
monster_special,Creature Attack Form,MODIFIES,save_matrix,Saving Throws,some attacks always carry an adjustment,,inflicts,heuristic,DMG,81,Saving Throw Modifiers:,explicit_rule,page-sweep,core,,,
item_magic_item,Magic Rings and Armor,MODIFIES,save_matrix,Saving Throws,devices grant save adjustments,,improves,heuristic,DMG,81,Saving Throw Modifiers:,explicit_rule,page-sweep,core,,,
exp_level,Caster Level,FEEDS_INTO,save_spell,Saving Throw vs Spell,willpower and control rise with level,,neutral,derived,DMG,81,COMBAT (SAVING THROWS),explicit_rule,page-sweep,core,,,
monster_special,Inherently Magical Creature,OVERRIDES,exp_level,Caster Level,exercises magical control instinctively,,neutral,derived,DMG,81,COMBAT (SAVING THROWS),explicit_rule,page-sweep,core,explicit_replacement,,
save_matrix,Successful Save,MODIFIES,cbt_damage,Damage,partial damage may still be fatal,,governs,heuristic,DMG,81,COMBAT (SAVING THROWS),explicit_rule,page-sweep,core,,,
rule_xp_division,Division of Experience,CONSTRAINS,exp_level,Experience Level,award split among the party,,neutral,unset,DMG,85,Division of Experience Points:,explicit_rule,page-sweep,core,,,
hench_henchmen,Henchmen,CONSUMES,rule_xp_division,Division of Experience,henchmen take a reduced share,,neutral,derived,DMG,85,Division of Experience Points:,explicit_rule,page-sweep,core,,,
rule_tutor,Tutor,GATES,training,Training,higher level mentor of the same class,,enables,derived,DMG,86,GAINING EXPERIENCE LEVELS,explicit_rule,page-sweep,core,,,
sys_alignment,In-Character Performance,FEEDS_INTO,rule_performance_rating,Performance Rating,DM rates play against class and alignment,,neutral,derived,DMG,86,GAINING EXPERIENCE LEVELS,explicit_rule,page-sweep,core,,,
exp_level,Experience Points,CONSTRAINS,exp_level,Experience Level,points cannot bank past the next level,,neutral,unset,DMG,86,GAINING EXPERIENCE LEVELS,explicit_rule,page-sweep,core,,,
rule_tutor,Tutor Availability,CONSTRAINS,exp_level,Experience Level,character is stuck until one is found,,neutral,unset,DMG,86,GAINING EXPERIENCE LEVELS,explicit_rule,page-sweep,core,,,
psi_combat,Psionic Combat Segment,CONSTRAINS,psi_attack_modes,Attack and Defense,one attack and one defense each,,neutral,unset,DMG,77,COMBAT TABLES,explicit_rule,page-sweep,optional,,,
psi_combat,Psionic Combat Segment,CONSUMES,psi_strength_points,Psionic Strength,attack and defense costs totalled,,neutral,derived,DMG,77,COMBAT TABLES,explicit_rule,page-sweep,optional,,,
psi_attack_modes,Psychic Crush,TRIGGERS,death_character,Death,successful crush kills outright,,neutral,unset,DMG,77,COMBAT TABLES,explicit_rule,page-sweep,optional,,,
psi_attack_modes,Psychic Crush,OVERRIDES,psi_combat,Psionic Combat,combat ends immediately on success,,neutral,derived,DMG,77,COMBAT TABLES,explicit_rule,page-sweep,optional,explicit_replacement,,
psi_defense_modes,Defenselessness,MODIFIES,psi_combat,Attack Resolution,undefended psionics suffer far worse results,,neutral,unset,DMG,77,IV.B. PSIONIC ATTACK UPON DEFENSELESS PSIONIC,explicit_rule,page-sweep,optional,,,
abil_intelligence,Intelligence,FEEDS_INTO,save_matrix,Psionic Blast Save,combined with wisdom to set the target number,,neutral,derived,DMG,78,IV.C. PSIONIC BLAST ATTACK UPON NON-PSIONIC CREATURE,explicit_rule,page-sweep,core,,,
abil_wisdom,Wisdom,FEEDS_INTO,save_matrix,Psionic Blast Save,combined with intelligence,,neutral,derived,DMG,78,IV.C. PSIONIC BLAST ATTACK UPON NON-PSIONIC CREATURE,explicit_rule,page-sweep,core,,,
cbt_encounter_distance,Attack Range,MODIFIES,save_matrix,Psionic Blast Save,closer attacks are harder to resist,,neutral,unset,DMG,78,IV.C. PSIONIC BLAST ATTACK UPON NON-PSIONIC CREATURE,explicit_rule,page-sweep,core,,,
class_magic_user,Magic-User,MODIFIES,save_matrix,Psionic Blast Save,class bonus,,improves,heuristic,DMG,78,Saving Throw Dice Adjustments,explicit_rule,page-sweep,core,,,
class_cleric,Cleric,MODIFIES,save_matrix,Psionic Blast Save,class bonus,,improves,heuristic,DMG,78,Saving Throw Dice Adjustments,explicit_rule,page-sweep,core,,,
race_elf,Elf,MODIFIES,save_matrix,Psionic Blast Save,racial bonus,,improves,heuristic,DMG,78,Saving Throw Dice Adjustments,explicit_rule,page-sweep,core,,,
race_dwarf,Dwarf,MODIFIES,save_matrix,Psionic Blast Save,large racial bonus,,improves,heuristic,DMG,78,Saving Throw Dice Adjustments,explicit_rule,page-sweep,core,,,
race_halfling,Halfling,MODIFIES,save_matrix,Psionic Blast Save,large racial bonus,,improves,heuristic,DMG,78,Saving Throw Dice Adjustments,explicit_rule,page-sweep,core,,,
psi_defense_modes,Intellect Fortress,MODIFIES,save_matrix,Psionic Blast Save,protects others nearby,,neutral,unset,DMG,78,Saving Throw Dice Adjustments,explicit_rule,page-sweep,optional,,,
spell_mind_blank,Mind Blank,MODIFIES,save_matrix,Psionic Blast Save,spell bonus,,inflicts,heuristic,DMG,78,Saving Throw Dice Adjustments,explicit_rule,page-sweep,core,,,
item_helm_telepathy,Helm of Telepathy,MODIFIES,save_matrix,Psionic Blast Save,item bonus,,improves,heuristic,DMG,78,Saving Throw Dice Adjustments,explicit_rule,page-sweep,core,,,
item_helm_telepathy,Helm of Telepathy,TRIGGERS,rule_stun,Attacker Stunned,successful save stuns the attacker,,neutral,unset,DMG,78,Saving Throw Dice Adjustments,explicit_rule,page-sweep,core,,,
item_mind_bar,Mind Bar,MODIFIES,save_matrix,Psionic Blast Save,largest item bonus,,improves,heuristic,DMG,78,Saving Throw Dice Adjustments,explicit_rule,page-sweep,core,,,
rule_fear,Panicked or Hopeless,MODIFIES,save_matrix,Psionic Blast Save,emotional state penalties,,neutral,unset,DMG,78,Saving Throw Dice Adjustments,explicit_rule,page-sweep,core,,,
spell_confusion,Confused,MODIFIES,save_matrix,Psionic Blast Save,penalty,,inflicts,heuristic,DMG,78,Saving Throw Dice Adjustments,explicit_rule,page-sweep,core,,,
rule_stun,Stunned,MODIFIES,save_matrix,Psionic Blast Save,severe penalty,,neutral,unset,DMG,78,Saving Throw Dice Adjustments,explicit_rule,page-sweep,core,,,
rule_psionic_use,Using a Psionic-Related Power,MODIFIES,save_matrix,Psionic Blast Save,severe penalty while engaged,,neutral,unset,DMG,78,Saving Throw Dice Adjustments,explicit_rule,page-sweep,core,,,
item_esp_device,ESP Device,MODIFIES,save_matrix,Psionic Blast Save,worst single penalty,,improves,heuristic,DMG,78,Saving Throw Dice Adjustments,explicit_rule,page-sweep,core,,,
spell_feeblemind,Feeblemind,MODIFIES,abil_intelligence,Combined Intelligence and Wisdom,reduces the total to the lowest band,,neutral,unset,DMG,78,Saving Throw Dice Adjustments,explicit_rule,page-sweep,core,,,
rule_insanity,Insanity,EXCLUDES,psi_attack_modes,Psionic Attack,insane creatures cannot be psionically attacked,,negates,derived,DMG,78,Saving Throw Dice Adjustments,explicit_rule,page-sweep,optional,,,
spell_esp,Psionic-Related Spells,FEEDS_INTO,rule_psionic_use,Psionic-Related Power,a long enumerated list of spells,,neutral,derived,DMG,78,Saving Throw Dice Adjustments,explicit_rule,page-sweep,core,,,
abil_strength,Strength Bonus,EXCLUDED_FROM,cbt_attack_matrix,Perfect Hit,bonuses cannot exceed a total of twenty,optional rule,negates,derived,DMG,82,PROGRESSION ON THE COMBAT TABLES,explicit_rule,page-sweep,core,,,
item_magic_weapon,Magic Weapon Bonus,EXCLUDED_FROM,cbt_attack_matrix,Perfect Hit,bonuses cannot carry past twenty,optional rule,negates,derived,DMG,82,PROGRESSION ON THE COMBAT TABLES,explicit_rule,page-sweep,core,,,
rule_hit_points,Hit Points,DERIVED_FROM,abil_constitution,Physique,actual capacity to take punishment,,neutral,derived,DMG,82,HIT POINTS,explicit_rule,page-sweep,core,,,
rule_hit_points,Hit Points,DERIVED_FROM,exp_level,Combat Skill,skill and experience raise effective survivability,,neutral,derived,DMG,82,HIT POINTS,explicit_rule,page-sweep,core,,,
rule_hit_points,Hit Points,DERIVED_FROM,rule_luck,Luck and Sixth Sense,intangible survival factors,,neutral,derived,DMG,82,HIT POINTS,explicit_rule,page-sweep,core,,,
rule_hit_points,Hit Points,DERIVED_FROM,item_magic_item,Magical Protection,provisions of magic contribute,,neutral,derived,DMG,82,HIT POINTS,explicit_rule,page-sweep,core,,,
rule_hit_points,Hit Points,DERIVED_FROM,rule_deity,Divine Protection,divine favour contributes,,neutral,derived,DMG,82,HIT POINTS,explicit_rule,page-sweep,core,,,
xp_monster,Experience for Monsters,ALTERNATIVE_TO,xp_treasure,Experience for Treasure,two sources of advancement,,neutral,derived,DMG,84,EXPERIENCE,explicit_rule,page-sweep,core,,,
rule_dm_discretion,Campaign Pace,MODIFIES,xp_treasure,Experience for Treasure,referee controls advancement speed,,neutral,unset,DMG,84,EXPERIENCE,explicit_rule,page-sweep,core,,,
sys_treasure,Treasure Recovered,GATES,xp_treasure,Experience for Treasure,must be brought out to count,,enables,derived,DMG,84,EXPERIENCE,inferred_rule,page-sweep,core,,,
rule_performance_rating,Performance Rating,GATES,rule_tutor,Tutor Requirement,poor performance forces tutelage,,enables,derived,DMG,86,GAINING EXPERIENCE LEVELS,explicit_rule,page-sweep,core,,,
training,Training,CONSTRAINS,rule_character_actions,Adventuring,no adventuring while training,,neutral,unset,DMG,86,GAINING EXPERIENCE LEVELS,inferred_rule,page-sweep,core,,,
money_gp,Training Cost,CONSUMES,sys_treasure,Treasure,drains accumulated wealth,,neutral,derived,DMG,86,GAINING EXPERIENCE LEVELS,explicit_rule,page-sweep,core,,,
campaign_climate,Climate and Ecology,CONSTRAINS,gen_random_encounter,Monster Placement,population must be ecologically supportable,,neutral,unset,DMG,88,TYPICAL INHABITANTS,explicit_rule,page-sweep,core,,,
rule_dm_discretion,DM Justification,GATES,campaign_climate,Ecology,referee must be able to defend the balance,,enables,derived,DMG,88,TYPICAL INHABITANTS,explicit_rule,page-sweep,core,,,
campaign_peasants,Typical Inhabitants,DERIVED_FROM,rule_occupation,Occupation Type,sedentary active or laboring,,neutral,derived,DMG,88,TYPICAL INHABITANTS,explicit_rule,page-sweep,core,,,
rule_occupation,Occupation Type,FEEDS_INTO,rule_hit_points,Hit Points,physical labour raises hit points,,neutral,derived,DMG,88,TYPICAL INHABITANTS,explicit_rule,page-sweep,core,,,
rule_occupation,Occupation Type,FEEDS_INTO,cbt_attack_matrix,Combat Ability,sedentary folk fight worse than zero level,,neutral,derived,DMG,88,TYPICAL INHABITANTS,explicit_rule,page-sweep,core,,,
rule_sex,Character Sex,MODIFIES,rule_hit_points,Hit Points,different ranges for typical inhabitants,,neutral,unset,DMG,88,TYPICAL INHABITANTS,explicit_rule,page-sweep,core,,,
campaign_peasants,Typical Inhabitants,EXCLUDED_FROM,sys_classes,Character Class,ordinary folk have no class abilities,,negates,derived,DMG,88,TYPICAL INHABITANTS,explicit_rule,page-sweep,core,,,
campaign_social_class,Government Form,CONSTRAINS,campaign_taxation,Taxation,who levies and how,,neutral,unset,DMG,89,Government Forms:,inferred_rule,page-sweep,core,,,
class_magic_user,Magic-User,GATES,campaign_social_class,Magocracy,government by magic-users only,,enables,derived,DMG,89,Government Forms:,explicit_rule,page-sweep,core,,,
rule_deity,Deity,GATES,campaign_social_class,Theocracy,rule by the god's direct representative,,enables,derived,DMG,89,Government Forms:,explicit_rule,page-sweep,core,,,
money_gp,Wealth,GATES,campaign_social_class,Plutocracy,government by the wealthy,,enables,derived,DMG,89,Government Forms:,explicit_rule,page-sweep,core,,,
tbl_age_categories,Age,GATES,campaign_social_class,Geriatocracy,government reserved to the elderly,,enables,derived,DMG,89,Government Forms:,explicit_rule,page-sweep,core,,,
rule_sex,Sex,GATES,campaign_social_class,Gynarchy,government reserved to females,,enables,derived,DMG,89,Government Forms:,explicit_rule,page-sweep,core,,,
campaign_social_class,Feudality,FEEDS_INTO,hench_loyalty,Fealty,each layer pledges to the one above,,neutral,derived,DMG,89,Government Forms:,explicit_rule,page-sweep,core,,,
campaign_social_class,Royal and Noble Titles,DERIVED_FROM,campaign_social_class,Social Rank,titled hierarchy,,neutral,derived,DMG,89,Royal And Noble Titles:,explicit_rule,page-sweep,core,,,
money_gp,Money Supply,MODIFIES,campaign_taxation,Inflation,excess coin devalues currency,,neutral,unset,DMG,90,ECONOMICS,inferred_rule,page-sweep,core,,,
rule_treasure_placement,Treasure Placement,MODIFIES,xp_treasure,Experience for Treasure,controls the advancement curve,,neutral,unset,DMG,91,PLACEMENT OF MONETARY TREASURE,explicit_rule,page-sweep,core,,,
rule_treasure_placement,Treasure Placement,CONSTRAINS,enc_encumbrance,Encumbrance,bulk of coin limits what can be carried out,,neutral,unset,DMG,91,PLACEMENT OF MONETARY TREASURE,inferred_rule,page-sweep,core,,,
rule_magic_item_placement,Placement of Magic Items,CONSTRAINS,rule_game_balance,Game Balance,over-supply unbalances the campaign,,neutral,unset,DMG,92,PLACEMENT OF MAGIC ITEMS,explicit_rule,page-sweep,core,,,
rule_magic_item_placement,Magic Item Placement,MODIFIES,xp_magic_items,Experience for Magic Items,advancement pacing,,neutral,unset,DMG,92,PLACEMENT OF MAGIC ITEMS,explicit_rule,page-sweep,core,,,
campaign_territory,Territory,FEEDS_INTO,campaign_peasants,Population,settlers arrive once secured,,neutral,derived,DMG,94,"PEASANTS, SERFS, AND SLAVES",explicit_rule,page-sweep,core,,,
campaign_social_class,Social Structure,CONSTRAINS,campaign_peasants,Peasants Serfs and Slaves,status determines obligation,,neutral,unset,DMG,94,"PEASANTS, SERFS, AND SLAVES",explicit_rule,page-sweep,core,,,
rule_npc_characteristics,NPC Personae,GATES,hench_henchmen,Non-Player Characters,well-developed NPCs are necessary,,enables,derived,DMG,100,PERSONAE OF NON-PLAYER CHARACTERS,explicit_rule,page-sweep,core,,,
rule_npc_characteristics,Personality,FEEDS_INTO,cbt_encounter_reactions,Encounter Reactions,introverted or extroverted manner,,neutral,derived,DMG,101,NON-PLAYER CHARACTERS (FACTS & TRAITS),explicit_rule,page-sweep,core,,,
rule_npc_characteristics,Nature,FEEDS_INTO,hench_loyalty,Loyalty,forgiving or vengeful,,neutral,derived,DMG,101,NON-PLAYER CHARACTERS (FACTS & TRAITS),explicit_rule,page-sweep,core,,,
rule_npc_characteristics,Honesty,FEEDS_INTO,hench_betrayal,Betrayal,liars and deceivers,,neutral,derived,DMG,101,NON-PLAYER CHARACTERS (FACTS & TRAITS),explicit_rule,page-sweep,core,,,
rule_npc_characteristics,Energy,MODIFIES,rule_npc_characteristics,Activity Level,slothful through driven,,neutral,unset,DMG,101,NON-PLAYER CHARACTERS (FACTS & TRAITS),explicit_rule,page-sweep,core,,,
rule_npc_characteristics,Morals,MODIFIES,sys_alignment,Alignment,ascetic through depraved,,neutral,unset,DMG,101,NON-PLAYER CHARACTERS (FACTS & TRAITS),explicit_rule,page-sweep,core,,,
rule_npc_characteristics,Extreme Morals,TRIGGERS,rule_npc_characteristics,Reroll,worst results require confirmation,,neutral,unset,DMG,101,NON-PLAYER CHARACTERS (FACTS & TRAITS),explicit_rule,page-sweep,core,,,
rule_npc_characteristics,Intellect,FEEDS_INTO,abil_intelligence,Intelligence,dull through brilliant,,neutral,derived,DMG,101,NON-PLAYER CHARACTERS (FACTS & TRAITS),explicit_rule,page-sweep,core,,,
rule_npc_characteristics,Bravery,FEEDS_INTO,cbt_morale,Morale,craven through fearless,,neutral,derived,DMG,101,NON-PLAYER CHARACTERS (FACTS & TRAITS),explicit_rule,page-sweep,core,,,
rule_npc_characteristics,Thrift,FEEDS_INTO,money_gp,Spending,miserly through wastrel,,neutral,derived,DMG,101,NON-PLAYER CHARACTERS (FACTS & TRAITS),explicit_rule,page-sweep,core,,,
rule_npc_characteristics,Piety,FEEDS_INTO,rule_deity,Religious Observance,saintly through irreligious,,neutral,derived,DMG,101,NON-PLAYER CHARACTERS (FACTS & TRAITS),explicit_rule,page-sweep,core,,,
rule_npc_characteristics,Interests,FEEDS_INTO,rule_negotiation,Negotiation,shared interests aid dealings,,neutral,derived,DMG,101,NON-PLAYER CHARACTERS (FACTS & TRAITS),inferred_rule,page-sweep,core,,,
rule_npc_characteristics,Collections,FEEDS_INTO,sys_treasure,Treasure,what the NPC hoards,,neutral,derived,DMG,101,NON-PLAYER CHARACTERS (FACTS & TRAITS),explicit_rule,page-sweep,core,,,
sys_alignment,Alignment,FEEDS_INTO,rule_npc_characteristics,NPC Facts,selected or rolled per NPC,,neutral,derived,DMG,101,FACTS,explicit_rule,page-sweep,core,,,
tbl_age_categories,Age,FEEDS_INTO,rule_npc_characteristics,Appearance,actual or apparent age,,neutral,derived,DMG,101,Appearance:,explicit_rule,page-sweep,core,,,
rule_disguise,Disguise,MODIFIES,rule_npc_characteristics,Apparent Age,age may be falsified,,neutral,unset,DMG,101,Appearance:,explicit_rule,page-sweep,core,,,
item_magic_item,Magic,MODIFIES,rule_npc_characteristics,Apparent Age,age may be magically altered,,neutral,unset,DMG,101,Appearance:,explicit_rule,page-sweep,core,,,
sys_equipment,Possessions,MODIFIES,rule_npc_characteristics,Appearance,goods alter how an NPC presents,,neutral,unset,DMG,101,Appearance:,explicit_rule,page-sweep,core,,,
rule_npc_characteristics,Thrift,CONSTRAINS,sys_equipment,Displayed Possessions,misers never show wealth,,neutral,unset,DMG,101,Appearance:,explicit_rule,page-sweep,core,,,
rule_insanity,Sanity,FEEDS_INTO,rule_npc_characteristics,NPC Facts,mental balance is a generated fact,,neutral,derived,DMG,101,Appearance:,explicit_rule,page-sweep,core,,,
hench_henchmen,Henchman,GATES,rule_npc_characteristics,Persona,DM plays them as individuals,,enables,derived,DMG,103,HIRING NON-PLAYER CHARACTERS TO CAST SPELLS,explicit_rule,page-sweep,core,,,
rule_reputation,Henchman Gossip,FEEDS_INTO,hench_loyalty,Loyalty,henchmen talk to others of their class,,neutral,derived,DMG,103,HIRING NON-PLAYER CHARACTERS TO CAST SPELLS,explicit_rule,page-sweep,core,,,
rule_reputation,Henchman Gossip,MODIFIES,hench_henchmen,Future Recruitment,reputation spreads among hirelings,,neutral,unset,DMG,103,HIRING NON-PLAYER CHARACTERS TO CAST SPELLS,inferred_rule,page-sweep,core,,,
hench_henchmen,Henchman,CONSTRAINS,money_gp,Loans,never lends without security,,neutral,unset,DMG,103,HIRING NON-PLAYER CHARACTERS TO CAST SPELLS,explicit_rule,page-sweep,core,,,
item_magic_item,Henchman's Magic Item,CONSTRAINS,rule_magic_item_use,Borrowing,requires equal security plus payment,,neutral,unset,DMG,103,HIRING NON-PLAYER CHARACTERS TO CAST SPELLS,explicit_rule,page-sweep,core,,,
abil_intelligence,Henchman Intelligence,MODIFIES,hench_betrayal,Trickery,clever henchmen may trick their master,,neutral,unset,DMG,103,HIRING NON-PLAYER CHARACTERS TO CAST SPELLS,explicit_rule,page-sweep,core,,,
rule_cleric_spells,Clerical Spell Services,CONSUMES,money_gp,Money,fee per spell and caster level,,neutral,derived,DMG,104,MONSTERS AND ORGANIZATION,explicit_rule,page-sweep,core,,,
exp_level,Caster Level,MODIFIES,rule_cleric_spells,Spell Service Fee,most fees scale with the caster's level,,neutral,unset,DMG,104,MONSTERS AND ORGANIZATION,explicit_rule,page-sweep,core,,,
spell_raise_dead,Raise Dead,CONSUMES,money_gp,Money,flat fee plus per level of the caster,,neutral,derived,DMG,104,MONSTERS AND ORGANIZATION,explicit_rule,page-sweep,core,,,
spell_restoration,Restoration,CONSUMES,money_gp,Money,scales with the recipient's level,,neutral,derived,DMG,104,MONSTERS AND ORGANIZATION,explicit_rule,page-sweep,core,,,
spell_heal,Heal,CONSUMES,money_gp,Money,priced per point of healing,,neutral,derived,DMG,104,MONSTERS AND ORGANIZATION,explicit_rule,page-sweep,core,,,
spell_gate,Gate,CONSUMES,money_gp,Money,among the most expensive services,,neutral,derived,DMG,104,MONSTERS AND ORGANIZATION,explicit_rule,page-sweep,core,,,
rule_piety,Regular Attendance,MODIFIES,rule_cleric_spells,Spell Service Fee,faithful characters pay less,,neutral,unset,DMG,104,MONSTERS AND ORGANIZATION,explicit_rule,page-sweep,core,,,
rule_travel_risk,Travel and Risk,MODIFIES,rule_cleric_spells,Spell Service Fee,doubles the fee or brings refusal,,neutral,unset,DMG,104,MONSTERS AND ORGANIZATION,explicit_rule,page-sweep,core,,,
rule_cleric_spells,Hired Spell Caster,EXCLUDES,rule_character_actions,Adventuring,will never accompany a party,,negates,derived,DMG,104,MONSTERS AND ORGANIZATION,explicit_rule,page-sweep,core,,,
rule_cleric_spells,Attack Spells,EXCLUDED_FROM,money_gp,Price List,deliberately omitted to discourage hiring,,negates,derived,DMG,104,MONSTERS AND ORGANIZATION,explicit_rule,page-sweep,core,,,
sys_alignment,Alignment,MODIFIES,rule_npc_magic_user,Spell Service Fee,non-clerics weigh alignment and risk,,neutral,unset,DMG,104,MONSTERS AND ORGANIZATION,explicit_rule,page-sweep,core,,,
rule_deity,Furthering the Deity's Cause,MODIFIES,money_gp,Payment,payment may be deferred,,neutral,unset,DMG,104,MONSTERS AND ORGANIZATION,explicit_rule,page-sweep,core,,,
money_gp,Deferred Payment,MODIFIES,rule_cleric_spells,Spell Service Fee,raises the fee or demands service,,neutral,unset,DMG,104,MONSTERS AND ORGANIZATION,explicit_rule,page-sweep,core,,,
spell_charm_person,Charm,TRIGGERS,rule_spell_failure,Miscast Spell,charmed casters may botch deliberately,,neutral,unset,DMG,104,MONSTERS AND ORGANIZATION,explicit_rule,page-sweep,core,,,
rule_spell_failure,Miscast Spell,CONSTRAINS,spell_charm_person,Charming a Caster,discourages charming spell casters for services,,neutral,unset,DMG,104,MONSTERS AND ORGANIZATION,explicit_rule,page-sweep,core,,,
rule_siege_engine,Direct Fire Machines,ALTERNATIVE_TO,rule_siege_engine,Indirect Fire Machines,two engine categories,,neutral,derived,DMG,109,Hit Determination:,explicit_rule,page-sweep,core,,,
rule_dm_discretion,DM Option,GATES,class_fighter,Artillery Training,fighters may learn engines instead of weapons,,enables,derived,DMG,109,Hit Determination:,explicit_rule,page-sweep,core,,,
exp_level,Crew Chief Level,RESOLVED_BY,rule_siege_engine,To-Hit Determination,chief's level selects the column,,governs,derived,DMG,109,Hit Determination:,explicit_rule,page-sweep,core,,,
rule_siege_engine,Siege Engine,OVERRIDES,cbt_armor_class,Armor Class,all targets count as a fixed AC,,neutral,derived,DMG,109,Hit Determination:,explicit_rule,page-sweep,core,explicit_replacement,,
hench_ship_crew,Crew Size,MODIFIES,rule_siege_engine,Rate of Fire,below minimum crew halves the rate,,neutral,unset,DMG,109,Hit Determination:,explicit_rule,page-sweep,core,,,
ex_movement_rate,Target Movement,MODIFIES,rule_siege_engine,To-Hit,stationary targets are far easier,,neutral,unset,DMG,109,Hit Determination:,explicit_rule,page-sweep,core,,,
monster_size,Target Size,MODIFIES,rule_siege_engine,To-Hit,castle walls are the easiest target,,neutral,unset,DMG,109,Hit Determination:,explicit_rule,page-sweep,core,,,
rule_siege_engine,Ranging Shot,MODIFIES,rule_siege_engine,To-Hit,subsequent shots at a stationary target improve,,neutral,unset,DMG,109,Hit Determination:,explicit_rule,page-sweep,core,,,
rule_wind,Weather,MODIFIES,rule_siege_engine,To-Hit,affects fire against ships,,neutral,unset,DMG,109,Hit Determination:,explicit_rule,page-sweep,core,,,
rule_siege_engine,Siege Miss,TRIGGERS,cbt_grenade_missile,Scatter Determination,misses resolved by the grenade rules,,neutral,unset,DMG,109,Hit Determination:,explicit_rule,page-sweep,core,,,
rule_siege_engine,Siege Miss,OVERRIDES,wpn_range,Range Limits,scatter may exceed minimum or maximum range,,neutral,derived,DMG,109,Hit Determination:,explicit_rule,page-sweep,core,explicit_replacement,,
rule_dm_discretion,DM Discretion,GATES,rule_deity,Divine Intervention,referee sets deity involvement,,enables,derived,DMG,112,CONDUCTING THE GAME,explicit_rule,page-sweep,core,,,
rule_piety,Exemplary Faithfulness,GATES,rule_deity,Divine Intervention,prerequisite for any aid,,enables,derived,DMG,112,CONDUCTING THE GAME,explicit_rule,page-sweep,core,,,
rule_deity,Divine Intervention,TRIGGERS,gen_random_encounter,Sent Creature,a creature may be dispatched to aid,,neutral,unset,DMG,112,CONDUCTING THE GAME,explicit_rule,page-sweep,core,,,
exp_level,Experience Level,MODIFIES,rule_deity,Divine Intervention,chance the deity itself appears,,neutral,unset,DMG,112,CONDUCTING THE GAME,explicit_rule,page-sweep,core,,,
rule_deity,Previous Intervention,MODIFIES,rule_deity,Divine Intervention,each prior aid reduces the chance,,neutral,unset,DMG,112,CONDUCTING THE GAME,explicit_rule,page-sweep,core,,,
sys_alignment,Alignment Behavior,MODIFIES,rule_deity,Divine Intervention,medial or borderline conduct penalises,,neutral,unset,DMG,112,CONDUCTING THE GAME,explicit_rule,page-sweep,core,,,
rule_quest,Serving the Deity Proximately,MODIFIES,rule_deity,Divine Intervention,largest single bonus,,neutral,unset,DMG,112,CONDUCTING THE GAME,explicit_rule,page-sweep,core,,,
rule_planar_travel,Outer Planes,EXCLUDES,rule_deity,Divine Intervention,deities will not intervene in others' homes,,negates,derived,DMG,112,CONDUCTING THE GAME,explicit_rule,page-sweep,core,,,
rule_planar_travel,Elemental Planes,CONSTRAINS,rule_deity,Divine Intervention,DM option depending on elemental gods,,neutral,unset,DMG,112,CONDUCTING THE GAME,explicit_rule,page-sweep,core,,,
death_character,Deprived of Material Body,TRIGGERS,rule_deity,Return to Own Plane,gods are banished not slain,,neutral,unset,DMG,112,Demi-Gods And Gods:,explicit_rule,page-sweep,core,,,
monster_demon_devil,Demons and Devils,DERIVED_FROM,rule_deity,Banishment,same mechanism as gods,,neutral,derived,DMG,112,Demi-Gods And Gods:,explicit_rule,page-sweep,core,,,
rule_multiple_characters,Multiple Characters per Player,CONSTRAINS,rule_player_character,Player Character,discouraged as a campaign practice,,neutral,unset,DMG,111,MULTIPLE CHARACTERS FOR A SINGLE PLAYER,explicit_rule,page-sweep,core,,,
item_brew_potion,Potion Manufacture,CONSUMES,rule_special_ingredient,Special Ingredient,each potion requires a specific creature part,,neutral,derived,DMG,117,MAGICAL RESEARCH (SCROLLS),explicit_rule,page-sweep,core,,,
gen_random_encounter,Monster,FEEDS_INTO,rule_special_ingredient,Special Ingredient,ingredients come from slain creatures,,neutral,derived,DMG,117,MAGICAL RESEARCH (SCROLLS),explicit_rule,page-sweep,core,,,
class_cleric,Cleric,GATES,rule_special_ingredient,Saintly Ingredients,some components only a cleric may use,,enables,derived,DMG,117,MAGICAL RESEARCH (SCROLLS),explicit_rule,page-sweep,core,,,
item_brew_potion,Potion Manufacture,TRIGGERS,item_delusion_potion,Delusion Potion,failures become delusion potions,optional failure rule,neutral,unset,DMG,117,MAGICAL RESEARCH (SCROLLS),explicit_rule,page-sweep,core,,,
item_scroll,Scroll,DERIVED_FROM,rule_spell_memorization,Spell Storage,scrolls are storage space for spells,,neutral,derived,DMG,117,Manufacture of Scrolls:,explicit_rule,page-sweep,core,,,
sys_classes,Character Class,CONSTRAINS,item_scribe_scroll,Scroll Inscription,each class scribes its own spells,,neutral,unset,DMG,117,Manufacture of Scrolls:,explicit_rule,page-sweep,core,,,
class_cleric,Cleric,GATES,item_scroll,Clerical Protection Scrolls,devils possession and undead,,enables,derived,DMG,117,Manufacture of Scrolls:,explicit_rule,page-sweep,core,,,
class_magic_user,Magic-User,GATES,item_scroll,Arcane Protection Scrolls,demons elementals lycanthropes magic petrification,,enables,derived,DMG,117,Manufacture of Scrolls:,explicit_rule,page-sweep,core,,,
item_scroll,Curse Scroll,EXCLUDED_FROM,sys_classes,Class Restriction,any spell user may scribe one,,negates,derived,DMG,117,Manufacture of Scrolls:,explicit_rule,page-sweep,core,,,
rule_spell_level,Spell Level,CONSTRAINS,item_scribe_scroll,Scroll Inscription,cannot scribe spells above one's casting ability,,neutral,unset,DMG,117,Manufacture of Scrolls:,explicit_rule,page-sweep,core,,,
spell_write,Write,OVERRIDES,rule_spell_level,Spell Level Limit,permits recording higher level spells for reference,,neutral,derived,DMG,117,Manufacture of Scrolls:,explicit_rule,page-sweep,core,explicit_replacement,,
rule_holy_water,Holy Water Receptacle,CONSTRAINS,rule_holy_water,Holy Water,vessel type matters,,neutral,unset,DMG,115,Holy/Unholy Water Receptacles:,explicit_rule,page-sweep,core,,,
item_enchant,Fabrication of Magic Items,CONSUMES,rule_time,Time,extended period of work,,neutral,derived,DMG,116,FABRICATION OF MAGIC ITEMS,explicit_rule,page-sweep,core,,,
hench_alchemist,Alchemist,MODIFIES,item_brew_potion,Potion Manufacture,assists the process,,neutral,unset,DMG,116,FABRICATION OF MAGIC ITEMS,explicit_rule,page-sweep,core,,,
rule_observer,Observing the Owner,ALTERNATIVE_TO,item_command_word,Learning the Command Word,note what is said in use,,neutral,derived,DMG,119,COMMAND WORDS,explicit_rule,page-sweep,core,,,
rule_torture,Force or Trickery,ALTERNATIVE_TO,item_command_word,Learning the Command Word,make the possessor divulge it,,neutral,derived,DMG,119,COMMAND WORDS,explicit_rule,page-sweep,core,,,
item_scroll,Accompanying Scroll,ALTERNATIVE_TO,item_command_word,Learning the Command Word,history and use may be recorded with the item,,neutral,derived,DMG,119,COMMAND WORDS,explicit_rule,page-sweep,core,,,
spell_legend_lore,Informational Spells,ALTERNATIVE_TO,item_command_word,Learning the Command Word,contact other plane legend lore speak with dead,,neutral,derived,DMG,119,COMMAND WORDS,explicit_rule,page-sweep,core,,,
rule_scrying,Crystal Balls and Scrying,TRIGGERS,rule_detection_invisibility,Detection,resolved on the invisibility detection table,,neutral,unset,DMG,119,CRYSTAL BALLS & SCRYING,explicit_rule,page-sweep,core,,,
rule_scrying,Scrying,CONSTRAINS,rule_scrying,Detection,only spell users may notice,,neutral,unset,DMG,119,CRYSTAL BALLS & SCRYING,explicit_rule,page-sweep,core,,,
spell_darkness,Darkness,OVERRIDES,rule_scrying,Scrying,halts observation for the spell duration,,neutral,derived,DMG,119,CRYSTAL BALLS & SCRYING,explicit_rule,page-sweep,core,explicit_replacement,,
spell_dispel_magic,Dispel Magic,OVERRIDES,rule_scrying,Scrying,halts observation for a full day,,neutral,derived,DMG,119,CRYSTAL BALLS & SCRYING,explicit_rule,page-sweep,core,explicit_replacement,,
rule_dm_discretion,DM Option,MODIFIES,rule_potion_use,Potion Onset,specific times may be set per potion,,neutral,unset,DMG,119,DRINKING POTIONS,explicit_rule,page-sweep,core,,,
sys_treasure,Treasure Type,GATES,rule_map_or_magic,Map or Magic Determination,lair treasure may indicate either,,enables,derived,DMG,120,RANDOM TREASURE DETERMINATION,explicit_rule,page-sweep,core,,,
rule_map_or_magic,Map or Magic Determination,FEEDS_INTO,tbl_treasure_map,Map Table,which table is consulted,,neutral,derived,DMG,120,I. MAP OR MAGIC DETERMINATION,explicit_rule,page-sweep,core,,,
rule_map_or_magic,Map or Magic Determination,FEEDS_INTO,magic_item_determination,Magic Items Table,which table is consulted,,neutral,derived,DMG,120,I. MAP OR MAGIC DETERMINATION,explicit_rule,page-sweep,core,,,
tbl_treasure_map,Map Table,TRIGGERS,rule_false_map,False Map,a portion of maps lead nowhere,,governs,heuristic,DMG,120,II. MAP TABLE,explicit_rule,page-sweep,core,,,
tbl_treasure_map,Map Table,FEEDS_INTO,sys_treasure,Monetary or Magic Hoard,what the map leads to,,neutral,derived,DMG,120,II. MAP TABLE,explicit_rule,page-sweep,core,,,
tbl_treasure_map,Map,CONSTRAINS,rule_information,Map Contents,shows location never contents,,governs,heuristic,DMG,120,II. MAP TABLE,explicit_rule,page-sweep,core,,,
gen_random_dungeon,Random Dungeon Generation,FEEDS_INTO,tbl_treasure_map,Map Route,used to plot where a found map leads,,neutral,derived,DMG,120,II. MAP TABLE,explicit_rule,page-sweep,core,,,
tbl_treasure_map,Map,TRIGGERS,gen_random_encounter,Guardians,treasure may be guarded en route,,governs,heuristic,DMG,120,II. MAP TABLE,explicit_rule,page-sweep,core,,,
magic_item_determination,Magic Items Table,FEEDS_INTO,item_magic_item,Magic Items,category then specific item,,neutral,derived,DMG,121,III. MAGIC ITEMS,explicit_rule,page-sweep,core,,,
potion_philter_love,Philter of Love,TRIGGERS,spell_charm_person,Charm,imbiber is charmed by the first creature seen,,neutral,unset,DMG,127,TREASURE (POTIONS),explicit_rule,page-sweep,core,,,
potion_philter_love,Philter of Love,CONSTRAINS,spell_dispel_magic,Dispel Magic,enamoring persists until dispelled,,neutral,unset,DMG,127,TREASURE (POTIONS),explicit_rule,page-sweep,core,,,
race_any,Race and Sex,MODIFIES,potion_philter_love,Philter of Love,similar race and opposite sex deepens the effect,,neutral,unset,DMG,127,TREASURE (POTIONS),explicit_rule,page-sweep,core,,,
potion_persuasiveness,Philter of Persuasiveness,MODIFIES,cbt_encounter_reactions,Reaction Dice,large bonus to reactions,,neutral,unset,DMG,127,TREASURE (POTIONS),explicit_rule,page-sweep,core,,,
potion_persuasiveness,Philter of Persuasiveness,GATES,spell_suggestion,Suggestion,grants repeated use at short range,,enables,derived,DMG,127,TREASURE (POTIONS),explicit_rule,page-sweep,core,,,
potion_plant_control,Plant Control,GATES,monster_plant,Vegetable Life,controls plants fungi and molds,,enables,derived,DMG,127,TREASURE (POTIONS),explicit_rule,page-sweep,core,,,
monster_intelligence,Plant Intelligence,TRIGGERS,save_spell,Saving Throw vs Magic,intelligent vegetable monsters may resist,,inflicts,heuristic,DMG,127,TREASURE (POTIONS),explicit_rule,page-sweep,core,,,
potion_plant_control,Plant Control,CONSTRAINS,monster_plant,Self-Destructive Orders,intelligent plants cannot be ordered to self-harm,,neutral,unset,DMG,127,TREASURE (POTIONS),explicit_rule,page-sweep,core,,,
potion_poison,Poison Potion,TRIGGERS,save_poison,Saving Throw vs Poison,ingestion or skin contact,,inflicts,heuristic,DMG,127,TREASURE (POTIONS),explicit_rule,page-sweep,core,,,
potion_poison,Poison Potion,MODIFIES,save_poison,Saving Throw,potency shifts the save adjustment,,inflicts,heuristic,DMG,127,TREASURE (POTIONS),explicit_rule,page-sweep,core,,,
spell_neutralize_poison,Neutralize Poison,MODIFIES,potion_poison,Poison Potion,may only reduce toxicity rather than remove,,neutral,unset,DMG,127,TREASURE (POTIONS),explicit_rule,page-sweep,core,,,
potion_poison,Poison Flask,DERIVED_FROM,cbt_grenade_missile,Grenade-Like Missile,may be hurled,DM option,neutral,derived,DMG,127,TREASURE (POTIONS),explicit_rule,page-sweep,optional,,,
potion_speed,Potion of Speed,MODIFIES,ex_movement_rate,Movement Rate,doubled,,neutral,unset,DMG,127,TREASURE (POTIONS),explicit_rule,page-sweep,core,,,
potion_speed,Potion of Speed,MODIFIES,cbt_attacks_per_round,Attacks Per Round,doubled,,neutral,unset,DMG,127,TREASURE (POTIONS),explicit_rule,page-sweep,core,,,
item_scroll,Protection from Demons,CONSUMES,time_segment_round_turn,Reading Time,longer reading protects against greater demons,,neutral,derived,DMG,128,Protection Scrolls:,explicit_rule,page-sweep,core,,,
item_scroll,Protection Scroll,GATES,rule_protection_circle,Circle of Protection,radius springs from the reader,,enables,derived,DMG,128,Protection Scrolls:,explicit_rule,page-sweep,core,,,
rule_protection_circle,Circle of Protection,EXCLUDES,monster_demon_devil,Warded Creatures,cannot penetrate physically or magically,,negates,derived,DMG,128,Protection Scrolls:,explicit_rule,page-sweep,core,,,
rule_protection_circle,Circle of Protection,GATES,cbt_melee,Attacks Outward,those within may still attack out,,enables,derived,DMG,128,Protection Scrolls:,explicit_rule,page-sweep,core,,,
rule_protection_circle,Circle of Protection,FEEDS_INTO,ex_movement_rate,Movement,the protection moves with the reader,,neutral,derived,DMG,128,Protection Scrolls:,explicit_rule,page-sweep,core,,,
rule_protection_circle,Forcing the Circle Forward,OVERRIDES,rule_protection_circle,Circle of Protection,voluntarily broken and lost,used offensively,neutral,derived,DMG,128,Protection Scrolls:,explicit_rule,page-sweep,core,explicit_replacement,,
item_scroll,Protection from Elementals,GATES,monster_elemental,Elemental Creatures,five varieties by element,,enables,derived,DMG,128,Protection Scrolls:,explicit_rule,page-sweep,core,,,
monster_hd,Hit Dice,CONSTRAINS,rule_protection_circle,Circle of Protection,capacity measured in hit dice warded,,neutral,unset,DMG,128,Protection Scrolls:,explicit_rule,page-sweep,core,,,
item_scroll,Protection from All Elementals,CONSTRAINS,rule_protection_circle,Circle of Protection,broader protection wards fewer hit dice,,neutral,unset,DMG,128,Protection Scrolls:,explicit_rule,page-sweep,core,,,
rule_protection_circle,Circle of Protection,EXCLUDED_FROM,save_spell,Magic Spells,does not protect against spells or other attack forms,,negates,derived,DMG,129,TREASURE (RINGS),explicit_rule,page-sweep,core,,,
rule_protection_circle,Leaving the Circle,EXCLUDES,rule_protection_circle,Protection,stepping out ends protection,,negates,derived,DMG,129,TREASURE (RINGS),explicit_rule,page-sweep,core,,,
item_scroll,Protection Scrolls,MODIFIES,rule_protection_circle,Circle of Protection,cumulative in effect but not duration,,neutral,unset,DMG,129,TREASURE (RINGS),explicit_rule,page-sweep,core,,,
item_ring,Magic Ring,CONSTRAINS,rule_magic_item_use,Identification,all rings look alike and must be tested,,neutral,unset,DMG,129,RINGS (III.C.),explicit_rule,page-sweep,core,,,
item_ring,Magic Ring,EXCLUDED_FROM,sys_alignment,Detect Good or Evil,no ring radiates alignment,,negates,derived,DMG,129,RINGS (III.C.),explicit_rule,page-sweep,core,,,
item_ring,Magic Ring,CONSTRAINS,item_ring,Magic Ring,no more than two worn at once,,neutral,unset,DMG,129,RINGS (III.C.),explicit_rule,page-sweep,core,,,
item_ring,Magic Ring,CONSTRAINS,sys_equipment,Placement,must be worn on the fingers,,neutral,unset,DMG,129,RINGS (III.C.),explicit_rule,page-sweep,core,,,
exp_level,Caster Level,FEEDS_INTO,item_ring,Ring Spell Abilities,function at a fixed level of magic use,,neutral,derived,DMG,129,RINGS (III.C.),explicit_rule,page-sweep,core,,,
item_ring,Magic Ring,GATES,sys_classes,All Classes,usable by any class not otherwise prohibited,,enables,derived,DMG,129,RINGS (III.C.),explicit_rule,page-sweep,core,,,
monster_special,Monsters with Digits,GATES,item_ring,Magic Ring,some monsters may wear and benefit,,enables,derived,DMG,129,RINGS (III.C.),explicit_rule,page-sweep,core,,,
race_dwarf,Dwarf,TRIGGERS,rule_ring_malfunction,Ring Malfunction,chance of failure per use,,neutral,unset,DMG,129,RINGS (III.C.),explicit_rule,page-sweep,core,,,
race_gnome,Gnome,TRIGGERS,rule_ring_malfunction,Ring Malfunction,chance of failure per use,,neutral,unset,DMG,129,RINGS (III.C.),explicit_rule,page-sweep,core,,,
race_halfling,Halfling,TRIGGERS,rule_ring_malfunction,Ring Malfunction,chance of failure per use,,neutral,unset,DMG,129,RINGS (III.C.),explicit_rule,page-sweep,core,,,
rule_ring_malfunction,Ring Malfunction,OVERRIDES,cursed_item,Cursed Ring,a malfunctioning curse is recognised and removable,,neutral,derived,DMG,129,RINGS (III.C.),explicit_rule,page-sweep,core,explicit_replacement,,
item_ring,Ring of Contrariness,DERIVED_FROM,cursed_item,Cursed Item,wearer cannot agree with anything,,neutral,derived,DMG,129,Ring of Contrariness:,explicit_rule,page-sweep,core,,,
spell_remove_curse,Remove Curse,OVERRIDES,item_ring,Ring of Contrariness,only means of removal,,neutral,derived,DMG,129,Ring of Contrariness:,explicit_rule,page-sweep,core,explicit_replacement,,
item_ring,Ring of Contrariness,CONSTRAINS,spell_remove_curse,Remove Curse,wearer actively resists the casting,,neutral,unset,DMG,129,Ring of Contrariness:,explicit_rule,page-sweep,core,,,
item_ring,Ring of Contrariness,GATES,item_ring,Secondary Power,carries an additional random property,,enables,derived,DMG,129,Ring of Contrariness:,explicit_rule,page-sweep,core,,,
item_ring,Ring of Contrariness,EXCLUDES,cbt_damage,Self-Harm,wearer will never damage him or herself,,negates,derived,DMG,129,Ring of Contrariness:,explicit_rule,page-sweep,core,,,
item_ring,Ring of Delusion,MODIFIES,rule_player_character,Character Abilities,wearer unconsciously produces the imagined effect,,neutral,unset,DMG,129,Ring of Delusion:,explicit_rule,page-sweep,core,,,
item_magic_item,Other Magic Items,FEEDS_INTO,item_ring,Ring of Delusion,wearer may unconsciously use other items to fake it,,neutral,derived,DMG,129,Ring of Delusion:,explicit_rule,page-sweep,core,,,
magic_item_determination,Magic Item Tables,GATES,item_ring,Rings,category subtable,,enables,derived,DMG,122,III.C. RINGS,explicit_rule,page-sweep,core,,,
magic_item_determination,Magic Item Tables,GATES,item_rod_staff_wand,Rods Staves and Wands,category subtable,,enables,derived,DMG,122,"III.D. RODS, STAVES, & WANDS",explicit_rule,page-sweep,core,,,
item_magic_item,Magic Item,FEEDS_INTO,xp_magic_items,Experience Point Value,each item carries an XP award,,neutral,derived,DMG,122,III.C. RINGS,explicit_rule,page-sweep,core,,,
item_magic_item,Magic Item,FEEDS_INTO,money_gp,Sale Value,each item has a gold piece value,,neutral,derived,DMG,122,III.C. RINGS,explicit_rule,page-sweep,core,,,
cursed_item,Cursed Item,EXCLUDED_FROM,xp_magic_items,Experience Point Value,cursed items award no experience,,negates,derived,DMG,122,III.C. RINGS,explicit_rule,page-sweep,core,,,
item_rod_staff_wand,Rods Staves and Wands,CONSTRAINS,sys_classes,Class Restriction,most items are limited by class,,neutral,unset,DMG,122,"III.D. RODS, STAVES, & WANDS",explicit_rule,page-sweep,core,,,
item_ring,Powerful Rings,CONSUMES,rule_charges,Charges,most powerful rings may be charge-limited,DM option,neutral,derived,DMG,122,III.C. RINGS,explicit_rule,page-sweep,optional,,,
potion_esp,Potion of ESP,DERIVED_FROM,spell_esp,ESP Spell,duplicates the spell with altered duration,,neutral,derived,DMG,126,TREASURE (POTIONS),explicit_rule,page-sweep,core,,,
potion_extra_healing,Extra-Healing,MODIFIES,rule_hit_points,Hit Points,restores damage in fractions by dose,,neutral,unset,DMG,126,TREASURE (POTIONS),explicit_rule,page-sweep,core,,,
potion_extra_healing,Partial Dose,MODIFIES,potion_extra_healing,Extra-Healing,thirds of the potion heal proportionally,,neutral,unset,DMG,126,TREASURE (POTIONS),explicit_rule,page-sweep,core,,,
potion_fire_resistance,Fire Resistance,EXCLUDES,cbt_damage,Normal Fire,total invulnerability to ordinary flame,,negates,derived,DMG,126,TREASURE (POTIONS),explicit_rule,page-sweep,core,,,
potion_fire_resistance,Fire Resistance,MODIFIES,cbt_damage,Magical Fire,reduces damage per die,,neutral,unset,DMG,126,TREASURE (POTIONS),explicit_rule,page-sweep,core,,,
potion_fire_resistance,Fire Resistance,MODIFIES,save_matrix,Saving Throw,bonus against fire attacks,,improves,heuristic,DMG,126,TREASURE (POTIONS),explicit_rule,page-sweep,core,,,
potion_fire_resistance,Half Dose,MODIFIES,potion_fire_resistance,Fire Resistance,halved benefits and duration,,neutral,unset,DMG,126,TREASURE (POTIONS),explicit_rule,page-sweep,core,,,
potion_flying,Potion of Flying,DERIVED_FROM,spell_fly,Fly Spell,duplicates the spell,,neutral,derived,DMG,126,TREASURE (POTIONS),explicit_rule,page-sweep,core,,,
potion_gaseous_form,Gaseous Form,MODIFIES,ex_movement_rate,Movement Rate,slow gaseous drift,,neutral,unset,DMG,126,TREASURE (POTIONS),explicit_rule,page-sweep,core,,,
potion_gaseous_form,Gaseous Form,FEEDS_INTO,sys_equipment,Carried Gear,possessions become gaseous with the drinker,,neutral,derived,DMG,126,TREASURE (POTIONS),explicit_rule,page-sweep,core,,,
potion_gaseous_form,Gaseous Form,EXCLUDES,cbt_melee,Physical Attack,gaseous creatures cannot be struck normally,,negates,derived,DMG,126,TREASURE (POTIONS),inferred_rule,page-sweep,core,,,
item_ring,Ring of Shooting Stars,TRIGGERS,save_spell,Saving Throw vs Magic,creatures in the path must save,,improves,heuristic,DMG,131,TREASURE (RINGS),explicit_rule,page-sweep,core,,,
cbt_encounter_distance,Proximity to Wearer,MODIFIES,save_spell,Saving Throw,closer targets save at a penalty,,neutral,unset,DMG,131,TREASURE (RINGS),explicit_rule,page-sweep,core,,,
item_ring,Spark Shower,MODIFIES,cbt_damage,Damage,metallic armor or weapons double the damage taken,,neutral,unset,DMG,131,TREASURE (RINGS),explicit_rule,page-sweep,core,,,
sys_armor,Metallic Armor,MODIFIES,cbt_damage,Electrical Damage,conducts and worsens the injury,,neutral,unset,DMG,131,TREASURE (RINGS),explicit_rule,page-sweep,core,,,
rule_light,Indoors or Underground,GATES,item_ring,Ring of Shooting Stars,different powers by setting,,enables,derived,DMG,131,TREASURE (RINGS),explicit_rule,page-sweep,core,,,
item_ring,Ring of Spell Storing,GATES,rule_spell_casting,Spell Casting,wearer casts as an appropriate level user,,enables,derived,DMG,131,TREASURE (RINGS),explicit_rule,page-sweep,core,,,
item_ring,Ring of Spell Storing,DERIVED_FROM,item_scroll,Scroll Spell Determination,class determined the same way as scrolls,,neutral,derived,DMG,131,TREASURE (RINGS),explicit_rule,page-sweep,core,,,
item_ring,Ring of Spell Storing,FEEDS_INTO,rule_information,Empathic Knowledge,imparts the names of its spells,,neutral,derived,DMG,131,TREASURE (RINGS),explicit_rule,page-sweep,core,,,
item_ring,Ring of Weakness,MODIFIES,abil_strength,Strength,one point lost per turn to a floor,,neutral,unset,DMG,132,TREASURE (RINGS),explicit_rule,page-sweep,core,,,
item_ring,Ring of Weakness,MODIFIES,abil_constitution,Constitution,one point lost per turn to a floor,,neutral,unset,DMG,132,TREASURE (RINGS),explicit_rule,page-sweep,core,,,
item_ring,Ring of Weakness,CONSTRAINS,rule_player_knowledge,Awareness,loss is unnoticed until exertion reveals it,,neutral,unset,DMG,132,TREASURE (RINGS),explicit_rule,page-sweep,core,,,
rule_invisibility,Invisibility at Will,MODIFIES,item_ring,Ring of Weakness,using it doubles the drain rate,,neutral,unset,DMG,132,TREASURE (RINGS),explicit_rule,page-sweep,core,,,
item_ring,Ring of Weakness,CONSTRAINS,sys_classes,Class Function,full weakness prevents class ability,,neutral,unset,DMG,132,TREASURE (RINGS),explicit_rule,page-sweep,core,,,
spell_remove_curse,Remove Curse,GATES,spell_dispel_magic,Dispel Magic,both required in sequence to remove the ring,,enables,derived,DMG,132,TREASURE (RINGS),explicit_rule,page-sweep,core,,,
item_ring,Ring of Berserk Strength,ALTERNATIVE_TO,item_ring,Ring of Weakness,rare reversed form,,neutral,derived,DMG,132,TREASURE (RINGS),explicit_rule,page-sweep,core,,,
item_ring,Ring of Berserk Strength,MODIFIES,abil_str_exceptional,Exceptional Strength,fighters roll percentile bonus,,neutral,unset,DMG,132,TREASURE (RINGS),explicit_rule,page-sweep,core,,,
item_ring,Ring of Berserk Strength,TRIGGERS,cbt_melee,Compulsory Melee,wearer attacks anyone met once maxed,,neutral,unset,DMG,132,TREASURE (RINGS),explicit_rule,page-sweep,core,,,
rule_rest,Rest,OVERRIDES,item_ring,Ring of Weakness,lost points restored by resting,,neutral,derived,DMG,132,TREASURE (RINGS),explicit_rule,page-sweep,core,explicit_replacement,,
item_ring,Ring of Wizardry,GATES,class_magic_user,Magic-User,only magic-users can use or understand it,,enables,derived,DMG,132,TREASURE (RINGS),explicit_rule,page-sweep,core,,,
item_ring,Ring of Wizardry,MODIFIES,rule_spell_memorization,Spells Per Day,doubles capacity at certain spell levels,,neutral,unset,DMG,132,TREASURE (RINGS),explicit_rule,page-sweep,core,,,
rule_spell_level,Spell Level,FEEDS_INTO,item_ring,Ring of Wizardry,which levels are doubled is rolled,,neutral,derived,DMG,132,TREASURE (RINGS),explicit_rule,page-sweep,core,,,
item_ring,Ring of X-Ray Vision,GATES,ex_light_vision,Vision,see through opaque substances,,enables,derived,DMG,132,TREASURE (RINGS),explicit_rule,page-sweep,core,,,
item_rod_cancellation,Rod of Cancellation,TRIGGERS,item_saving_throw,Item Saving Throw,touched items must save or be drained,,neutral,unset,DMG,133,"TREASURE (RODS, STAVES & WANDS)",explicit_rule,page-sweep,core,,,
item_rod_cancellation,Rod of Cancellation,GATES,cbt_tohit,To-Hit Roll,contact requires a normal melee hit,,enables,derived,DMG,133,"TREASURE (RODS, STAVES & WANDS)",explicit_rule,page-sweep,core,,,
item_magic_item,Item Type,FEEDS_INTO,item_saving_throw,Cancellation Save,each item class has its own target number,,neutral,derived,DMG,133,"TREASURE (RODS, STAVES & WANDS)",explicit_rule,page-sweep,core,,,
item_artifact,Artifact or Relic,MODIFIES,item_saving_throw,Cancellation Save,by far the best save,,neutral,unset,DMG,133,"TREASURE (RODS, STAVES & WANDS)",explicit_rule,page-sweep,optional,,,
item_rod_cancellation,Rod of Cancellation,TRIGGERS,rule_item_destruction,Item Drained,magic is permanently removed,,neutral,unset,DMG,133,"TREASURE (RODS, STAVES & WANDS)",explicit_rule,page-sweep,core,,,
spell_wish,Wish,EXCLUDED_FROM,rule_item_destruction,Drained Items,cannot restore a cancelled item,,negates,derived,DMG,133,"TREASURE (RODS, STAVES & WANDS)",explicit_rule,page-sweep,core,,,
item_rod_cancellation,Rod of Cancellation,CONSTRAINS,item_rod_cancellation,Rod of Cancellation,becomes brittle and spent after one drain,,neutral,unset,DMG,133,"TREASURE (RODS, STAVES & WANDS)",explicit_rule,page-sweep,core,,,
sys_equipment,Grouped Small Items,MODIFIES,item_rod_cancellation,Rod of Cancellation,arrows in one container drain together,,neutral,unset,DMG,133,"TREASURE (RODS, STAVES & WANDS)",explicit_rule,page-sweep,core,,,
abil_strength,Strength,GATES,item_rod_lordly_might,Rod of Lordly Might,heavy rod requires high strength to wield,,enables,derived,DMG,133,"TREASURE (RODS, STAVES & WANDS)",explicit_rule,page-sweep,core,,,
item_rod_lordly_might,Rod of Lordly Might,TRIGGERS,spell_hold_person,Paralyzation,on touch at the wielder's command,,neutral,unset,DMG,133,"TREASURE (RODS, STAVES & WANDS)",explicit_rule,page-sweep,core,,,
item_rod_lordly_might,Rod of Lordly Might,TRIGGERS,rule_fear,Fear,affects all enemies viewing it,,neutral,unset,DMG,133,"TREASURE (RODS, STAVES & WANDS)",explicit_rule,page-sweep,core,,,
item_rod_lordly_might,Rod of Lordly Might,MODIFIES,rule_hit_points,Hit Points,drains from the touched and gives to the wielder,,neutral,unset,DMG,133,"TREASURE (RODS, STAVES & WANDS)",explicit_rule,page-sweep,core,,,
item_rod_lordly_might,Hit Point Drain,CONSTRAINS,rule_hit_points,Hit Points,cannot exceed the wielder's normal maximum,,neutral,unset,DMG,133,"TREASURE (RODS, STAVES & WANDS)",explicit_rule,page-sweep,core,,,
item_rod_lordly_might,Rod of Lordly Might,CONSUMES,rule_charges,Charges,each spell-like function costs a charge,,neutral,derived,DMG,133,"TREASURE (RODS, STAVES & WANDS)",explicit_rule,page-sweep,core,,,
item_rod_lordly_might,Rod of Lordly Might,TRIGGERS,save_spell,Saving Throw vs Magic,victims may resist most functions,,improves,heuristic,DMG,133,"TREASURE (RODS, STAVES & WANDS)",explicit_rule,page-sweep,core,,,
item_rod_lordly_might,Rod of Lordly Might,ALTERNATIVE_TO,sys_equipment,Weapon Forms,transforms into several weapon types,,neutral,derived,DMG,133,"TREASURE (RODS, STAVES & WANDS)",explicit_rule,page-sweep,core,,,
sys_classes,Wielder Class,MODIFIES,item_staff,Staff Powers,same staff functions differently by class,,neutral,unset,DMG,134,"TREASURE (RODS, STAVES & WANDS)",explicit_rule,page-sweep,core,,,
class_magic_user,Magic-User,EXCLUDES,potion_plant_control,Plant Control,cannot control plants at all,,negates,derived,DMG,134,"TREASURE (RODS, STAVES & WANDS)",explicit_rule,page-sweep,core,,,
item_staff_curing,Staff of Curing,OVERRIDES,rule_disease,Disease,cures affliction,,neutral,derived,DMG,134,"TREASURE (RODS, STAVES & WANDS)",explicit_rule,page-sweep,core,explicit_replacement,,
item_staff_curing,Staff of Curing,OVERRIDES,rule_insanity,Insanity,cures madness,,neutral,derived,DMG,134,"TREASURE (RODS, STAVES & WANDS)",explicit_rule,page-sweep,core,explicit_replacement,,
item_staff_curing,Staff of Curing,MODIFIES,rule_hit_points,Hit Points,cures wounds,,neutral,unset,DMG,134,"TREASURE (RODS, STAVES & WANDS)",explicit_rule,page-sweep,core,,,
item_staff_curing,Staff of Curing,CONSTRAINS,rule_time,Uses Per Day,once per person and limited total uses daily,,neutral,unset,DMG,134,"TREASURE (RODS, STAVES & WANDS)",explicit_rule,page-sweep,core,,,
item_staff_magi,Staff of the Magi,MODIFIES,save_spell,Saving Throw vs Magic,bonus to all magic saves,,improves,heuristic,DMG,134,"TREASURE (RODS, STAVES & WANDS)",explicit_rule,page-sweep,core,,,
item_staff_magi,Staff of the Magi,GATES,rule_spell_absorption,Spell Absorption,absorbs magic directed at the wielder,,enables,derived,DMG,134,"TREASURE (RODS, STAVES & WANDS)",explicit_rule,page-sweep,core,,,
rule_spell_absorption,Spell Absorption,FEEDS_INTO,rule_charges,Charges,absorbed levels recharge the staff,,neutral,derived,DMG,134,"TREASURE (RODS, STAVES & WANDS)",explicit_rule,page-sweep,core,,,
rule_spell_absorption,Over-Absorption,TRIGGERS,rule_retributive_strike,Retributive Strike,exceeding the charge limit explodes the staff,,neutral,unset,DMG,134,"TREASURE (RODS, STAVES & WANDS)",explicit_rule,page-sweep,core,,,
rule_spell_absorption,Spell Absorption,CONSTRAINS,rule_declared_action,Declaration,absorption must be chosen in advance,,neutral,unset,DMG,134,"TREASURE (RODS, STAVES & WANDS)",explicit_rule,page-sweep,core,,,
item_staff_magi,Staff of the Magi,GATES,rule_planar_travel,Plane Travel,movement between planes,,enables,derived,DMG,134,"TREASURE (RODS, STAVES & WANDS)",explicit_rule,page-sweep,core,,,
item_wand,Wand,RESOLVED_BY,exp_level,Effective Caster Level,wands function at a fixed level,,governs,derived,DMG,135,Wands:,explicit_rule,page-sweep,core,,,
rule_dm_discretion,DM Option,TRIGGERS,rule_wand_backfire,Wand Backfire,a small fraction of wands are trapped,,neutral,unset,DMG,135,Wands:,explicit_rule,page-sweep,core,,,
item_wand,Wand of Conjuration,GATES,rule_information,Spell Recognition,identifies conjuration spells on sight,,enables,derived,DMG,135,Wands:,explicit_rule,page-sweep,core,,,
item_wand,Wand of Conjuration,GATES,spell_monster_summoning,Monster Summoning,summons per charge expended,,enables,derived,DMG,135,Wands:,explicit_rule,page-sweep,core,,,
exp_level,Experience Level,GATES,item_wand,Wand of Conjuration,wielder must be able to cast the summoning,,enables,derived,DMG,135,Wands:,explicit_rule,page-sweep,core,,,
item_wand,Curtain of Blackness,OVERRIDES,rule_light,Light,absorbs all light within its area,,neutral,derived,DMG,135,Wands:,explicit_rule,page-sweep,core,explicit_replacement,,
item_wand,Curtain of Blackness,CONSTRAINS,campaign_construction,Placement,must stretch floor to ceiling and wall to wall,,neutral,unset,DMG,135,Wands:,explicit_rule,page-sweep,core,,,
item_wand,Wand of Enemy Detection,GATES,rule_detection,Detection,finds hostile creatures regardless of concealment,,enables,derived,DMG,135,Wands:,explicit_rule,page-sweep,core,,,
rule_invisibility,Invisibility,EXCLUDED_FROM,item_wand,Wand of Enemy Detection,invisibility does not defeat it,,negates,derived,DMG,135,Wands:,explicit_rule,page-sweep,core,,,
rule_planar_travel,Ethereal or Astral,EXCLUDED_FROM,item_wand,Wand of Enemy Detection,planar displacement does not defeat it,,negates,derived,DMG,135,Wands:,explicit_rule,page-sweep,core,,,
rule_disguise,Disguise,EXCLUDED_FROM,item_wand,Wand of Enemy Detection,disguise does not defeat it,,negates,derived,DMG,135,Wands:,explicit_rule,page-sweep,core,,,
item_wand,Wand of Fear,TRIGGERS,save_rod_staff_wand,Saving Throw vs Wands,targets must save,,improves,heuristic,DMG,135,Wands:,explicit_rule,page-sweep,core,,,
item_wand,Wand of Fear,TRIGGERS,rule_fear,Fear,failed save causes flight,,neutral,unset,DMG,135,Wands:,explicit_rule,page-sweep,core,,,
item_wand,Wand of Metal and Mineral Detection,FEEDS_INTO,tbl_gem_value,Mineral Identification,wielder learns type and approximate quantity,,neutral,derived,DMG,136,"TREASURE (RODS, STAVES & WANDS)",explicit_rule,page-sweep,core,,,
item_wand,Wand of Magic Missiles,DERIVED_FROM,spell_magic_missile,Magic Missile,duplicates the spell,,neutral,derived,DMG,136,"TREASURE (RODS, STAVES & WANDS)",explicit_rule,page-sweep,core,,,
class_magic_user,Magic-User,OVERRIDES,cbt_tohit,To-Hit Roll,missiles always hit for a magic-user,,neutral,derived,DMG,136,"TREASURE (RODS, STAVES & WANDS)",explicit_rule,page-sweep,core,explicit_replacement,,
sys_classes,Non-Magic-User,MODIFIES,item_wand,Wand of Magic Missiles,requires a to-hit roll,,neutral,unset,DMG,136,"TREASURE (RODS, STAVES & WANDS)",explicit_rule,page-sweep,core,,,
item_wand_negation,Wand of Negation,OVERRIDES,item_wand,Wand Functions,totally negates any wand function,,neutral,derived,DMG,136,"TREASURE (RODS, STAVES & WANDS)",explicit_rule,page-sweep,core,explicit_replacement,,
item_wand_negation,Wand of Negation,OVERRIDES,item_magic_item,Device Spell Functions,likely to negate other device magic,,neutral,derived,DMG,136,"TREASURE (RODS, STAVES & WANDS)",explicit_rule,page-sweep,core,explicit_replacement,,
rule_spell_level,Spell Power,EXCLUDED_FROM,item_wand_negation,Wand of Negation,negation chance is the same for any spell level,,negates,derived,DMG,136,"TREASURE (RODS, STAVES & WANDS)",explicit_rule,page-sweep,core,,,
item_wand_negation,Wand of Negation,CONSTRAINS,rule_charges,Recharging,cannot be recharged,,neutral,unset,DMG,136,"TREASURE (RODS, STAVES & WANDS)",explicit_rule,page-sweep,core,,,
item_wand,Wand of Paralyzation,CONSTRAINS,item_wand,Targeting,the ray stops at the first creature touched,,neutral,unset,DMG,136,"TREASURE (RODS, STAVES & WANDS)",explicit_rule,page-sweep,core,,,
rule_immobile,Paralyzed Target,TRIGGERS,cbt_tohit,Automatic Hits,immobile targets are struck automatically,,neutral,unset,DMG,136,"TREASURE (RODS, STAVES & WANDS)",inferred_rule,page-sweep,core,,,
item_wand,Wand of Polymorphing,TRIGGERS,rule_system_shock,System Shock,polymorph forces the survival roll,,neutral,unset,DMG,136,"TREASURE (RODS, STAVES & WANDS)",inferred_rule,general-rule,core,,GR_IMPOSED_FORM_CHANGE_SYSTEM_SHOCK,
rule_immobile,Paralyzed or Held Target,OVERRIDES,cbt_tohit,To-Hit Roll,struck automatically,,neutral,derived,DMG,70,Special Types Of Attacks:,explicit_rule,general-rule,core,explicit_replacement,GR_HELPLESS_TARGET_AUTOHIT,
item_wand,Wand of Paralyzation,TRIGGERS,rule_immobile,Immobilised Condition,target becomes automatically hittable,,neutral,unset,DMG,136,"TREASURE (RODS, STAVES & WANDS)",explicit_rule,general-rule,core,,GR_HELPLESS_TARGET_AUTOHIT,
spell_hold_person,Hold Person,TRIGGERS,rule_immobile,Immobilised Condition,target becomes automatically hittable,,inflicts,heuristic,PHB,,HOLD PERSON,explicit_rule,general-rule,core,,GR_HELPLESS_TARGET_AUTOHIT,
tbl_secondary_skills,Secondary Skills Table,DERIVED_FROM,rule_secondary_skills,Secondary Skills,table implements the rule,,neutral,derived,DMG,12,PLAYER CHARACTER NON-PROFESSIONAL SKILLS,explicit_rule,reconciliation,optional,,,
spell_polymorph_self,Polymorph Self,EXCLUDES,rule_system_shock,System Shock Survival,no check required,,negates,derived,PHB,,POLYMORPH SELF,explicit_rule,correction,core,,,
spell_shape_change,Shape Change,EXCLUDES,rule_system_shock,System Shock Survival,no shock incurred per alteration,,negates,derived,PHB,,SHAPE CHANGE,explicit_rule,correction,core,,,
spell_polymorph_other,Polymorph Other,MODIFIES,rule_npc_characteristics,Personality and Mentality,recipient may take the new form mind,,neutral,unset,PHB,,POLYMORPH OTHER,explicit_rule,correction,core,,,
spell_polymorph_self,Polymorph Self,EXCLUDES,monster_special,Form Abilities,grants locomotion but not attacks or magic,,negates,derived,PHB,,POLYMORPH SELF,explicit_rule,correction,core,,,
rule_lycanthropy,"Lycanthropic Change,",EXCLUDES,rule_system_shock,System Shock Survival,innate transformation is not a polymorph effect,,negates,derived,DMG,22,CHARACTER CLASSES (LYCANTHROPY),inferred_rule,correction,core,,,
item_alchemy_jug,Alchemy Jug,GATES,rule_provisions,Liquids,pours varying liquids on command,,enables,derived,DMG,137,TABLE (III.E.) 1.,explicit_rule,page-sweep,core,,,
item_alchemy_jug,Alchemy Jug,CONSTRAINS,rule_time,Daily Use,one liquid type per day with a use limit,,neutral,unset,DMG,137,TABLE (III.E.) 1.,explicit_rule,page-sweep,core,,,
item_alchemy_jug,Alchemy Jug,GATES,tbl_poisons,Cyanide,can produce lethal poison,,enables,derived,DMG,137,TABLE (III.E.) 1.,explicit_rule,page-sweep,core,,,
item_alchemy_jug,Alchemy Jug,CONSUMES,time_segment_round_turn,Rounds,pouring rate limits volume per round,,neutral,derived,DMG,137,TABLE (III.E.) 1.,explicit_rule,page-sweep,core,,,
item_amulet_location,Amulet of Inescapable Location,DERIVED_FROM,cursed_item,Cursed Item,appears protective but is the reverse,,neutral,derived,DMG,137,TABLE (III.E.) 1.,explicit_rule,page-sweep,core,,,
item_amulet_location,Amulet of Inescapable Location,MODIFIES,rule_scrying,Scrying,doubles likelihood and range against the wearer,,worsens,heuristic,DMG,137,TABLE (III.E.) 1.,explicit_rule,page-sweep,core,,,
item_amulet_location,Amulet of Inescapable Location,MODIFIES,spell_esp,ESP and Telepathy,doubles detection against the wearer,,worsens,heuristic,DMG,137,TABLE (III.E.) 1.,explicit_rule,page-sweep,core,,,
spell_detect_magic,Detect Magic,EXCLUDED_FROM,item_amulet_location,Amulet of Inescapable Location,will not reveal its true nature,,negates,derived,DMG,137,TABLE (III.E.) 1.,explicit_rule,page-sweep,core,,,
item_amulet_life,Amulet of Life Protection,EXCLUDES,spell_magic_jar,Magic Jar,wearer cannot be possessed,,negates,derived,DMG,137,TABLE (III.E.) 1.,explicit_rule,page-sweep,core,,,
item_amulet_life,Amulet of Life Protection,EXCLUDES,monster_demon_devil,Demonic Possession,wards against diabolic possession,,negates,derived,DMG,137,TABLE (III.E.) 1.,explicit_rule,page-sweep,core,,,
item_amulet_life,Amulet of Life Protection,EXCLUDES,psi_attack_modes,Psionic Blast and Psychic Crush,wearer is unharmed by these modes,,negates,derived,DMG,137,TABLE (III.E.) 1.,explicit_rule,page-sweep,optional,,,
death_character,Death of Wearer,TRIGGERS,item_amulet_life,Amulet of Life Protection,psyche enters the amulet,,neutral,unset,DMG,137,TABLE (III.E.) 1.,explicit_rule,page-sweep,core,,,
item_amulet_life,Amulet of Life Protection,CONSTRAINS,spell_raise_dead,Revival Window,psyche protected for a limited period,,neutral,unset,DMG,137,TABLE (III.E.) 1.,inferred_rule,page-sweep,core,,,
rule_item_destruction,Destroying the Amulet,TRIGGERS,death_character,Annihilation,the psyche is irrevocably destroyed,,neutral,unset,DMG,137,TABLE (III.E.) 1.,explicit_rule,page-sweep,core,,,
sys_alignment,Alignment,GATES,rule_planar_travel,Destination Plane,the psyche departs to its aligned plane,,enables,derived,DMG,137,TABLE (III.E.) 1.,explicit_rule,page-sweep,core,,,
item_amulet_planes,Amulet of the Planes,GATES,rule_planar_travel,Planar Travel,instant transport to the Outer Planes,,enables,derived,DMG,137,TABLE (III.E.) 1.,explicit_rule,page-sweep,core,,,
item_amulet_planes,Amulet of the Planes,CONSTRAINS,rule_planar_travel,Destination,transport is random until the device is learned,,neutral,unset,DMG,137,TABLE (III.E.) 1.,explicit_rule,page-sweep,core,,,
item_bag_devouring,Bag of Devouring,TRIGGERS,death_character,Consumption,creatures drawn in are forever gone,,neutral,unset,DMG,138,TREASURE (MISCELLANEOUS MAGIC),explicit_rule,page-sweep,core,,,
item_bag_holding,Bag of Holding,MODIFIES,enc_encumbrance,Encumbrance,fixed weight regardless of contents,,neutral,unset,DMG,138,TREASURE (MISCELLANEOUS MAGIC),explicit_rule,page-sweep,core,,,
item_bag_holding,Bag of Holding,CONSTRAINS,enc_encumbrance,Weight and Volume Limits,capacity varies by quality,,neutral,unset,DMG,138,TREASURE (MISCELLANEOUS MAGIC),explicit_rule,page-sweep,core,,,
item_bag_holding,Overloading or Piercing,TRIGGERS,rule_item_destruction,Rupture,bag ruined and contents lost forever,,neutral,unset,DMG,138,TREASURE (MISCELLANEOUS MAGIC),explicit_rule,page-sweep,core,,,
sys_equipment,Sharp Objects,TRIGGERS,rule_item_destruction,Bag Rupture,piercing the bag destroys it,,neutral,unset,DMG,138,TREASURE (MISCELLANEOUS MAGIC),explicit_rule,page-sweep,core,,,
item_bag_transmuting,Bag of Transmuting,DERIVED_FROM,cursed_item,Cursed Item,mimics a bag of holding then fails,,neutral,derived,DMG,138,TREASURE (MISCELLANEOUS MAGIC),explicit_rule,page-sweep,core,,,
item_bag_transmuting,Bag of Transmuting,MODIFIES,tbl_gem_value,Gems and Precious Metals,turns valuables into worthless matter,,worsens,heuristic,DMG,138,TREASURE (MISCELLANEOUS MAGIC),explicit_rule,page-sweep,core,,,
item_bag_transmuting,Bag of Transmuting,OVERRIDES,item_magic_item,Magic Items,items become mundane with no saving throw,,neutral,derived,DMG,138,TREASURE (MISCELLANEOUS MAGIC),explicit_rule,page-sweep,core,explicit_replacement,,
item_artifact,Artifacts and Relics,EXCLUDED_FROM,item_bag_transmuting,Bag of Transmuting,immune to the transmutation,,negates,derived,DMG,138,TREASURE (MISCELLANEOUS MAGIC),explicit_rule,page-sweep,optional,,,
item_bag_tricks,Bag of Tricks,TRIGGERS,gen_random_encounter,Summoned Animal,produces a creature that fights for the user,,neutral,unset,DMG,138,TREASURE (MISCELLANEOUS MAGIC),explicit_rule,page-sweep,core,,,
item_bag_tricks,Bag of Tricks,CONSTRAINS,cbt_melee,Duration,the animal serves until combat ends,,neutral,unset,DMG,138,TREASURE (MISCELLANEOUS MAGIC),explicit_rule,page-sweep,core,,,
item_book_infinite_spells,Book of Infinite Spells,GATES,rule_spell_casting,Spell Casting,owner casts the open page's spell,,enables,derived,DMG,139,TREASURE (MISCELLANEOUS MAGIC),explicit_rule,page-sweep,core,,,
sys_classes,Owner Class and Level,MODIFIES,item_book_infinite_spells,Uses Per Day,far more uses if the spell is natively castable,,neutral,unset,DMG,139,TREASURE (MISCELLANEOUS MAGIC),explicit_rule,page-sweep,core,,,
item_book_infinite_spells,Book of Infinite Spells,EXCLUDES,rule_declared_action,Physical Presence,need not be carried to grant its power,,negates,derived,DMG,139,TREASURE (MISCELLANEOUS MAGIC),explicit_rule,page-sweep,core,,,
rule_spell_casting,Casting from the Book,TRIGGERS,rule_page_turn,Page Turning,each use may advance the page,,neutral,unset,DMG,139,TREASURE (MISCELLANEOUS MAGIC),explicit_rule,page-sweep,core,,,
sys_classes,Caster Class,MODIFIES,rule_page_turn,Page Turning,non-casters and foreign spells turn pages far faster,,neutral,unset,DMG,139,TREASURE (MISCELLANEOUS MAGIC),explicit_rule,page-sweep,core,,,
rule_page_turn,Page Turning,CONSTRAINS,item_book_infinite_spells,Book of Infinite Spells,pages never turn back,,neutral,unset,DMG,139,TREASURE (MISCELLANEOUS MAGIC),explicit_rule,page-sweep,core,,,
rule_page_turn,Final Page,TRIGGERS,rule_item_destruction,Book Vanishes,the book is consumed,,neutral,unset,DMG,139,TREASURE (MISCELLANEOUS MAGIC),explicit_rule,page-sweep,core,,,
item_book_infinite_spells,Book of Infinite Spells,DERIVED_FROM,item_scroll,Scroll Use,resolved as scroll casting including failure,,neutral,derived,DMG,139,TREASURE (MISCELLANEOUS MAGIC),explicit_rule,page-sweep,core,,,
rule_secret_roll,Secret Page Contents,GATES,item_book_infinite_spells,Book of Infinite Spells,holder is never told what follows,,enables,derived,DMG,139,TREASURE (MISCELLANEOUS MAGIC),explicit_rule,page-sweep,core,,,
item_book_vile_darkness,Book of Vile Darkness,GATES,sys_alignment,Evil Cleric,benefits only its own alignment,,enables,derived,DMG,139,TREASURE (MISCELLANEOUS MAGIC),explicit_rule,page-sweep,core,,,
item_book_vile_darkness,Book of Vile Darkness,MODIFIES,abil_wisdom,Wisdom,raises the score for an evil cleric,,neutral,unset,DMG,139,TREASURE (MISCELLANEOUS MAGIC),explicit_rule,page-sweep,core,,,
item_book_vile_darkness,Book of Vile Darkness,MODIFIES,exp_level,Experience Points,advances the reader partway to the next level,,neutral,unset,DMG,139,TREASURE (MISCELLANEOUS MAGIC),explicit_rule,page-sweep,core,,,
item_book_vile_darkness,Book of Vile Darkness,TRIGGERS,exp_level_loss,Experience Loss,wrongly aligned readers are penalised,,neutral,unset,DMG,139,TREASURE (MISCELLANEOUS MAGIC),explicit_rule,page-sweep,core,,,
item_book_vile_darkness,Book of Vile Darkness,CONSUMES,rule_time,Reading Time,a week to consume the contents,,neutral,derived,DMG,139,TREASURE (MISCELLANEOUS MAGIC),explicit_rule,page-sweep,core,,,
item_bracers_defenselessness,Bracers of Defenselessness,DERIVED_FROM,cursed_item,Cursed Item,mimics bracers of defense until danger,,neutral,derived,DMG,140,TREASURE (MISCELLANEOUS MAGIC),explicit_rule,page-sweep,core,,,
cbt_melee,Attacked in Anger,TRIGGERS,item_bracers_defenselessness,Bracers of Defenselessness,the curse activates in real combat,,neutral,unset,DMG,140,TREASURE (MISCELLANEOUS MAGIC),explicit_rule,page-sweep,core,,,
item_bracers_defenselessness,Bracers of Defenselessness,OVERRIDES,cbt_armor_class,Armor Class,drops the wearer to unarmoured,,neutral,derived,DMG,140,TREASURE (MISCELLANEOUS MAGIC),explicit_rule,page-sweep,core,explicit_replacement,,
item_bracers_defenselessness,Bracers of Defenselessness,EXCLUDES,abil_dex_defensive_adjustment,Dexterity Defensive Adjustment,negates all other protections too,,negates,derived,DMG,140,TREASURE (MISCELLANEOUS MAGIC),explicit_rule,page-sweep,core,,,
spell_remove_curse,Remove Curse,OVERRIDES,item_bracers_defenselessness,Bracers of Defenselessness,only means of removal,,neutral,derived,DMG,140,TREASURE (MISCELLANEOUS MAGIC),explicit_rule,page-sweep,core,explicit_replacement,,
item_brazier_fire,Brazier Commanding Fire Elementals,GATES,monster_elemental,Fire Elemental,summons an elemental,,enables,derived,DMG,140,TREASURE (MISCELLANEOUS MAGIC),explicit_rule,page-sweep,core,,,
class_magic_user,Magic-User,GATES,item_brazier_fire,Brazier Commanding Fire Elementals,restricted to magic-users,,enables,derived,DMG,140,TREASURE (MISCELLANEOUS MAGIC),explicit_rule,page-sweep,core,,,
item_command_word,Command Word,GATES,item_brazier_fire,Brazier Commanding Fire Elementals,required to summon,,enables,derived,DMG,140,TREASURE (MISCELLANEOUS MAGIC),explicit_rule,page-sweep,core,,,
rule_special_ingredient,Sulphur,MODIFIES,monster_elemental,Fire Elemental,improves the summoned creature,,neutral,unset,DMG,140,TREASURE (MISCELLANEOUS MAGIC),explicit_rule,page-sweep,core,,,
item_brazier_sleep,Brazier of Sleep Smoke,DERIVED_FROM,cursed_item,Cursed Item,identical in appearance to the true brazier,,neutral,derived,DMG,140,TREASURE (MISCELLANEOUS MAGIC),explicit_rule,page-sweep,core,,,
item_brazier_sleep,Brazier of Sleep Smoke,TRIGGERS,save_spell,Saving Throw vs Magic,those in the cloud must save,,worsens,heuristic,DMG,140,TREASURE (MISCELLANEOUS MAGIC),explicit_rule,page-sweep,core,,,
item_brazier_sleep,Brazier of Sleep Smoke,TRIGGERS,spell_sleep,Magical Sleep,failed save induces deep sleep,,worsens,heuristic,DMG,140,TREASURE (MISCELLANEOUS MAGIC),explicit_rule,page-sweep,core,,,
item_brazier_sleep,Brazier of Sleep Smoke,TRIGGERS,monster_elemental,Hostile Fire Elemental,attacks the nearest creature,,worsens,heuristic,DMG,140,TREASURE (MISCELLANEOUS MAGIC),explicit_rule,page-sweep,core,,,
spell_dispel_magic,Dispel Magic,OVERRIDES,item_brazier_sleep,Sleep Smoke,only means of waking the sleepers,,neutral,derived,DMG,140,TREASURE (MISCELLANEOUS MAGIC),explicit_rule,page-sweep,core,explicit_replacement,,
item_brooch_shielding,Brooch of Shielding,EXCLUDES,spell_magic_missile,Magic Missile,absorbs missile damage until spent,,negates,derived,DMG,140,TREASURE (MISCELLANEOUS MAGIC),explicit_rule,page-sweep,core,,,
item_brooch_shielding,Brooch of Shielding,TRIGGERS,rule_item_destruction,Melting,destroyed once its capacity is exceeded,,neutral,unset,DMG,140,TREASURE (MISCELLANEOUS MAGIC),explicit_rule,page-sweep,core,,,
spell_detect_magic,Detect Magic,GATES,item_brooch_shielding,Brooch of Shielding,identification requires detection then testing,,enables,derived,DMG,140,TREASURE (MISCELLANEOUS MAGIC),explicit_rule,page-sweep,core,,,
item_broom_animated_attack,Broom of Animated Attack,DERIVED_FROM,cursed_item,Cursed Item,indistinguishable from a broom of flying,,neutral,derived,DMG,140,TREASURE (MISCELLANEOUS MAGIC),explicit_rule,page-sweep,core,,,
item_command_word,Command Word,TRIGGERS,item_broom_animated_attack,Broom of Animated Attack,speaking the word springs the trap,,neutral,unset,DMG,140,TREASURE (MISCELLANEOUS MAGIC),explicit_rule,page-sweep,core,,,
item_cloak_displacement,Cloak of Displacement,MODIFIES,cbt_tohit,First Attacks,initial strikes miss the wearer,,neutral,unset,DMG,141,TREASURE (MISCELLANEOUS MAGIC),explicit_rule,page-sweep,core,,,
rule_observer,Observing the Miss,CONSTRAINS,item_cloak_displacement,Cloak of Displacement,later attackers who saw it are not fooled,,neutral,unset,DMG,141,TREASURE (MISCELLANEOUS MAGIC),explicit_rule,page-sweep,core,,,
item_cloak_elvenkind,Cloak of Elvenkind,GATES,rule_invisibility,Near Invisibility,chameleon concealment,,enables,derived,DMG,141,TREASURE (MISCELLANEOUS MAGIC),explicit_rule,page-sweep,core,,,
rule_terrain,Surroundings,MODIFIES,item_cloak_elvenkind,Cloak of Elvenkind,concealment varies hugely by setting,,neutral,unset,DMG,141,TREASURE (MISCELLANEOUS MAGIC),explicit_rule,page-sweep,core,,,
rule_light,Bright Light,MODIFIES,item_cloak_elvenkind,Cloak of Elvenkind,strong illumination halves the effect,,neutral,unset,DMG,141,TREASURE (MISCELLANEOUS MAGIC),explicit_rule,page-sweep,core,,,
race_infravision,Infravision,MODIFIES,item_cloak_elvenkind,Cloak of Elvenkind,heat sight partially defeats it,,neutral,unset,DMG,141,TREASURE (MISCELLANEOUS MAGIC),explicit_rule,page-sweep,core,,,
ex_movement_rate,Violent or Hasty Movement,EXCLUDES,item_cloak_elvenkind,Cloak of Elvenkind,the wearer is easily seen when moving fast,,negates,derived,DMG,141,TREASURE (MISCELLANEOUS MAGIC),explicit_rule,page-sweep,core,,,
tbl_height_weight,Wearer Size,CONSTRAINS,item_cloak_elvenkind,Cloak of Elvenkind,most cloaks fit only human to elven sizes,,governs,heuristic,DMG,141,TREASURE (MISCELLANEOUS MAGIC),explicit_rule,page-sweep,core,,,
item_cloak_manta,Cloak of the Manta Ray,GATES,rule_water_breathing,Breathing,wearer breathes underwater,,enables,derived,DMG,141,TREASURE (MISCELLANEOUS MAGIC),explicit_rule,page-sweep,core,,,
rule_water_type,Salt Water,GATES,item_cloak_manta,Cloak of the Manta Ray,activates only in salt water,,enables,derived,DMG,141,TREASURE (MISCELLANEOUS MAGIC),explicit_rule,page-sweep,core,,,
item_cloak_manta,Cloak of the Manta Ray,MODIFIES,cbt_armor_class,Armor Class,sets a base rating,,neutral,unset,DMG,141,TREASURE (MISCELLANEOUS MAGIC),explicit_rule,page-sweep,core,,,
item_magic_armor,Other Protections,MODIFIES,item_cloak_manta,Cloak of the Manta Ray,magical armor improves on the base,,neutral,unset,DMG,141,TREASURE (MISCELLANEOUS MAGIC),explicit_rule,page-sweep,core,,,
item_cloak_manta,Cloak of the Manta Ray,MODIFIES,ex_movement_rate,Underwater Movement,swims at the manta's rate,,neutral,unset,DMG,141,TREASURE (MISCELLANEOUS MAGIC),explicit_rule,page-sweep,core,,,
item_cloak_manta,Cloak of the Manta Ray,MODIFIES,rule_disguise,Appearance,wearer resembles a manta ray,,neutral,unset,DMG,141,TREASURE (MISCELLANEOUS MAGIC),explicit_rule,page-sweep,core,,,
rule_dm_discretion,DM Option,GATES,rule_scrying,Clerical Scrying,water basins and mirrors for clerics and druids,,enables,derived,DMG,142,TREASURE (MISCELLANEOUS MAGIC),explicit_rule,page-sweep,core,,,
item_crystal_hypnosis,Crystal Hypnosis Ball,DERIVED_FROM,cursed_item,Cursed Item,indistinguishable from a crystal ball,,neutral,derived,DMG,142,TREASURE (MISCELLANEOUS MAGIC),explicit_rule,page-sweep,core,,,
spell_detect_evil,Detect Evil,EXCLUDED_FROM,item_crystal_hypnosis,Crystal Hypnosis Ball,radiates magic but not evil,,negates,derived,DMG,142,TREASURE (MISCELLANEOUS MAGIC),explicit_rule,page-sweep,core,,,
item_crystal_hypnosis,Crystal Hypnosis Ball,TRIGGERS,spell_suggestion,Telepathic Suggestion,implanted in the user's mind,,worsens,heuristic,DMG,142,TREASURE (MISCELLANEOUS MAGIC),explicit_rule,page-sweep,core,,,
item_crystal_hypnosis,Crystal Hypnosis Ball,CONSTRAINS,rule_player_knowledge,User Belief,the gazer believes the viewing succeeded,,worsens,heuristic,DMG,142,TREASURE (MISCELLANEOUS MAGIC),explicit_rule,page-sweep,core,,,
item_crystal_hypnosis,Repeated Use,MODIFIES,hench_loyalty,Servitude,each use deepens another being's control,,worsens,heuristic,DMG,142,TREASURE (MISCELLANEOUS MAGIC),explicit_rule,page-sweep,core,,,
item_crystal_hypnosis,Crystal Hypnosis Ball,TRIGGERS,spell_magic_jar,Possession,user may become a possession object,,worsens,heuristic,DMG,142,TREASURE (MISCELLANEOUS MAGIC),explicit_rule,page-sweep,core,,,
class_magic_user,Magic-User,GATES,item_crystal_hypnosis,Crystal Hypnosis Ball,only magic-users attempt to use it,,enables,derived,DMG,142,TREASURE (MISCELLANEOUS MAGIC),explicit_rule,page-sweep,core,,,
item_cube_force,Cube of Force,GATES,spell_wall_of_force,Wall of Force,raises a cubic screen around the user,,enables,derived,DMG,142,TREASURE (MISCELLANEOUS MAGIC),explicit_rule,page-sweep,core,,,
item_cube_force,Cube of Force,CONSUMES,rule_charges,Charges,cost per turn varies by setting,,neutral,derived,DMG,142,TREASURE (MISCELLANEOUS MAGIC),explicit_rule,page-sweep,core,,,
item_cube_force,Cube of Force,MODIFIES,ex_movement_rate,Movement Rate,stronger screens slow the user,,neutral,unset,DMG,142,TREASURE (MISCELLANEOUS MAGIC),explicit_rule,page-sweep,core,,,
item_cube_force,Cube of Force,EXCLUDES,rule_spell_casting,Spell Casting,spells cannot be cast into or out of the cube,,negates,derived,DMG,142,TREASURE (MISCELLANEOUS MAGIC),explicit_rule,page-sweep,core,,,
rule_attack_form,Attack Form,CONSUMES,rule_charges,Charges,specific attacks drain extra charges to hold the screen,,neutral,derived,DMG,142,TREASURE (MISCELLANEOUS MAGIC),explicit_rule,page-sweep,core,,,
item_cube_force,Cube of Force,CONSTRAINS,rule_charges,Recharging,energy restored daily,,neutral,unset,DMG,142,TREASURE (MISCELLANEOUS MAGIC),explicit_rule,page-sweep,core,,,
item_deck_many_things,Deck of Many Things,MODIFIES,sys_ability_scores,Ability Scores,several plaques raise scores,,neutral,unset,DMG,143,TREASURE (MISCELLANEOUS MAGIC),explicit_rule,page-sweep,core,,,
item_deck_many_things,Star Plaque,CONSTRAINS,sys_ability_scores,Ability Ceiling,excess points cascade to other abilities in a fixed order,,neutral,unset,DMG,143,TREASURE (MISCELLANEOUS MAGIC),explicit_rule,page-sweep,core,,,
item_deck_many_things,Comet Plaque,GATES,cbt_melee,Single Combat,benefit lost unless the next foe is beaten alone,,enables,derived,DMG,143,TREASURE (MISCELLANEOUS MAGIC),explicit_rule,page-sweep,core,,,
item_deck_many_things,Comet Plaque,MODIFIES,exp_level,Experience Level,advances to the midpoint of the next level,,neutral,unset,DMG,143,TREASURE (MISCELLANEOUS MAGIC),explicit_rule,page-sweep,core,,,
item_deck_many_things,Throne Plaque,MODIFIES,abil_charisma,Charisma,raises the score or grants leadership regardless,,neutral,unset,DMG,143,TREASURE (MISCELLANEOUS MAGIC),explicit_rule,page-sweep,core,,,
item_deck_many_things,Throne Plaque,MODIFIES,cbt_encounter_reactions,Encounter Reactions,large bonus,,neutral,unset,DMG,143,TREASURE (MISCELLANEOUS MAGIC),explicit_rule,page-sweep,core,,,
item_deck_many_things,Throne Plaque,MODIFIES,hench_loyalty,Loyalty,large bonus,,neutral,unset,DMG,143,TREASURE (MISCELLANEOUS MAGIC),explicit_rule,page-sweep,core,,,
item_deck_many_things,Throne Plaque,GATES,rule_stronghold,Stronghold,grants a castle near any existing holding,,enables,derived,DMG,143,TREASURE (MISCELLANEOUS MAGIC),explicit_rule,page-sweep,core,,,
item_deck_many_things,Key Plaque,FEEDS_INTO,tbl_treasure_map,Treasure Map,rolled at a bonus,,neutral,derived,DMG,143,TREASURE (MISCELLANEOUS MAGIC),explicit_rule,page-sweep,core,,,
sys_classes,Character Class,CONSTRAINS,item_deck_many_things,Key Plaque,the granted weapon must be usable,,neutral,unset,DMG,143,TREASURE (MISCELLANEOUS MAGIC),explicit_rule,page-sweep,core,,,
item_deck_many_things,Knight Plaque,GATES,hench_henchmen,Henchman,a hero joins and serves until death,,enables,derived,DMG,143,TREASURE (MISCELLANEOUS MAGIC),explicit_rule,page-sweep,core,,,
item_deck_many_things,Gem Plaque,FEEDS_INTO,sys_treasure,Treasure,gold and gem jewellery,,neutral,derived,DMG,143,TREASURE (MISCELLANEOUS MAGIC),explicit_rule,page-sweep,core,,,
item_deck_many_things,Gem Plaque,FEEDS_INTO,xp_treasure,Experience for Treasure,capped at one level of advancement,,neutral,derived,DMG,143,TREASURE (MISCELLANEOUS MAGIC),explicit_rule,page-sweep,core,,,
item_deck_many_things,The Void,TRIGGERS,spell_magic_jar,Psyche Imprisonment,the soul is trapped elsewhere,,neutral,unset,DMG,143,TREASURE (MISCELLANEOUS MAGIC),explicit_rule,page-sweep,core,,,
spell_wish,Wish,EXCLUDED_FROM,item_deck_many_things,The Void,cannot return the character,,negates,derived,DMG,143,TREASURE (MISCELLANEOUS MAGIC),explicit_rule,page-sweep,core,,,
item_deck_many_things,Flames Plaque,TRIGGERS,monster_demon_devil,Devil Enmity,a greater devil becomes a permanent enemy,,neutral,unset,DMG,143,TREASURE (MISCELLANEOUS MAGIC),explicit_rule,page-sweep,core,,,
item_deck_many_things,Skull Plaque,TRIGGERS,cbt_melee,Minor Death,must be fought alone,,neutral,unset,DMG,143,TREASURE (MISCELLANEOUS MAGIC),explicit_rule,page-sweep,core,,,
item_deck_many_things,Minor Death,TRIGGERS,death_character,Permanent Death,slain characters cannot be revived,,neutral,unset,DMG,143,TREASURE (MISCELLANEOUS MAGIC),explicit_rule,page-sweep,core,,,
monster_undead,Undead Treatment,GATES,item_deck_many_things,Minor Death,treated as undead for spell purposes,,enables,derived,DMG,143,TREASURE (MISCELLANEOUS MAGIC),explicit_rule,page-sweep,core,,,
item_deck_many_things,Talons Plaque,TRIGGERS,rule_item_destruction,Loss of Magic Items,all owned magic items are taken,,neutral,unset,DMG,143,TREASURE (MISCELLANEOUS MAGIC),explicit_rule,page-sweep,core,,,
item_eyes_charming,Eyes of Charming,TRIGGERS,save_spell,Saving Throw vs Magic,those meeting the gaze must save,,improves,heuristic,DMG,144,TREASURE (MISCELLANEOUS MAGIC),explicit_rule,page-sweep,core,,,
item_eyes_charming,Eyes of Charming,TRIGGERS,spell_charm_person,Charm Person,failed save charms the target,,neutral,unset,DMG,144,TREASURE (MISCELLANEOUS MAGIC),explicit_rule,page-sweep,core,,,
item_eyes_charming,Wearing One Lens Only,MODIFIES,save_spell,Saving Throw,target saves far more easily,,improves,heuristic,DMG,144,TREASURE (MISCELLANEOUS MAGIC),explicit_rule,page-sweep,core,,,
item_eyes_eagle,Eyes of the Eagle,MODIFIES,ex_light_vision,Vision,vastly extended distance sight,,neutral,unset,DMG,144,TREASURE (MISCELLANEOUS MAGIC),explicit_rule,page-sweep,core,,,
item_eyes_eagle,Wearing One Lens Only,TRIGGERS,rule_stun,Stunned,vertigo stuns the wearer,,neutral,unset,DMG,144,TREASURE (MISCELLANEOUS MAGIC),explicit_rule,page-sweep,core,,,
item_eyes_minute_seeing,Eyes of Minute Seeing,GATES,ex_secret_doors,Hidden Joints and Seams,reveals secret compartments,,enables,derived,DMG,144,TREASURE (MISCELLANEOUS MAGIC),explicit_rule,page-sweep,core,,,
item_eyes_minute_seeing,Eyes of Minute Seeing,GATES,rule_information,Impressions from Writing,recovers traces of writing,,enables,derived,DMG,144,TREASURE (MISCELLANEOUS MAGIC),explicit_rule,page-sweep,core,,,
item_eyes_petrification,Eyes of Petrification,DERIVED_FROM,cursed_item,Cursed Item,indistinguishable from other lenses,,neutral,derived,DMG,144,TREASURE (MISCELLANEOUS MAGIC),explicit_rule,page-sweep,core,,,
item_eyes_petrification,Eyes of Petrification,TRIGGERS,rule_petrification,Petrification,the wearer is instantly turned to stone,,worsens,heuristic,DMG,144,TREASURE (MISCELLANEOUS MAGIC),explicit_rule,page-sweep,core,,,
item_eyes_petrification,Eyes of Petrification,GATES,monster_special,Basilisk Gaze,a minority function as a basilisk gaze,,enables,derived,DMG,144,TREASURE (MISCELLANEOUS MAGIC),explicit_rule,page-sweep,core,,,
rule_mixing_lenses,Mixing Eye Types,TRIGGERS,rule_insanity,Insanity,certain immediate madness,,neutral,unset,DMG,144,TREASURE (MISCELLANEOUS MAGIC),explicit_rule,page-sweep,core,,,
item_figurine,Figurines of Wondrous Power,TRIGGERS,gen_random_encounter,Animated Creature,becomes a living servant,,neutral,unset,DMG,144,TABLE (III.E.) 3.,explicit_rule,page-sweep,core,,,
item_command_word,Command Word,GATES,item_figurine,Figurines of Wondrous Power,required to animate,,enables,derived,DMG,144,TABLE (III.E.) 3.,explicit_rule,page-sweep,core,,,
item_figurine,Figurine Destroyed as a Statuette,TRIGGERS,rule_item_destruction,Permanent Ruin,all magic is lost forever,,neutral,unset,DMG,144,TABLE (III.E.) 3.,explicit_rule,page-sweep,core,,,
item_figurine,Figurine Slain in Animal Form,OVERRIDES,rule_item_destruction,Reversion,simply returns to statuette form,,neutral,derived,DMG,144,TABLE (III.E.) 3.,explicit_rule,page-sweep,core,explicit_replacement,,
item_flask_curses,Flask of Curses,DERIVED_FROM,cursed_item,Cursed Item,indistinguishable from ordinary containers,,neutral,derived,DMG,145,TREASURE (MISCELLANEOUS MAGIC),explicit_rule,page-sweep,core,,,
spell_detect_magic,Detect Magic,EXCLUDED_FROM,item_flask_curses,Flask of Curses,detection will not reveal its nature,,negates,derived,DMG,145,TREASURE (MISCELLANEOUS MAGIC),explicit_rule,page-sweep,core,,,
item_flask_curses,Flask of Curses,TRIGGERS,spell_curse,Curse,unstoppering afflicts those nearby,,worsens,heuristic,DMG,145,TREASURE (MISCELLANEOUS MAGIC),explicit_rule,page-sweep,core,,,
item_flask_curses,Flask of Curses,CONSTRAINS,item_flask_curses,Flask of Curses,harmless after the first opening,,worsens,heuristic,DMG,145,TREASURE (MISCELLANEOUS MAGIC),explicit_rule,page-sweep,core,,,
item_flask_curses,Flask of Curses,ALTERNATIVE_TO,gen_random_encounter,Summoned Monster,may instead produce an attacking creature,,neutral,derived,DMG,145,TREASURE (MISCELLANEOUS MAGIC),explicit_rule,page-sweep,core,,,
item_gauntlets_dexterity,Gauntlets of Dexterity,MODIFIES,abil_dexterity,Dexterity,raises the score on a sliding scale,,neutral,unset,DMG,145,TREASURE (MISCELLANEOUS MAGIC),explicit_rule,page-sweep,core,,,
abil_dexterity,Existing Dexterity,MODIFIES,item_gauntlets_dexterity,Gauntlets of Dexterity,lower scores gain far more,,neutral,unset,DMG,145,TREASURE (MISCELLANEOUS MAGIC),explicit_rule,page-sweep,core,,,
item_gauntlets_dexterity,Gauntlets of Dexterity,GATES,thief_pick_pockets,Pick Pockets,non-thieves gain the ability,,enables,derived,DMG,145,TREASURE (MISCELLANEOUS MAGIC),explicit_rule,page-sweep,core,,,
item_gauntlets_dexterity,Gauntlets of Dexterity,GATES,thief_open_locks,Open Locks,non-thieves gain the ability,,enables,derived,DMG,145,TREASURE (MISCELLANEOUS MAGIC),explicit_rule,page-sweep,core,,,
class_thief,Thief,MODIFIES,item_gauntlets_dexterity,Gauntlets of Dexterity,thieves gain a percentage bonus instead,,neutral,unset,DMG,145,TREASURE (MISCELLANEOUS MAGIC),explicit_rule,page-sweep,core,,,
item_gauntlets_dexterity,Gauntlets of Dexterity,EXCLUDES,tbl_height_weight,Wearer Size,size themselves to any hand,,negates,derived,DMG,145,TREASURE (MISCELLANEOUS MAGIC),explicit_rule,page-sweep,core,,,
item_gauntlets_fumbling,Gauntlets of Fumbling,DERIVED_FROM,cursed_item,Cursed Item,mimic dexterity or ogre power gauntlets,,neutral,derived,DMG,145,TREASURE (MISCELLANEOUS MAGIC),explicit_rule,page-sweep,core,,,
cbt_melee,Life and Death Situation,TRIGGERS,item_gauntlets_fumbling,Gauntlets of Fumbling,the curse activates only in real danger,,neutral,unset,DMG,145,TREASURE (MISCELLANEOUS MAGIC),explicit_rule,page-sweep,core,,,
item_gauntlets_fumbling,Gauntlets of Fumbling,TRIGGERS,sys_equipment,Dropping Items,high chance per round of dropping held items,,worsens,heuristic,DMG,145,TREASURE (MISCELLANEOUS MAGIC),explicit_rule,page-sweep,core,,,
item_gauntlets_fumbling,Gauntlets of Fumbling,MODIFIES,abil_dexterity,Dexterity,lowers the score,,worsens,heuristic,DMG,145,TREASURE (MISCELLANEOUS MAGIC),explicit_rule,page-sweep,core,,,
spell_remove_curse,Remove Curse,OVERRIDES,item_gauntlets_fumbling,Gauntlets of Fumbling,removal requires remove curse or a wish,,neutral,derived,DMG,145,TREASURE (MISCELLANEOUS MAGIC),explicit_rule,page-sweep,core,explicit_replacement,,
item_gauntlets_ogre_power,Gauntlets of Ogre Power,MODIFIES,abil_strength,Strength,sets exceptional strength,,neutral,unset,DMG,145,TREASURE (MISCELLANEOUS MAGIC),explicit_rule,page-sweep,core,,,
item_gauntlets_ogre_power,Gauntlets of Ogre Power,MODIFIES,abil_str_exceptional,Exceptional Strength,grants the maximum percentile band,,neutral,unset,DMG,145,TREASURE (MISCELLANEOUS MAGIC),explicit_rule,page-sweep,core,,,
item_helm_brilliance,Helm of Brilliance,GATES,rule_spell_casting,Gem Spell Powers,each gem casts once,,enables,derived,DMG,146,TREASURE (MISCELLANEOUS MAGIC),explicit_rule,page-sweep,core,,,
exp_level,Spell Level,MODIFIES,item_helm_brilliance,Helm of Brilliance,effective caster level is doubled,,neutral,unset,DMG,146,TREASURE (MISCELLANEOUS MAGIC),explicit_rule,page-sweep,core,,,
item_helm_brilliance,Helm of Brilliance,TRIGGERS,monster_undead,Undead,glows and damages nearby undead,,neutral,unset,DMG,146,TREASURE (MISCELLANEOUS MAGIC),explicit_rule,page-sweep,core,,,
item_helm_brilliance,Helm of Brilliance,MODIFIES,item_magic_weapon,Wielded Sword,commands it to become a flame sword,,neutral,unset,DMG,146,TREASURE (MISCELLANEOUS MAGIC),explicit_rule,page-sweep,core,,,
item_helm_brilliance,Helm of Brilliance,EXCLUDES,cbt_damage,Fire Damage,protects as a double strength fire resistance ring,,negates,derived,DMG,146,TREASURE (MISCELLANEOUS MAGIC),explicit_rule,page-sweep,core,,,
item_helm_brilliance,Fire Protection,CONSTRAINS,item_magic_item,Further Magic,cannot be augmented by other means,,neutral,unset,DMG,146,TREASURE (MISCELLANEOUS MAGIC),explicit_rule,page-sweep,core,,,
save_matrix,Failed Fire Save,TRIGGERS,item_saving_throw,Helm Saving Throw,the helm must save separately,,governs,heuristic,DMG,146,TREASURE (MISCELLANEOUS MAGIC),explicit_rule,page-sweep,core,,,
item_helm_brilliance,Expended Helm,TRIGGERS,tbl_gem_value,Gem Value,jewels turn to worthless powder,,neutral,unset,DMG,146,TREASURE (MISCELLANEOUS MAGIC),explicit_rule,page-sweep,core,,,
rule_item_destruction,Removing a Jewel,TRIGGERS,tbl_gem_value,Gem Value,removal destroys the gem,,neutral,unset,DMG,146,TREASURE (MISCELLANEOUS MAGIC),explicit_rule,page-sweep,core,,,
item_helm_languages,Helm of Comprehending Languages,GATES,rule_languages,Strange Tongues,understands most speech and writing,,enables,derived,DMG,146,TREASURE (MISCELLANEOUS MAGIC),explicit_rule,page-sweep,core,,,
item_helm_languages,Helm of Comprehending Languages,GATES,spell_read_magic,Magical Writings,understands most magical script,,enables,derived,DMG,146,TREASURE (MISCELLANEOUS MAGIC),explicit_rule,page-sweep,core,,,
item_helm_languages,Comprehension,EXCLUDES,rule_spell_casting,Spell Use,understanding does not permit casting,,negates,derived,DMG,146,TREASURE (MISCELLANEOUS MAGIC),explicit_rule,page-sweep,core,,,
item_helm_languages,Helm of Comprehending Languages,MODIFIES,cbt_armor_class,Armor Class,functions as a normal helmet,,neutral,unset,DMG,146,TREASURE (MISCELLANEOUS MAGIC),explicit_rule,page-sweep,core,,,
item_helm_opposite_alignment,Helm of Opposite Alignment,DERIVED_FROM,cursed_item,Cursed Item,radiates an indeterminate dweomer,,neutral,derived,DMG,146,TREASURE (MISCELLANEOUS MAGIC),explicit_rule,page-sweep,core,,,
item_helm_opposite_alignment,Helm of Opposite Alignment,OVERRIDES,sys_alignment,Alignment,immediately reverses the wearer's alignment,,neutral,derived,DMG,146,TREASURE (MISCELLANEOUS MAGIC),explicit_rule,page-sweep,core,explicit_replacement,,
item_helm_opposite_alignment,Helm of Opposite Alignment,TRIGGERS,rule_involuntary_change,Involuntary Alignment Change,change is not the character's doing,,neutral,unset,DMG,146,TREASURE (MISCELLANEOUS MAGIC),inferred_rule,page-sweep,core,,,
item_horn_tritons,Horn of the Tritons,GATES,rule_waterborne_travel,Calming Waters,dispels water elementals and weirds,,enables,derived,DMG,147,TREASURE (MISCELLANEOUS MAGIC),explicit_rule,page-sweep,core,,,
item_horn_tritons,Horn of the Tritons,TRIGGERS,gen_random_encounter,Summoned Sea Creatures,friendly creatures answer the call,,neutral,unset,DMG,147,TREASURE (MISCELLANEOUS MAGIC),explicit_rule,page-sweep,core,,,
item_horn_tritons,Horn of the Tritons,TRIGGERS,save_spell,Saving Throw vs Magic,marine creatures must save or panic,,improves,heuristic,DMG,147,TREASURE (MISCELLANEOUS MAGIC),explicit_rule,page-sweep,core,,,
item_horn_tritons,Horn of the Tritons,MODIFIES,cbt_tohit,To-Hit Roll,penalty on creatures that save,,neutral,unset,DMG,147,TREASURE (MISCELLANEOUS MAGIC),explicit_rule,page-sweep,core,,,
monster_intelligence,Animal Intelligence or Lower,GATES,item_horn_tritons,Panic Effect,only low intelligence creatures are affected,,enables,derived,DMG,147,TREASURE (MISCELLANEOUS MAGIC),explicit_rule,page-sweep,core,,,
item_horn_tritons,Horn Sounding,TRIGGERS,rule_noise,Audible to Tritons,heard at great distance by tritons,,neutral,unset,DMG,147,TREASURE (MISCELLANEOUS MAGIC),explicit_rule,page-sweep,core,,,
item_horn_valhalla,Horn of Valhalla,TRIGGERS,gen_random_encounter,Berserk Fighters,summons warriors to fight,,neutral,unset,DMG,147,TREASURE (MISCELLANEOUS MAGIC),explicit_rule,page-sweep,core,,,
sys_classes,Character Class,GATES,item_horn_valhalla,Horn of Valhalla,each variety is class-restricted,,enables,derived,DMG,147,TREASURE (MISCELLANEOUS MAGIC),explicit_rule,page-sweep,core,,,
item_horn_valhalla,Wrong Class,TRIGGERS,cbt_melee,Summoned Attack,the berserkers attack the summoner,,neutral,unset,DMG,147,TREASURE (MISCELLANEOUS MAGIC),explicit_rule,page-sweep,core,,,
item_command_word,Command Word,GATES,item_horn_valhalla,Horn of Valhalla,appears a normal instrument until discovered,,enables,derived,DMG,147,TREASURE (MISCELLANEOUS MAGIC),explicit_rule,page-sweep,core,,,
item_bard_instrument,Bardic Instruments,GATES,class_bard,Bard,each instrument keyed to a college level,,enables,derived,DMG,148,TREASURE (MISCELLANEOUS MAGIC),explicit_rule,page-sweep,optional,,,
exp_level,Bard Level,GATES,item_bard_instrument,Bardic Instruments,minimum level to use safely,,enables,derived,DMG,148,TREASURE (MISCELLANEOUS MAGIC),explicit_rule,page-sweep,core,,,
item_bard_instrument,Bardic Instruments,TRIGGERS,cbt_damage,Backlash Damage,underlevelled or non-bard users are injured,,neutral,unset,DMG,148,TREASURE (MISCELLANEOUS MAGIC),explicit_rule,page-sweep,core,,,
item_bard_instrument,Bardic Instruments,MODIFIES,class_bard,Charm Percentage,each raises the bard's charming ability,,neutral,unset,DMG,148,TREASURE (MISCELLANEOUS MAGIC),explicit_rule,page-sweep,optional,,,
item_bard_instrument,Bardic Instruments,GATES,rule_spell_casting,Magical Songs,grants daily spell-like songs,,enables,derived,DMG,148,TREASURE (MISCELLANEOUS MAGIC),explicit_rule,page-sweep,core,,,
item_javelin_piercing,Javelin of Piercing,MODIFIES,cbt_tohit,To-Hit Roll,large bonus and self-launching,,neutral,unset,DMG,149,TREASURE (MISCELLANEOUS MAGIC),explicit_rule,page-sweep,core,,,
item_javelin_piercing,Javelin of Piercing,EXCLUDES,wpn_range,Range Bands,all distances count as short range,,negates,derived,DMG,149,TREASURE (MISCELLANEOUS MAGIC),explicit_rule,page-sweep,core,,,
item_javelin_piercing,Javelin of Piercing,CONSTRAINS,item_javelin_piercing,Javelin of Piercing,magic lasts for one throw only,,neutral,unset,DMG,149,TREASURE (MISCELLANEOUS MAGIC),explicit_rule,page-sweep,core,,,
item_jewel_attacks,Jewel of Attacks,DERIVED_FROM,cursed_item,Cursed Item,appears a valuable gem,,neutral,derived,DMG,149,TREASURE (MISCELLANEOUS MAGIC),explicit_rule,page-sweep,core,,,
item_jewel_attacks,Jewel of Attacks,MODIFIES,gen_wandering_monsters,Wandering Monster Frequency,doubles the encounter chance,,worsens,heuristic,DMG,149,TREASURE (MISCELLANEOUS MAGIC),explicit_rule,page-sweep,core,,,
item_jewel_attacks,Jewel of Attacks,MODIFIES,cbt_pursuit_evasion,Pursuit,doubles the likelihood of being chased,,worsens,heuristic,DMG,149,TREASURE (MISCELLANEOUS MAGIC),explicit_rule,page-sweep,core,,,
item_jewel_attacks,Jewel of Attacks,CONSTRAINS,sys_equipment,Discarding,magically returns to its finder,,worsens,heuristic,DMG,149,TREASURE (MISCELLANEOUS MAGIC),explicit_rule,page-sweep,core,,,
spell_atonement,Atonement,OVERRIDES,item_jewel_attacks,Jewel of Attacks,removal requires remove curse or atonement,,neutral,derived,DMG,149,TREASURE (MISCELLANEOUS MAGIC),explicit_rule,page-sweep,core,explicit_replacement,,
item_jewel_flawlessness,Jewel of Flawlessness,MODIFIES,rule_gem_variation,Gem Value Variation,doubles the chance a stone increases in value,,neutral,unset,DMG,149,TREASURE (MISCELLANEOUS MAGIC),explicit_rule,page-sweep,core,,,
rule_gem_variation,Value Increase,CONSUMES,item_jewel_flawlessness,Jewel of Flawlessness,a facet vanishes with each success,,neutral,derived,DMG,149,TREASURE (MISCELLANEOUS MAGIC),explicit_rule,page-sweep,core,,,
item_keoghtoms_ointment,Keoghtom's Ointment,OVERRIDES,save_poison,Poison,draws poison,,neutral,derived,DMG,149,TREASURE (MISCELLANEOUS MAGIC),explicit_rule,page-sweep,core,explicit_replacement,,
item_keoghtoms_ointment,Keoghtom's Ointment,OVERRIDES,rule_disease,Disease,cures affliction,,neutral,derived,DMG,149,TREASURE (MISCELLANEOUS MAGIC),explicit_rule,page-sweep,core,explicit_replacement,,
item_keoghtoms_ointment,Keoghtom's Ointment,MODIFIES,rule_hit_points,Hit Points,heals wounds,,neutral,unset,DMG,149,TREASURE (MISCELLANEOUS MAGIC),explicit_rule,page-sweep,core,,,
item_manual_pilfering,Manual of Stealthy Pilfering,MODIFIES,exp_level,Experience Points,advances a thief to the next level midpoint,,neutral,unset,DMG,150,TREASURE (MISCELLANEOUS MAGIC),explicit_rule,page-sweep,core,,,
class_thief,Thief,GATES,item_manual_pilfering,Manual of Stealthy Pilfering,full benefit for thieves only,,enables,derived,DMG,150,TREASURE (MISCELLANEOUS MAGIC),explicit_rule,page-sweep,core,,,
class_assassin,Assassin,MODIFIES,item_manual_pilfering,Manual of Stealthy Pilfering,reduced benefit,,neutral,unset,DMG,150,TREASURE (MISCELLANEOUS MAGIC),explicit_rule,page-sweep,core,,,
sys_classes,Fighters Magic-Users and Monks,EXCLUDED_FROM,item_manual_pilfering,Manual of Stealthy Pilfering,cannot comprehend the work,,negates,derived,DMG,150,TREASURE (MISCELLANEOUS MAGIC),explicit_rule,page-sweep,core,,,
class_cleric,Clerics Rangers and Paladins,TRIGGERS,cbt_damage,Reading Damage,injured and stunned by a single word,,neutral,unset,DMG,150,TREASURE (MISCELLANEOUS MAGIC),explicit_rule,page-sweep,core,,,
item_manual_pilfering,Manual of Stealthy Pilfering,TRIGGERS,exp_level_loss,Experience Loss,wrongly classed readers may lose experience,,neutral,unset,DMG,150,TREASURE (MISCELLANEOUS MAGIC),explicit_rule,page-sweep,core,,,
spell_atonement,Atonement,GATES,abil_wisdom,Wisdom,must atone quickly or lose a point,,enables,derived,DMG,150,TREASURE (MISCELLANEOUS MAGIC),explicit_rule,page-sweep,core,,,
item_manual_pilfering,Magical Texts,CONSTRAINS,rule_information,Recording Knowledge,the knowledge cannot be written down or told,,neutral,unset,DMG,150,TREASURE (MISCELLANEOUS MAGIC),explicit_rule,page-sweep,core,,,
abil_strength,Giant Strength,GATES,item_mattock_titans,Mattock of the Titans,only giant-sized creatures can wield it,,enables,derived,DMG,150,TREASURE (MISCELLANEOUS MAGIC),explicit_rule,page-sweep,core,,,
item_mattock_titans,Mattock of the Titans,GATES,campaign_construction,Excavation,loosens earth and smashes rock rapidly,,enables,derived,DMG,150,TREASURE (MISCELLANEOUS MAGIC),explicit_rule,page-sweep,core,,,
item_necklace_prayer_beads,Necklace of Prayer Beads,GATES,class_cleric,Cleric,true nature revealed only to clerics,,enables,derived,DMG,151,TREASURE (MISCELLANEOUS MAGIC),explicit_rule,page-sweep,core,,,
class_druid,Druids Paladins and Rangers,EXCLUDED_FROM,item_necklace_prayer_beads,Necklace of Prayer Beads,explicitly excluded despite clerical magic,,negates,derived,DMG,151,TREASURE (MISCELLANEOUS MAGIC),explicit_rule,page-sweep,core,,,
item_necklace_prayer_beads,Necklace of Prayer Beads,MODIFIES,rule_deity,Spell Petition,improves the chance of being granted spells,,neutral,unset,DMG,151,TREASURE (MISCELLANEOUS MAGIC),explicit_rule,page-sweep,core,,,
item_necklace_prayer_beads,Bead of Karma,MODIFIES,exp_level,Effective Caster Level,casts as several levels higher,,neutral,unset,DMG,151,TREASURE (MISCELLANEOUS MAGIC),explicit_rule,page-sweep,core,,,
item_necklace_prayer_beads,Bead of Summons,TRIGGERS,rule_deity,Divine Manifestation,calls the deity in material form,,neutral,unset,DMG,151,TREASURE (MISCELLANEOUS MAGIC),explicit_rule,page-sweep,core,,,
rule_deity,Summoning in Vain,TRIGGERS,rule_item_destruction,Confiscation,the deity takes the necklace as the least punishment,,neutral,unset,DMG,151,TREASURE (MISCELLANEOUS MAGIC),explicit_rule,page-sweep,core,,,
spell_commune,Commune,GATES,item_necklace_prayer_beads,Bead Identification,each bead's function known only by commune,,enables,derived,DMG,151,TREASURE (MISCELLANEOUS MAGIC),explicit_rule,page-sweep,core,,,
item_necklace_prayer_beads,Removed Beads,TRIGGERS,rule_item_destruction,Loss of Power,powers lost if separated from the necklace,,neutral,unset,DMG,151,TREASURE (MISCELLANEOUS MAGIC),explicit_rule,page-sweep,core,,,
item_phylactery_long_years,Phylactery of Long Years,MODIFIES,rule_aging,Aging,slows the aging process,,neutral,unset,DMG,152,TREASURE (MISCELLANEOUS MAGIC),explicit_rule,page-sweep,core,,,
item_phylactery_long_years,Phylactery of Long Years,OVERRIDES,tbl_magical_aging,Magical Aging,the reduction applies even to magical aging,,neutral,derived,DMG,152,TREASURE (MISCELLANEOUS MAGIC),explicit_rule,page-sweep,core,explicit_replacement,,
item_phylactery_long_years,Reversed Phylactery,DERIVED_FROM,cursed_item,Cursed Item,a minority operate in reverse,,neutral,derived,DMG,152,TREASURE (MISCELLANEOUS MAGIC),explicit_rule,page-sweep,core,,,
item_phylactery_attention,Phylactery of Monstrous Attention,DERIVED_FROM,cursed_item,Cursed Item,appears beneficial,,neutral,derived,DMG,152,TREASURE (MISCELLANEOUS MAGIC),explicit_rule,page-sweep,core,,,
item_phylactery_attention,Phylactery of Monstrous Attention,TRIGGERS,gen_random_encounter,Hostile Supernatural Creatures,draws opposite-aligned beings,,worsens,heuristic,DMG,152,TREASURE (MISCELLANEOUS MAGIC),explicit_rule,page-sweep,core,,,
sys_alignment,Wearer Alignment,FEEDS_INTO,item_phylactery_attention,Phylactery of Monstrous Attention,attracts the exact opposite alignment,,neutral,derived,DMG,152,TREASURE (MISCELLANEOUS MAGIC),explicit_rule,page-sweep,core,,,
exp_level,High Level Cleric,MODIFIES,item_phylactery_attention,Phylactery of Monstrous Attention,draws the deity's greatest enemy directly,,neutral,unset,DMG,152,TREASURE (MISCELLANEOUS MAGIC),explicit_rule,page-sweep,core,,,
spell_exorcism,Exorcism,OVERRIDES,item_phylactery_attention,Phylactery of Monstrous Attention,removal requires exorcism then a quest,,neutral,derived,DMG,152,TREASURE (MISCELLANEOUS MAGIC),explicit_rule,page-sweep,core,explicit_replacement,,
item_pipes_of_sewers,Pipes of the Sewers,TRIGGERS,gen_random_encounter,Rats,attracts rats within range,,neutral,unset,DMG,152,TREASURE (MISCELLANEOUS MAGIC),explicit_rule,page-sweep,core,,,
cbt_encounter_distance,Distance,MODIFIES,item_pipes_of_sewers,Pipes of the Sewers,delay scales with how far the rats must travel,,neutral,unset,DMG,152,TREASURE (MISCELLANEOUS MAGIC),explicit_rule,page-sweep,core,,,
abil_intelligence,Intelligence,GATES,item_robe_scintillating,Robe of Scintillating Colors,minimum score to activate,,enables,derived,DMG,153,TREASURE (MISCELLANEOUS MAGIC),explicit_rule,page-sweep,core,,,
abil_wisdom,Wisdom,GATES,item_robe_scintillating,Robe of Scintillating Colors,minimum score to activate,,enables,derived,DMG,153,TREASURE (MISCELLANEOUS MAGIC),explicit_rule,page-sweep,core,,,
item_robe_scintillating,Robe of Scintillating Colors,TRIGGERS,save_spell,Saving Throw vs Magic,opponents must save or be transfixed,,improves,heuristic,DMG,153,TREASURE (MISCELLANEOUS MAGIC),explicit_rule,page-sweep,core,,,
magic_resistance,Magic Resistance,GATES,save_spell,Saving Throw,resistance checked before the save,,enables,derived,DMG,153,TREASURE (MISCELLANEOUS MAGIC),explicit_rule,page-sweep,core,,,
item_robe_scintillating,Robe of Scintillating Colors,MODIFIES,cbt_tohit,To-Hit Roll,cumulative penalty per round of scintillation,,neutral,unset,DMG,153,TREASURE (MISCELLANEOUS MAGIC),explicit_rule,page-sweep,core,,,
item_robe_scintillating,Robe of Scintillating Colors,FEEDS_INTO,rule_light,Light,sheds illumination while active,,neutral,derived,DMG,153,TREASURE (MISCELLANEOUS MAGIC),explicit_rule,page-sweep,core,,,
item_robe_scintillating,Robe of Scintillating Colors,CONSTRAINS,ex_movement_rate,Movement,wearer must remain nearly stationary,,neutral,unset,DMG,153,TREASURE (MISCELLANEOUS MAGIC),explicit_rule,page-sweep,core,,,
item_scarab_protection,Scarab of Protection,MODIFIES,save_matrix,Saving Throws,bonus on all magic saves,,improves,heuristic,DMG,154,TREASURE (MISCELLANEOUS MAGIC),explicit_rule,page-sweep,core,,,
item_scarab_protection,Scarab of Protection,OVERRIDES,save_matrix,No Save Possible,grants a save where none normally exists,,neutral,derived,DMG,154,TREASURE (MISCELLANEOUS MAGIC),explicit_rule,page-sweep,core,explicit_replacement,,
item_magic_armor,Other Protections,MODIFIES,item_scarab_protection,Scarab of Protection,bonuses stack onto the granted save,,neutral,unset,DMG,154,TREASURE (MISCELLANEOUS MAGIC),explicit_rule,page-sweep,core,,,
item_scarab_protection,Scarab of Protection,EXCLUDES,exp_level_loss,Energy Drain,absorbs a limited number of level drains,,negates,derived,DMG,154,TREASURE (MISCELLANEOUS MAGIC),explicit_rule,page-sweep,core,,,
item_scarab_protection,Scarab of Protection,EXCLUDES,death_character,Death Magic,absorbs death touches rays and fingers of death,,negates,derived,DMG,154,TREASURE (MISCELLANEOUS MAGIC),explicit_rule,page-sweep,core,,,
item_scarab_protection,Scarab of Protection,TRIGGERS,rule_item_destruction,Turns to Powder,destroyed once its capacity is spent,,neutral,unset,DMG,154,TREASURE (MISCELLANEOUS MAGIC),explicit_rule,page-sweep,core,,,
item_scarab_protection,Reversed Scarab,DERIVED_FROM,cursed_item,Cursed Item,a minority penalise saving throws,,neutral,derived,DMG,154,TREASURE (MISCELLANEOUS MAGIC),explicit_rule,page-sweep,core,,,
spell_remove_curse,Remove Curse,OVERRIDES,item_scarab_protection,Reversed Scarab,a high level cleric may convert some to superior form,,neutral,derived,DMG,154,TREASURE (MISCELLANEOUS MAGIC),explicit_rule,page-sweep,core,explicit_replacement,,
abil_strength,Strength,GATES,item_spade_excavation,Spade of Colossal Excavation,requires exceptional strength,,enables,derived,DMG,154,TREASURE (MISCELLANEOUS MAGIC),explicit_rule,page-sweep,core,,,
item_spade_excavation,Spade of Colossal Excavation,GATES,campaign_construction,Excavation,rapid digging,,enables,derived,DMG,154,TREASURE (MISCELLANEOUS MAGIC),explicit_rule,page-sweep,core,,,
item_spade_excavation,Spade of Colossal Excavation,CONSUMES,fatigue,Rest,user must rest periodically,,neutral,derived,DMG,154,TREASURE (MISCELLANEOUS MAGIC),explicit_rule,page-sweep,core,,,
item_talisman_pure_good,Talisman of Pure Good,GATES,class_cleric,High Priest,usable only by a good high priest,,enables,derived,DMG,155,TREASURE (MISCELLANEOUS MAGIC),explicit_rule,page-sweep,core,,,
item_talisman_pure_good,Talisman of Pure Good,TRIGGERS,death_character,Destruction of Evil Cleric,swallows the victim into the earth,,neutral,unset,DMG,155,TREASURE (MISCELLANEOUS MAGIC),explicit_rule,page-sweep,core,,,
sys_alignment,Wielder Purity,MODIFIES,save_spell,Saving Throw,an impure wielder grants the victim a save,,neutral,unset,DMG,155,TREASURE (MISCELLANEOUS MAGIC),explicit_rule,page-sweep,core,,,
sys_alignment,Neutral or Evil Cleric,TRIGGERS,cbt_damage,Touch Damage,touching the talisman injures by alignment distance,,neutral,unset,DMG,155,TREASURE (MISCELLANEOUS MAGIC),explicit_rule,page-sweep,core,,,
sys_classes,Non-Clerics,EXCLUDED_FROM,item_talisman_pure_good,Talisman of Pure Good,unaffected by the device,,negates,derived,DMG,155,TREASURE (MISCELLANEOUS MAGIC),explicit_rule,page-sweep,core,,,
item_talisman_sphere,Talisman of the Sphere,GATES,class_magic_user,Magic-User,useless to any other class,,enables,derived,DMG,155,TREASURE (MISCELLANEOUS MAGIC),explicit_rule,page-sweep,core,,,
item_talisman_sphere,Talisman of the Sphere,TRIGGERS,cbt_damage,Touch Damage,other classes are injured by touching it,,neutral,unset,DMG,155,TREASURE (MISCELLANEOUS MAGIC),explicit_rule,page-sweep,core,,,
abil_intelligence,Intelligence,FEEDS_INTO,item_sphere_annihilation,Sphere of Annihilation,control percentage scales with the score,,neutral,derived,DMG,155,TREASURE (MISCELLANEOUS MAGIC),explicit_rule,page-sweep,core,,,
item_talisman_sphere,Talisman of the Sphere,MODIFIES,item_sphere_annihilation,Sphere Control,doubles the intelligence control bonus,,neutral,unset,DMG,155,TREASURE (MISCELLANEOUS MAGIC),explicit_rule,page-sweep,core,,,
item_sphere_annihilation,Loss of Control,TRIGGERS,cbt_melee,Sphere Pursuit,the sphere moves toward the magic-user,,neutral,unset,DMG,155,TREASURE (MISCELLANEOUS MAGIC),explicit_rule,page-sweep,core,,,
item_wand_negation,Wand of Negation,EXCLUDED_FROM,item_sphere_annihilation,Sphere of Annihilation,has no effect on the sphere itself,,negates,derived,DMG,155,TREASURE (MISCELLANEOUS MAGIC),explicit_rule,page-sweep,core,,,
item_wand_negation,Wand of Negation,OVERRIDES,item_talisman_sphere,Talisman of the Sphere,can negate the talisman's control instead,,neutral,derived,DMG,155,TREASURE (MISCELLANEOUS MAGIC),explicit_rule,page-sweep,core,explicit_replacement,,
rule_dm_discretion,DM Discretion,GATES,item_artifact,Artifact Powers,referee assigns the major powers,,enables,derived,DMG,156,TREASURE (ARTIFACTS & RELICS),explicit_rule,page-sweep,optional,,,
item_artifact,Artifacts and Relics,CONSTRAINS,rule_player_knowledge,Player Knowledge,powers differ campaign to campaign,,neutral,unset,DMG,156,TREASURE (ARTIFACTS & RELICS),explicit_rule,page-sweep,optional,,,
item_artifact,Artifacts and Relics,GATES,rule_quest,Recovery Quest,acquisition must be a major undertaking,,enables,derived,DMG,156,TREASURE (ARTIFACTS & RELICS),explicit_rule,page-sweep,optional,,,
item_artifact,Artifact Lore,CONSUMES,money_gp,Money,information must be bought with time and coin,,neutral,derived,DMG,156,TREASURE (ARTIFACTS & RELICS),explicit_rule,page-sweep,optional,,,
item_artifact,Artifacts and Relics,CONSTRAINS,rule_game_balance,Game Balance,must be limited or the campaign is ruined,,neutral,unset,DMG,156,TREASURE (ARTIFACTS & RELICS),explicit_rule,page-sweep,optional,,,
item_artifact,Nemesis Creature,ALTERNATIVE_TO,rule_game_balance,Game Balance,a countervailing threat may balance an artifact,,neutral,derived,DMG,156,TREASURE (ARTIFACTS & RELICS),explicit_rule,page-sweep,optional,,,
item_crown_might,Crown of Might,GATES,sys_alignment,Ethos,each regalia set is keyed to an ethical alignment,,enables,derived,DMG,157,TREASURE (ARTIFACTS & RELICS),explicit_rule,page-sweep,core,,,
sys_alignment,Wrong Alignment,TRIGGERS,save_spell,Saving Throw vs Magic,failure means instant death,,neutral,unset,DMG,157,TREASURE (ARTIFACTS & RELICS),explicit_rule,page-sweep,core,,,
item_crown_might,Crown of Might,MODIFIES,exp_level,Experience Level,raises the wearer a level while worn,,neutral,unset,DMG,157,TREASURE (ARTIFACTS & RELICS),explicit_rule,page-sweep,core,,,
item_crown_might,Regalia Set,FEEDS_INTO,item_artifact,Combined Powers,crown orb and sceptre form a set,,neutral,derived,DMG,157,TREASURE (ARTIFACTS & RELICS),explicit_rule,page-sweep,optional,,,
item_hand_vecna,Hand of Vecna,OVERRIDES,rule_deity,Divine Intervention,effects are effectively irrevocable,,neutral,derived,DMG,158,TREASURE (ARTIFACTS & RELICS),explicit_rule,page-sweep,core,explicit_replacement,,
item_hand_vecna,Hand of Vecna,GATES,item_command_word,Gesture Combinations,powers invoked by finger positions,,enables,derived,DMG,158,TREASURE (ARTIFACTS & RELICS),explicit_rule,page-sweep,core,,,
item_artifact,Artifact Powers,FEEDS_INTO,tbl_prime_powers,Power Tables,powers drawn from the numbered tables,,neutral,derived,DMG,158,TREASURE (ARTIFACTS & RELICS),explicit_rule,page-sweep,optional,,,
item_mace_cuthbert,Mace of Cuthbert,GATES,class_cleric,Cleric,restricted to lawful good clerics,,enables,derived,DMG,159,TREASURE (ARTIFACTS & RELICS),explicit_rule,page-sweep,core,,,
abil_strength,Strength,GATES,item_mace_cuthbert,Mace of Cuthbert,minimum score required to wield,,enables,derived,DMG,159,TREASURE (ARTIFACTS & RELICS),explicit_rule,page-sweep,core,,,
sys_alignment,Lawful Good,GATES,item_mace_cuthbert,Mace of Cuthbert,alignment requirement,,enables,derived,DMG,159,TREASURE (ARTIFACTS & RELICS),explicit_rule,page-sweep,core,,,
item_mace_cuthbert,Mace of Cuthbert,MODIFIES,cbt_tohit,To-Hit Roll,large bonus,,neutral,unset,DMG,159,TREASURE (ARTIFACTS & RELICS),explicit_rule,page-sweep,core,,,
item_mace_cuthbert,Mace of Cuthbert,TRIGGERS,turn_undead,Disruption,disruption effects against undead,,neutral,unset,DMG,159,TREASURE (ARTIFACTS & RELICS),explicit_rule,page-sweep,core,,,
item_kuroths_quill,Kuroth's Quill,GATES,tbl_treasure_map,Treasure Finding,locates treasure periodically,,enables,derived,DMG,159,TREASURE (ARTIFACTS & RELICS),explicit_rule,page-sweep,core,,,
item_orb_dragonkind,Orbs of Dragonkind,TRIGGERS,spell_charm_monster,Charm Dragon,charms dragons by age category,,neutral,unset,DMG,160,TREASURE (ARTIFACTS & RELICS),explicit_rule,page-sweep,core,,,
tbl_age_categories,Dragon Age,GATES,item_orb_dragonkind,Orbs of Dragonkind,each orb charms a specific age band,,enables,derived,DMG,160,TREASURE (ARTIFACTS & RELICS),explicit_rule,page-sweep,core,,,
item_orb_dragonkind,Orbs of Dragonkind,FEEDS_INTO,sword_ego_vs_personality,Intelligence and Ego,each orb has its own scores,,neutral,derived,DMG,160,TREASURE (ARTIFACTS & RELICS),explicit_rule,page-sweep,core,,,
item_orb_dragonkind,Orb of the Eternal Grand Dragon,MODIFIES,save_matrix,Saving Throws,large bonus against specific deities,,improves,heuristic,DMG,160,TREASURE (ARTIFACTS & RELICS),explicit_rule,page-sweep,core,,,
item_orb_dragonkind,Orbs of Dragonkind,MODIFIES,sys_alignment,Alignment,strong evil component afflicts good possessors,,neutral,unset,DMG,160,TREASURE (ARTIFACTS & RELICS),explicit_rule,page-sweep,core,,,
item_rod_seven_parts,Rod of Seven Parts,CONSTRAINS,item_rod_seven_parts,Assembly,parts must be joined in order for cumulative power,,neutral,unset,DMG,161,TREASURE (ARTIFACTS & RELICS),explicit_rule,page-sweep,core,,,
item_rod_seven_parts,Out-of-Order Assembly,OVERRIDES,item_rod_seven_parts,Rod Powers,only the last piece joined is active,,neutral,derived,DMG,161,TREASURE (ARTIFACTS & RELICS),explicit_rule,page-sweep,core,explicit_replacement,,
item_rod_seven_parts,Rod of Seven Parts,CONSTRAINS,rule_player_character,Possessor,cannot let go once partly assembled,,neutral,unset,DMG,161,TREASURE (ARTIFACTS & RELICS),explicit_rule,page-sweep,core,,,
tbl_prime_powers,Prime Power Use,TRIGGERS,item_rod_seven_parts,Disassembly,chance the rod scatters across the world,,governs,heuristic,DMG,161,TREASURE (ARTIFACTS & RELICS),explicit_rule,page-sweep,core,,,
item_wand_orcus,Wand of Orcus,TRIGGERS,save_spell,Saving Throw vs Magic,victims may avoid death,,improves,heuristic,DMG,162,TREASURE (ARTIFACTS & RELICS),explicit_rule,page-sweep,core,,,
item_wand_orcus,Wand of Orcus,TRIGGERS,death_character,Death or Annihilation,failed save destroys the victim,,neutral,unset,DMG,162,TREASURE (ARTIFACTS & RELICS),explicit_rule,page-sweep,core,,,
rule_deity,Gods and Demon Lords,EXCLUDED_FROM,item_wand_orcus,Wand of Orcus,divine beings are unaffected,,negates,derived,DMG,162,TREASURE (ARTIFACTS & RELICS),explicit_rule,page-sweep,core,,,
tbl_minor_malevolent,Minor Malevolent Effects,TRIGGERS,rule_sex,Sex Change,the possessor's sex changes,,governs,heuristic,DMG,163,TREASURE (ARTIFACTS & RELICS),explicit_rule,page-sweep,core,,,
tbl_minor_malevolent,Minor Malevolent Effects,MODIFIES,tbl_height_weight,Weight,significant weight gain or loss,,governs,heuristic,DMG,163,TREASURE (ARTIFACTS & RELICS),explicit_rule,page-sweep,core,,,
tbl_minor_malevolent,Minor Malevolent Effects,CONSTRAINS,spell_component_verbal,Verbal Components,spells must be shouted to work,,governs,heuristic,DMG,163,TREASURE (ARTIFACTS & RELICS),explicit_rule,page-sweep,core,,,
tbl_minor_malevolent,Minor Malevolent Effects,CONSTRAINS,rule_player_character,Separation from Item,possessor cannot be parted from it for long,,governs,heuristic,DMG,163,TREASURE (ARTIFACTS & RELICS),explicit_rule,page-sweep,core,,,
rule_time,Time Possessed,GATES,tbl_minor_malevolent,Minor Malevolent Effects,effects appear after weeks of ownership,,enables,derived,DMG,163,TREASURE (ARTIFACTS & RELICS),explicit_rule,page-sweep,core,,,
tbl_prime_powers,Using a Primary Power,TRIGGERS,tbl_minor_malevolent,Minor Malevolent Effects,use accelerates the onset,,governs,heuristic,DMG,163,TREASURE (ARTIFACTS & RELICS),explicit_rule,page-sweep,core,,,
tbl_major_malevolent,Major Malevolent Effects,TRIGGERS,rule_body_part_loss,Body Rot,cumulative chance of permanent loss,,governs,heuristic,DMG,163,TABLE IV: MAJOR MALEVOLENT EFFECTS,explicit_rule,page-sweep,core,,,
tbl_major_malevolent,Major Malevolent Effects,OVERRIDES,sys_alignment,Alignment,capricious change on each primary power use,,neutral,derived,DMG,163,TABLE IV: MAJOR MALEVOLENT EFFECTS,explicit_rule,page-sweep,core,explicit_replacement,,
tbl_major_malevolent,Major Malevolent Effects,TRIGGERS,rule_quest,Geas or Quest,placed upon the possessor,,governs,heuristic,DMG,163,TABLE IV: MAJOR MALEVOLENT EFFECTS,explicit_rule,page-sweep,core,,,
tbl_major_malevolent,Major Malevolent Effects,TRIGGERS,death_character,Soul Consumption,the item may draw in the possessor's life force,,governs,heuristic,DMG,163,TABLE IV: MAJOR MALEVOLENT EFFECTS,explicit_rule,page-sweep,core,,,
sys_alignment,Failing the Item's Purpose,TRIGGERS,tbl_major_malevolent,Major Malevolent Effects,the item punishes disobedient possessors,,neutral,unset,DMG,163,TABLE IV: MAJOR MALEVOLENT EFFECTS,explicit_rule,page-sweep,core,,,
tbl_major_malevolent,Imprisoned Being,TRIGGERS,spell_magic_jar,Possession,a trapped entity may escape and seize the body,,governs,heuristic,DMG,163,TABLE IV: MAJOR MALEVOLENT EFFECTS,explicit_rule,page-sweep,core,,,
tbl_prime_powers,Prime Powers,GATES,spell_wish,Wish,daily wish among the greatest powers,,enables,derived,DMG,164,TREASURE (ARTIFACTS & RELICS),explicit_rule,page-sweep,core,,,
tbl_prime_powers,Prime Powers,EXCLUDES,psi_attack_modes,Psionic Attack,total immunity to mental and psionic attack,,negates,derived,DMG,164,TREASURE (ARTIFACTS & RELICS),explicit_rule,page-sweep,optional,,,
tbl_prime_powers,Prime Powers,OVERRIDES,rule_aging,Aging,restores youth to a creature touched,,neutral,derived,DMG,164,TREASURE (ARTIFACTS & RELICS),explicit_rule,page-sweep,core,explicit_replacement,,
tbl_prime_powers,Prime Powers,OVERRIDES,rule_spell_casting,Combination Spells,caster may release several spell levels at once,,neutral,derived,DMG,164,TREASURE (ARTIFACTS & RELICS),explicit_rule,page-sweep,core,explicit_replacement,,
tbl_side_effects,Side Effects,OVERRIDES,sys_alignment,Alignment,permanently changed to that of the item,,neutral,derived,DMG,164,TABLE VI: SIDE EFFECTS,explicit_rule,page-sweep,core,explicit_replacement,,
tbl_side_effects,Side Effects,MODIFIES,abil_charisma,Charisma,reduced to the minimum while the item is owned,,governs,heuristic,DMG,164,TABLE VI: SIDE EFFECTS,explicit_rule,page-sweep,core,,,
tbl_side_effects,Side Effects,TRIGGERS,rule_fear,Fear,all nearby including the possessor may flee,,governs,heuristic,DMG,164,TABLE VI: SIDE EFFECTS,explicit_rule,page-sweep,core,,,
tbl_side_effects,Side Effects,TRIGGERS,cbt_encounter_reactions,Greed and Covetousness,viewers may attack to steal the item,,governs,heuristic,DMG,164,TABLE VI: SIDE EFFECTS,explicit_rule,page-sweep,core,,,
hench_loyalty,Loyalty,GATES,tbl_side_effects,Greed Reaction,henchmen check loyalty before the saving throw,,enables,derived,DMG,164,TABLE VI: SIDE EFFECTS,explicit_rule,page-sweep,core,,,
tbl_side_effects,Side Effects,TRIGGERS,rule_lycanthropy,Lycanthropy,inflicted on the possessor by item alignment,,governs,heuristic,DMG,164,TABLE VI: SIDE EFFECTS,explicit_rule,page-sweep,core,,,
sys_alignment,Item Alignment,FEEDS_INTO,rule_lycanthropy,Were-Type,determines the form inflicted,,neutral,derived,DMG,164,TABLE VI: SIDE EFFECTS,explicit_rule,page-sweep,core,,,
magic_item_determination,Determination Tables,FEEDS_INTO,xp_magic_items,Experience Point Value,each entry carries an XP award,,neutral,derived,DMG,123,TREASURE (RANDOM DETERMINATION),explicit_rule,page-sweep,core,,,
magic_item_determination,Determination Tables,FEEDS_INTO,money_gp,Sale Value,each entry carries a gold value,,neutral,derived,DMG,123,TREASURE (RANDOM DETERMINATION),explicit_rule,page-sweep,core,,,
sys_classes,Class Restriction,CONSTRAINS,magic_item_determination,Magic Items,entries are tagged by usable class,,neutral,unset,DMG,123,TREASURE (RANDOM DETERMINATION),explicit_rule,page-sweep,core,,,
item_magic_armor,Armor Plus,FEEDS_INTO,xp_magic_items,Experience Point Value,value scales with the bonus,,neutral,derived,DMG,124,III.F. ARMOR AND SHIELD,explicit_rule,page-sweep,core,,,
item_magic_armor,Plate Mail of Vulnerability,DERIVED_FROM,cursed_item,Cursed Item,cursed armor variant,,neutral,derived,DMG,124,III.F. ARMOR AND SHIELD,explicit_rule,page-sweep,core,,,
item_magic_armor,Plate Mail of Etherealness,GATES,rule_planar_travel,Ethereal Plane,armor grants planar movement,,enables,derived,DMG,124,III.F. ARMOR AND SHIELD,explicit_rule,page-sweep,core,,,
monster_size,Opponent Size,MODIFIES,item_magic_weapon,Situational Bonus,some weapons vary their plus by target size,,neutral,unset,DMG,125,III.H. MISCELLANEOUS WEAPONS,explicit_rule,page-sweep,core,,,
item_magic_weapon,Cursed Backbiter,DERIVED_FROM,cursed_item,Cursed Item,cursed weapon variant,,neutral,derived,DMG,125,III.H. MISCELLANEOUS WEAPONS,explicit_rule,page-sweep,core,,,
item_magic_weapon,Dagger of Venom,TRIGGERS,save_poison,Saving Throw vs Poison,delivers venom,,inflicts,heuristic,DMG,125,III.H. MISCELLANEOUS WEAPONS,inferred_rule,page-sweep,core,,,
sword_alignment,Sword Alignment,TRIGGERS,cbt_damage,Touch Damage,mismatched wielders are injured on any contact,,neutral,unset,DMG,167,TREASURE (SWORDS),explicit_rule,page-sweep,core,,,
sword_ego_vs_personality,Sword Ego,FEEDS_INTO,cbt_damage,Touch Damage,damage equals the sword's ego points,,neutral,derived,DMG,167,TREASURE (SWORDS),explicit_rule,page-sweep,core,,,
sword_primary_abilities,Primary Abilities,GATES,rule_detection,Detection,swords detect traps doors metals and magic,,enables,derived,DMG,167,Table 3.: Sword Primary Abilities,explicit_rule,page-sweep,core,,,
sword_primary_abilities,Duplicate Ability,MODIFIES,sword_primary_abilities,Range,repeated results extend the radius,,neutral,unset,DMG,167,Table 3.: Sword Primary Abilities,explicit_rule,page-sweep,core,,,
sword_primary_abilities,Primary Abilities,CONSTRAINS,cbt_melee,Fighting,a sword can fight or detect but not both,,neutral,unset,DMG,167,Table 3.: Sword Primary Abilities,explicit_rule,page-sweep,core,,,
sword_primary_abilities,Primary Abilities,GATES,rule_declared_action,Concentration,possessor must hold draw and concentrate,,enables,derived,DMG,167,Table 3.: Sword Primary Abilities,explicit_rule,page-sweep,core,,,
abil_intelligence,Intelligence,FEEDS_INTO,sword_ego_vs_personality,Personality Strength,a term in the character's score,,neutral,derived,DMG,168,TREASURE (SWORDS),explicit_rule,page-sweep,core,,,
abil_charisma,Charisma,FEEDS_INTO,sword_ego_vs_personality,Personality Strength,a term in the character's score,,neutral,derived,DMG,168,TREASURE (SWORDS),explicit_rule,page-sweep,core,,,
exp_level,Experience Level,FEEDS_INTO,sword_ego_vs_personality,Personality Strength,a term in the character's score,,neutral,derived,DMG,168,TREASURE (SWORDS),explicit_rule,page-sweep,core,,,
rule_hit_points,Damage Taken,MODIFIES,sword_ego_vs_personality,Personality Strength,wounds lower the effective level term,,neutral,unset,DMG,168,TREASURE (SWORDS),explicit_rule,page-sweep,core,,,
sword_personality_conflict,Personality Conflict,CONSTRAINS,hench_henchmen,Associates,sword may demand dismissal of companions,,neutral,unset,DMG,168,TREASURE (SWORDS),explicit_rule,page-sweep,core,,,
sword_personality_conflict,Personality Conflict,CONSTRAINS,item_magic_weapon,Other Magic Weapons,sword may demand they be given up,,neutral,unset,DMG,168,TREASURE (SWORDS),explicit_rule,page-sweep,core,,,
sword_personality_conflict,Personality Conflict,CONSUMES,money_gp,Money,demands gems and precious containers,,neutral,derived,DMG,168,TREASURE (SWORDS),explicit_rule,page-sweep,core,,,
sword_personality_conflict,Personality Conflict,TRIGGERS,rule_quest,Slaying Hated Creatures,sword directs the expedition,,neutral,unset,DMG,168,TREASURE (SWORDS),explicit_rule,page-sweep,core,,,
sword_ego_vs_personality,Sword Dominance,OVERRIDES,rule_player_character,Character Control,the sword takes command when its score is higher,,neutral,derived,DMG,168,TREASURE (SWORDS),explicit_rule,page-sweep,core,explicit_replacement,,
item_mace_disruption,Mace of Disruption,GATES,sys_alignment,Neutral Good,evil wielders are injured,,enables,derived,DMG,169,TREASURE (MISCELLANEOUS WEAPONS),explicit_rule,page-sweep,core,,,
item_mace_disruption,Mace of Disruption,TRIGGERS,turn_undead,Turning Matrix,struck undead roll as if turned by a high level cleric,,neutral,unset,DMG,169,TREASURE (MISCELLANEOUS WEAPONS),explicit_rule,page-sweep,core,,,
item_mace_disruption,Mace of Disruption,TRIGGERS,death_character,Disruption,failed roll destroys the creature outright,,neutral,unset,DMG,169,TREASURE (MISCELLANEOUS WEAPONS),explicit_rule,page-sweep,core,,,
item_mace_disruption,Mace of Disruption,MODIFIES,cbt_damage,Damage,double dice and bonus against undead,,neutral,unset,DMG,169,TREASURE (MISCELLANEOUS WEAPONS),explicit_rule,page-sweep,core,,,
monster_undead,Undead Type,FEEDS_INTO,item_mace_disruption,Mace of Disruption,stronger undead have a save chance,,neutral,derived,DMG,169,TREASURE (MISCELLANEOUS WEAPONS),explicit_rule,page-sweep,core,,,
rule_dm_discretion,DM Option,MODIFIES,item_magic_weapon,Scimitar,may be treated as a magic sword in some campaigns,,neutral,unset,DMG,169,TREASURE (MISCELLANEOUS WEAPONS),explicit_rule,page-sweep,core,,,
gen_random_dungeon,Random Dungeon Generation,GATES,campaign_construction,Room and Chamber Size,size tables drive layout,,enables,derived,DMG,171,APPENDIX A: RANDOM DUNGEON GENERATION,explicit_rule,page-sweep,core,,,
campaign_construction,Room Area,FEEDS_INTO,gen_random_dungeon,Number of Exits,larger rooms yield more exits,,neutral,derived,DMG,171,TABLE V. C.: NUMBER OF EXITS,explicit_rule,page-sweep,core,,,
gen_random_dungeon,Exit Placement,TRIGGERS,ex_secret_doors,Secret Door,exits into mapped space become secret or one-way,,neutral,unset,DMG,171,TABLE V. D.: EXIT LOCATION,explicit_rule,page-sweep,core,,,
gen_random_dungeon,Random Dungeon Generation,CONSTRAINS,ex_mapping,Mapping,already-mapped space constrains new exits,,neutral,unset,DMG,171,TABLE V. D.: EXIT LOCATION,explicit_rule,page-sweep,core,,,
gen_random_dungeon,Chamber Contents,TRIGGERS,gen_random_encounter,Monster,contents table sends to the encounter appendix,,neutral,unset,DMG,171,TABLE V. F.: CHAMBER OR ROOM CONTENTS,explicit_rule,page-sweep,core,,,
gen_random_dungeon,Chamber Contents,FEEDS_INTO,sys_treasure,Treasure,contents may include treasure,,neutral,derived,DMG,171,TABLE V. F.: CHAMBER OR ROOM CONTENTS,explicit_rule,page-sweep,core,,,
gen_random_dungeon,Stairs,FEEDS_INTO,gen_dungeon_level,Dungeon Level,movement between levels,,neutral,derived,DMG,172,TABLE VI.: STAIRS,explicit_rule,page-sweep,core,,,
gen_random_dungeon,Stairs,TRIGGERS,rule_one_way_door,One-Way Egress,some descents close behind the party,,neutral,unset,DMG,172,TABLE VI.: STAIRS,explicit_rule,page-sweep,core,,,
race_elf,Elf,MODIFIES,ex_secret_doors,Secret Door Detection,better chance to locate,,neutral,unset,DMG,172,TABLE VII.: TRICK/TRAP,explicit_rule,page-sweep,core,,,
item_magic_item,Magical Device,MODIFIES,ex_secret_doors,Secret Door Detection,far better chance to locate,,neutral,unset,DMG,172,TABLE VII.: TRICK/TRAP,explicit_rule,page-sweep,core,,,
gen_random_dungeon,Pit Trap,TRIGGERS,ex_falling,Falling,chance to fall in,,neutral,unset,DMG,172,TABLE VII.: TRICK/TRAP,explicit_rule,page-sweep,core,,,
gen_random_dungeon,Spiked Pit,MODIFIES,cbt_damage,Damage,spikes worsen the fall,,neutral,unset,DMG,172,TABLE VII.: TRICK/TRAP,explicit_rule,page-sweep,core,,,
gen_random_dungeon,Elevator Room,OVERRIDES,gen_dungeon_level,Dungeon Level,moves the party down without their knowledge,,neutral,derived,DMG,172,TABLE VII.: TRICK/TRAP,explicit_rule,page-sweep,core,explicit_replacement,,
str_open_doors,Failed Door Attempts,TRIGGERS,gen_random_dungeon,Elevator Descent,each failure drops the room further,,neutral,unset,DMG,172,TABLE VII.: TRICK/TRAP,explicit_rule,page-sweep,core,,,
gen_random_dungeon,Solo Play,ALTERNATIVE_TO,rule_dm_discretion,Dungeon Master,system substitutes for a referee,,neutral,derived,DMG,173,RANDOM DUNGEON GENERATION FOR SOLO PLAY,explicit_rule,page-sweep,core,,,
gen_random_dungeon,Solo Play,MODIFIES,thief_hear_noise,Listening at Doors,simplified resolution,,neutral,unset,DMG,173,RANDOM DUNGEON GENERATION FOR SOLO PLAY,explicit_rule,page-sweep,core,,,
gen_random_dungeon,Solo Play,CONSTRAINS,cbt_surprise,Surprise,surprise possible only on the monster's part,,neutral,unset,DMG,173,RANDOM DUNGEON GENERATION FOR SOLO PLAY,explicit_rule,page-sweep,core,,,
spell_esp,ESP and Detection Devices,MODIFIES,cbt_surprise,Surprise,detection greatly reduces surprise,,neutral,unset,DMG,173,RANDOM DUNGEON GENERATION FOR SOLO PLAY,explicit_rule,page-sweep,core,,,
monster_intelligence,Non-Thinking Monsters,EXCLUDED_FROM,spell_esp,ESP,undead and mindless creatures are not detected,,negates,derived,DMG,173,RANDOM DUNGEON GENERATION FOR SOLO PLAY,explicit_rule,page-sweep,core,,,
gen_wilderness_terrain,Random Wilderness Terrain,GATES,rule_terrain,Terrain,generates unmapped country,,enables,derived,DMG,173,APPENDIX B: RANDOM WILDERNESS TERRAIN,explicit_rule,page-sweep,core,,,
campaign_climate,Climate,CONSTRAINS,gen_wilderness_terrain,Terrain Type,northern forest differs from tropical jungle,,neutral,unset,DMG,173,APPENDIX B: RANDOM WILDERNESS TERRAIN,explicit_rule,page-sweep,core,,,
gen_wilderness_terrain,Random Wilderness Terrain,FEEDS_INTO,gen_random_encounter,Outdoor Encounters,terrain selects the encounter table,,neutral,derived,DMG,173,APPENDIX B: RANDOM WILDERNESS TERRAIN,inferred_rule,page-sweep,core,,,
gen_wilderness_terrain,Random Wilderness Terrain,MODIFIES,ex_movement_rate,Outdoor Movement,generated terrain governs travel speed,,neutral,unset,DMG,173,APPENDIX B: RANDOM WILDERNESS TERRAIN,inferred_rule,page-sweep,core,,,
rule_dm_discretion,DM Selection,OVERRIDES,tbl_npc_magic_items,Random Determination,referee should choose items suited to the individual,,neutral,derived,DMG,176,Magic Item Tables For Character Encounters,explicit_rule,page-sweep,core,explicit_replacement,,
sys_classes,NPC Class,CONSTRAINS,tbl_npc_magic_items,Magic Item Tables,items must suit the character,,neutral,unset,DMG,176,Magic Item Tables For Character Encounters,explicit_rule,page-sweep,core,,,
gen_monster_level_matrix,Monster Level,GATES,gen_random_encounter,Encounter Table,each level has its own creature list,,enables,derived,DMG,177,APPENDIX C: RANDOM MONSTER ENCOUNTERS,explicit_rule,page-sweep,core,,,
gen_random_encounter,Character Subtable,FEEDS_INTO,rule_npc_generation,NPC Party,encountered characters generated separately,,neutral,derived,DMG,177,APPENDIX C: RANDOM MONSTER ENCOUNTERS,explicit_rule,page-sweep,core,,,
gen_random_encounter,Dragon Subtable,FEEDS_INTO,monster_dragon,Dragon,type and age rolled separately,,neutral,derived,DMG,177,Dragon Subtable,explicit_rule,page-sweep,core,,,
gen_monster_level_matrix,Monster Level,FEEDS_INTO,tbl_age_categories,Dragon Age Category,deeper levels yield older dragons,,neutral,derived,DMG,177,Dragon Subtable,explicit_rule,page-sweep,core,,,
tbl_age_categories,Dragon Age Category,FEEDS_INTO,monster_hd,Hit Points Per Die,age sets hit points per die,,neutral,derived,DMG,177,Dragon Subtable,explicit_rule,page-sweep,core,,,
gen_random_encounter,Encounter Tables,FEEDS_INTO,rule_lycanthropy,Lycanthropes,were-creatures appear at specific levels,,neutral,derived,DMG,178,APPENDIX C: RANDOM MONSTER ENCOUNTERS,explicit_rule,page-sweep,core,,,
gen_random_encounter,Encounter Tables,FEEDS_INTO,monster_undead,Undead,undead appear at specific levels,,neutral,derived,DMG,178,APPENDIX C: RANDOM MONSTER ENCOUNTERS,explicit_rule,page-sweep,core,,,
gen_random_encounter,Encounter Tables,FEEDS_INTO,monster_demon_devil,Demons and Devils,lower planar creatures at deeper levels,,neutral,derived,DMG,178,APPENDIX C: RANDOM MONSTER ENCOUNTERS,explicit_rule,page-sweep,core,,,
gen_random_encounter,Number Appearing,FEEDS_INTO,cbt_melee,Encounter Size,each entry specifies numbers,,neutral,derived,DMG,177,APPENDIX C: RANDOM MONSTER ENCOUNTERS,explicit_rule,page-sweep,core,,,
rule_planar_travel,Planes Crossed,MODIFIES,rule_psychic_wind,Psychic Wind,chance scales per plane or system traversed,,neutral,unset,DMG,181,Psychic Wind & Ether Cyclone,explicit_rule,table-skim,core,,,
rule_psychic_wind,Psychic Wind,TRIGGERS,gen_random_encounter,Additional Encounter Check,slowed travel adds a check,,neutral,unset,DMG,181,ASTRALLY PROJECTED: PSYCHIC WIND,explicit_rule,table-skim,core,,,
rule_psychic_wind,Psychic Wind,TRIGGERS,ex_mapping,Becoming Lost,party may be lost for days,,neutral,unset,DMG,181,ASTRALLY PROJECTED: PSYCHIC WIND,explicit_rule,table-skim,core,,,
rule_psychic_wind,Psychic Wind,OVERRIDES,rule_planar_travel,Destination,may deposit the party elsewhere,,neutral,derived,DMG,181,ASTRALLY PROJECTED: PSYCHIC WIND,explicit_rule,table-skim,core,explicit_replacement,,
rule_ether_cyclone,Ether Cyclone,DERIVED_FROM,rule_psychic_wind,Planar Hazard,ethereal counterpart,,neutral,derived,DMG,181,ETHEREAL: ETHER CYCLONE,explicit_rule,table-skim,core,,,
rule_dm_discretion,Planar Detail,GATES,rule_psychic_wind,Psychic Wind,cannot be fully used without developed planar material,,enables,derived,DMG,181,Psychic Wind & Ether Cyclone,explicit_rule,table-skim,core,,,
gen_random_encounter,Outdoor Encounter Tables,RESOLVED_BY,campaign_climate,Climate Conditions,arctic through tropical tables,,governs,derived,DMG,183,OUTDOOR RANDOM MONSTER ENCOUNTER TABLES,explicit_rule,table-skim,core,,,
gen_random_encounter,Outdoor Encounter Tables,RESOLVED_BY,rule_terrain,Terrain,terrain selects the column,,governs,derived,DMG,183,OUTDOOR RANDOM MONSTER ENCOUNTER TABLES,explicit_rule,table-skim,core,,,
campaign_settlement,Inhabited or Wilderness,MODIFIES,gen_random_encounter,Outdoor Encounters,settled areas use different tables,,neutral,unset,DMG,189,Uninhabited/Wilderness Areas,explicit_rule,table-skim,core,,,
gen_random_encounter,Encounter Result,TRIGGERS,gen_random_encounter,Subtables,humanoid giant and demi-human results branch further,,neutral,unset,DMG,185,APPENDIX C: RANDOM MONSTER ENCOUNTERS,explicit_rule,table-skim,core,,,
gen_random_encounter,City and Town Encounters,RESOLVED_BY,rule_time_of_day,Day or Night,separate day and night columns,,governs,derived,DMG,191,CITY/TOWN ENCOUNTERS MATRIX,explicit_rule,table-skim,core,,,
rule_time_of_day,Night,GATES,monster_undead,Undead,undead appear only at night,,enables,derived,DMG,191,CITY/TOWN ENCOUNTERS MATRIX,explicit_rule,table-skim,core,,,
rule_time_of_day,Night,GATES,monster_demon_devil,Demons and Devils,lower planar creatures appear only at night,,enables,derived,DMG,191,CITY/TOWN ENCOUNTERS MATRIX,explicit_rule,table-skim,core,,,
rule_time_of_day,Night,GATES,rule_lycanthropy,Lycanthropes,were-creatures are far commoner after dark,,enables,derived,DMG,191,CITY/TOWN ENCOUNTERS MATRIX,explicit_rule,table-skim,core,,,
gen_random_encounter,City Encounters,TRIGGERS,race_any,Racial Determination,classed encounters check human or demi-human,,neutral,unset,DMG,191,CITY/TOWN ENCOUNTERS MATRIX,explicit_rule,table-skim,core,,,
gen_random_encounter,City Encounters,FEEDS_INTO,campaign_social_class,Social Class,beggars through nobles populate the table,,neutral,derived,DMG,191,CITY/TOWN ENCOUNTERS MATRIX,explicit_rule,table-skim,core,,,
gen_random_encounter,Press Gang,TRIGGERS,hench_ship_crew,Forced Recruitment,characters may be taken for a crew,,neutral,unset,DMG,191,CITY/TOWN ENCOUNTERS EXPLANATIONS,inferred_rule,table-skim,core,,,
gen_random_encounter,Monster Appearance Tables,FEEDS_INTO,monster_special,Creature Description,skin colour wings and features rolled,,neutral,derived,DMG,195,APPENDIX C: RANDOM MONSTER ENCOUNTERS,explicit_rule,table-skim,core,,,
spell_components,Spell Components,CONSUMES,rule_spell_casting,Casting,components are used up,,neutral,derived,DMG,41,SPELLS: SPECIAL COMMENTARY FOR REFEREEING,explicit_rule,page-sweep,core,,,
rule_holy_symbol,Holy Symbol,EXCLUDED_FROM,spell_components,Component Loss,symbols and mistletoe are not consumed,,negates,derived,DMG,41,SPELLS: SPECIAL COMMENTARY FOR REFEREEING,explicit_rule,page-sweep,core,,,
rule_dm_discretion,Magic Type,GATES,rule_spell_research,Spell Research,school informs new spell development,,enables,derived,DMG,41,SPELLS: SPECIAL COMMENTARY FOR REFEREEING,explicit_rule,page-sweep,core,,,
rule_dm_discretion,Magical Repression,CONSTRAINS,rule_spell_casting,Spell Types,some magic may be limited by region,,neutral,unset,DMG,41,SPELLS: SPECIAL COMMENTARY FOR REFEREEING,explicit_rule,page-sweep,core,,,
rule_dm_discretion,Magic Type,GATES,rule_npc_magic_user,Specialist NPCs,specialists built around a school,,enables,derived,DMG,41,SPELLS: SPECIAL COMMENTARY FOR REFEREEING,explicit_rule,page-sweep,core,,,
spell_locate_object,Locate Object,CONSTRAINS,rule_player_knowledge,Mental Image,caster must know a similar object,,neutral,unset,DMG,42,SPELL EXPLANATIONS (CLERIC SPELLS),explicit_rule,page-sweep,core,,,
spell_locate_object,Locate Object,EXCLUDES,sys_treasure,Unique Objects,cannot find objects unlike anything known,,negates,derived,DMG,42,SPELL EXPLANATIONS (CLERIC SPELLS),explicit_rule,page-sweep,core,,,
spell_prayer,Prayer,MODIFIES,cbt_tohit,To-Hit Roll,bonus to allies and penalty to foes,,neutral,unset,DMG,42,SPELL EXPLANATIONS (CLERIC SPELLS),explicit_rule,page-sweep,core,,,
spell_chant,Chant,MODIFIES,spell_prayer,Prayer,effects are cumulative when combined,,neutral,unset,DMG,42,SPELL EXPLANATIONS (CLERIC SPELLS),explicit_rule,page-sweep,core,,,
rule_deity,Same Deity,GATES,spell_chant,Cumulative Effect,shared alignment is not enough,,enables,derived,DMG,42,SPELL EXPLANATIONS (CLERIC SPELLS),explicit_rule,page-sweep,core,,,
spell_speak_with_dead,Speak With Dead,CONSTRAINS,rule_information,Answers,answers are limited and evasive,,neutral,unset,DMG,42,SPELL EXPLANATIONS (CLERIC SPELLS),explicit_rule,page-sweep,core,,,
spell_gate,Gate,TRIGGERS,rule_deity,Called Being,summons a deity or its minion,,neutral,unset,DMG,43,SPELL EXPLANATIONS (DRUID SPELLS),explicit_rule,page-sweep,core,,,
rule_deity,Called Being,GATES,cbt_encounter_reactions,Response,being may leave act or attack,,enables,derived,DMG,43,SPELL EXPLANATIONS (DRUID SPELLS),explicit_rule,page-sweep,core,,,
rule_deity,Matter Importance,MODIFIES,spell_gate,Gate,triviality raises the chance of departure,,neutral,unset,DMG,43,SPELL EXPLANATIONS (DRUID SPELLS),explicit_rule,page-sweep,core,,,
sys_alignment,Alignment Mismatch,TRIGGERS,death_character,Summoner Destroyed,a called being may destroy the caller,,neutral,unset,DMG,43,SPELL EXPLANATIONS (DRUID SPELLS),explicit_rule,page-sweep,core,,,
rule_deity,Called Being,ALTERNATIVE_TO,gen_random_encounter,Sent Minion,a servant may come instead of the deity,,neutral,derived,DMG,43,SPELL EXPLANATIONS (DRUID SPELLS),explicit_rule,page-sweep,core,,,
spell_conjure_animals,Summoning Animals,CONSTRAINS,monster_hd,Hit Dice,powerful animals appear in fewer numbers,,neutral,unset,DMG,44,SPELL EXPLANATIONS (DRUID SPELLS),explicit_rule,page-sweep,core,,,
spell_call_woodland_beings,Call Woodland Beings,RESOLVED_BY,rule_terrain,Woodland Type,chance varies by forest density,,governs,derived,DMG,44,SPELL EXPLANATIONS (DRUID SPELLS),explicit_rule,page-sweep,core,,,
exp_level,Druid Level,MODIFIES,spell_call_woodland_beings,Call Woodland Beings,adds to the chance for each creature type,,neutral,unset,DMG,44,SPELL EXPLANATIONS (DRUID SPELLS),explicit_rule,page-sweep,core,,,
spell_call_woodland_beings,Call Woodland Beings,TRIGGERS,gen_random_encounter,Woodland Creatures,checked in order down the list,,neutral,unset,DMG,44,SPELL EXPLANATIONS (DRUID SPELLS),explicit_rule,page-sweep,core,,,
rule_terrain,Dense Virgin Woodland,GATES,gen_random_encounter,Treants and Unicorns,rarest beings favour deep forest,,enables,derived,DMG,44,SPELL EXPLANATIONS (DRUID SPELLS),explicit_rule,page-sweep,core,,,
rule_declared_action,Designating a Target,OVERRIDES,spell_sleep,Sleep,naming a single creature bypasses the ordering,,neutral,derived,DMG,45,SPELL EXPLANATIONS (MAGIC-USER SPELLS),explicit_rule,page-sweep,core,explicit_replacement,,
rule_special_ingredient,Monster Components,FEEDS_INTO,rule_special_ink,Magical Ink,tracker ichor octopus ink and powdered gems,,neutral,derived,DMG,45,SPELL EXPLANATIONS (MAGIC-USER SPELLS),explicit_rule,page-sweep,core,,,
spell_wall_of_iron,Wall of Iron,TRIGGERS,cbt_damage,Falling Wall,vertical placement may topple either way,,neutral,unset,DMG,46,SPELL EXPLANATIONS (MAGIC-USER SPELLS),explicit_rule,page-sweep,core,,,
abil_strength,Strength and Mass,MODIFIES,spell_wall_of_iron,Wall of Iron,great force can influence which way it falls,,neutral,unset,DMG,46,SPELL EXPLANATIONS (MAGIC-USER SPELLS),explicit_rule,page-sweep,core,,,
spell_wall_of_iron,Wall of Iron,ALTERNATIVE_TO,spell_wall_of_iron,Area and Thickness,area may be doubled by halving thickness,,neutral,derived,DMG,46,SPELL EXPLANATIONS (MAGIC-USER SPELLS),explicit_rule,page-sweep,core,,,
spell_wall_of_stone,Wall of Stone,GATES,campaign_construction,Bridging,may span a chasm if arched and buttressed,,enables,derived,DMG,46,SPELL EXPLANATIONS (MAGIC-USER SPELLS),explicit_rule,page-sweep,core,,,
spell_wall_of_stone,Bridge Construction,CONSUMES,spell_wall_of_stone,Wall Volume,arching consumes half the material,,neutral,derived,DMG,46,SPELL EXPLANATIONS (MAGIC-USER SPELLS),explicit_rule,page-sweep,core,,,
spell_wall_of_stone,Unsupported Span,TRIGGERS,rule_structure_collapse,Collapse,long spans fall of their own weight,,neutral,unset,DMG,46,SPELL EXPLANATIONS (MAGIC-USER SPELLS),explicit_rule,page-sweep,core,,,
spell_anti_magic_shell,Anti-Magic Shell,EXCLUDED_FROM,rule_planar_travel,Native Plane,hedges out no creature on its own plane,,negates,derived,DMG,46,SPELL EXPLANATIONS (MAGIC-USER SPELLS),explicit_rule,page-sweep,core,,,
rule_genre_conversion,Genre Conversion,ALTERNATIVE_TO,rule_dm_discretion,Campaign Design,rules for importing other TSR games,,neutral,derived,DMG,113,CONDUCTING THE GAME (THE ONGOING CAMPAIGN),explicit_rule,page-sweep,optional,,,
rule_genre_conversion,Boot Hill Conversion,FEEDS_INTO,cbt_armor_class,Armor Class,converted characters begin unarmoured,,neutral,derived,DMG,113,CONDUCTING THE GAME (THE ONGOING CAMPAIGN),explicit_rule,page-sweep,optional,,,
rule_genre_conversion,Boot Hill Conversion,FEEDS_INTO,save_matrix,Saving Throws,save as fighters of equivalent level,,neutral,derived,DMG,113,CONDUCTING THE GAME (THE ONGOING CAMPAIGN),explicit_rule,page-sweep,optional,,,
rule_genre_conversion,Boot Hill Conversion,FEEDS_INTO,cbt_attack_matrix,Fighting Ability,use fighter level for attacks,,neutral,derived,DMG,113,CONDUCTING THE GAME (THE ONGOING CAMPAIGN),explicit_rule,page-sweep,optional,,,
rule_firearms,Firearms,OVERRIDES,cbt_initiative,Turn Sequence,a different sequence applies when both sides shoot,,neutral,derived,DMG,113,CONDUCTING THE GAME (THE ONGOING CAMPAIGN),explicit_rule,page-sweep,optional,explicit_replacement,,
rule_firearms,Firearms,MODIFIES,cbt_initiative,Initiative,bonus for unarmoured shooters,,neutral,unset,DMG,113,CONDUCTING THE GAME (THE ONGOING CAMPAIGN),explicit_rule,page-sweep,optional,,,
rule_firearms,Rate of Fire,MODIFIES,cbt_attacks_per_round,Attacks Per Round,shots per round without penalty,,neutral,unset,DMG,113,CONDUCTING THE GAME (THE ONGOING CAMPAIGN),explicit_rule,page-sweep,optional,,,
rule_firearms,Excess Shots,MODIFIES,cbt_tohit,To-Hit Roll,cumulative penalty per extra shot,optional double rate,neutral,unset,DMG,113,CONDUCTING THE GAME (THE ONGOING CAMPAIGN),explicit_rule,page-sweep,optional,,,
time_segment_round_turn,Segments,GATES,rule_firearms,Reloading,any firearm reloads within a round,,enables,derived,DMG,113,CONDUCTING THE GAME (THE ONGOING CAMPAIGN),explicit_rule,page-sweep,optional,,,
item_magic_armor,Magic Armor,FEEDS_INTO,rule_genre_conversion,Gamma World Armor,magical armor maps onto powered armor,,neutral,derived,DMG,114,GAMMA WORLD ARMOR TO AD&D ARMOR CLASS,explicit_rule,page-sweep,optional,,,
rule_genre_conversion,Gamma World Characters,EXCLUDED_FROM,save_spell,Saving Throw vs Magic,no save against spells,,negates,derived,DMG,114,CONDUCTING THE GAME (THE ONGOING CAMPAIGN),explicit_rule,page-sweep,optional,,,
rule_mutation,Mental Mutations,OVERRIDES,save_spell,Saving Throw vs Magic,some mutations restore a save,,neutral,derived,DMG,114,CONDUCTING THE GAME (THE ONGOING CAMPAIGN),explicit_rule,page-sweep,optional,explicit_replacement,,
rule_genre_conversion,AD&D Characters,EXCLUDED_FROM,rule_radiation,Radiation Resistance,no resistance permitted,,negates,derived,DMG,114,CONDUCTING THE GAME (THE ONGOING CAMPAIGN),explicit_rule,page-sweep,optional,,,
save_poison,Saving Throw vs Poison,ALTERNATIVE_TO,rule_radiation,Radiation,poison saves used across systems,,neutral,derived,DMG,114,CONDUCTING THE GAME (THE ONGOING CAMPAIGN),explicit_rule,page-sweep,optional,,,
rule_gambling,Gambling,ALTERNATIVE_TO,money_gp,Money,wagering transfers wealth,,neutral,derived,DMG,215,APPENDIX F: GAMBLING,explicit_rule,page-sweep,optional,,,
campaign_settlement,Taverns and Barracks,GATES,rule_gambling,Gambling,common wherever men gather,,enables,derived,DMG,215,APPENDIX F: GAMBLING,explicit_rule,page-sweep,optional,,,
rule_dm_discretion,DM as House,GATES,rule_gambling,Card Games,referee deals against the players,,enables,derived,DMG,216,Card Games:,explicit_rule,page-sweep,optional,,,
rule_tricks,Tricks,DERIVED_FROM,gen_random_dungeon,Dungeon Features,architectural features with hidden functions,,neutral,derived,DMG,217,APPENDIX H: TRICKS,explicit_rule,page-sweep,core,,,
rule_tricks,Trick Arch,TRIGGERS,rule_sex,Sex Change,one of several random effects,,neutral,unset,DMG,217,APPENDIX H: TRICKS,explicit_rule,page-sweep,core,,,
rule_tricks,Trick Arch,TRIGGERS,tbl_height_weight,Size Change,enlarges or reduces the subject,,neutral,unset,DMG,217,APPENDIX H: TRICKS,explicit_rule,page-sweep,core,,,
rule_tricks,Trick Arch,TRIGGERS,rule_planar_travel,Teleportation,may transport to a distant area,,neutral,unset,DMG,217,APPENDIX H: TRICKS,explicit_rule,page-sweep,core,,,
rule_tricks,Trick Container,ALTERNATIVE_TO,monster_special,Polymorphed Monster,alternates between treasure and a creature,,neutral,derived,DMG,217,APPENDIX H: TRICKS,explicit_rule,page-sweep,core,,,
spell_polymorph_other,Polymorph,OVERRIDES,rule_tricks,Trick Container,fixes the object in one form permanently,,neutral,derived,DMG,217,APPENDIX H: TRICKS,explicit_rule,page-sweep,core,explicit_replacement,,
spell_dispel_magic,Dispel Magic,OVERRIDES,rule_tricks,Trick Container,fixes the object in one form permanently,,neutral,derived,DMG,217,APPENDIX H: TRICKS,explicit_rule,page-sweep,core,explicit_replacement,,
rule_tricks,Trick Secret Door,GATES,ex_secret_doors,Secret Door,a hidden second stud changes the destination,,enables,derived,DMG,217,APPENDIX H: TRICKS,explicit_rule,page-sweep,core,,,
rule_tricks,Trick Fountain,TRIGGERS,save_poison,Saving Throw vs Poison,failure to answer a riddle sprays poison,,neutral,unset,DMG,217,APPENDIX H: TRICKS,explicit_rule,page-sweep,core,,,
rule_tricks,Trick Fountain,FEEDS_INTO,tbl_treasure_map,Treasure Clue,a correct answer yields a clue,,neutral,derived,DMG,217,APPENDIX H: TRICKS,explicit_rule,page-sweep,core,,,
rule_herbs,Herbs and Spices,FEEDS_INTO,item_brew_potion,Potion Formulae,reference for components,,neutral,derived,DMG,220,"APPENDIX J: HERBS, SPICES AND MEDICINAL VEGETABLES",explicit_rule,page-sweep,core,,,
rule_herbs,Herbs,ALTERNATIVE_TO,spell_cure_disease,Medicinal Treatment,plants treat disorders by body system,,neutral,derived,DMG,220,"APPENDIX J: HERBS, SPICES AND MEDICINAL VEGETABLES",explicit_rule,page-sweep,core,,,
rule_herbs,Wolfsbane,FEEDS_INTO,rule_lycanthropy_cure_regimen,Lycanthropy Cure,a named component of the cure,,neutral,derived,DMG,220,"APPENDIX J: HERBS, SPICES AND MEDICINAL VEGETABLES",explicit_rule,page-sweep,core,,,
rule_herbs,Garlic,EXCLUDES,monster_undead,Vampires,wards off the undead,,negates,derived,DMG,221,"APPENDIX J: HERBS, SPICES AND MEDICINAL VEGETABLES",explicit_rule,page-sweep,core,,,
rule_herbs,Herbs,OVERRIDES,save_poison,Anti-Venom,some plants counter poison,,neutral,derived,DMG,221,"APPENDIX J: HERBS, SPICES AND MEDICINAL VEGETABLES",explicit_rule,page-sweep,core,explicit_replacement,,
rule_herbs,Herbs,TRIGGERS,save_poison,Poisonous Plants,several listed plants are toxic,,neutral,unset,DMG,221,"APPENDIX J: HERBS, SPICES AND MEDICINAL VEGETABLES",explicit_rule,page-sweep,core,,,
rule_herbs,Herbs,OVERRIDES,tbl_parasite,Parasitic Infestation,some plants kill parasites,,neutral,derived,DMG,221,"APPENDIX J: HERBS, SPICES AND MEDICINAL VEGETABLES",explicit_rule,page-sweep,core,explicit_replacement,,
rule_magical_substances,Describing Magical Substances,FEEDS_INTO,item_nonstandard,Item Description,appearance colour and consistency tables,,neutral,derived,DMG,221,APPENDIX K: DESCRIBING MAGICAL SUBSTANCES,explicit_rule,page-sweep,core,,,
spell_conjure_animals,Conjure Animals,RESOLVED_BY,tbl_conjured_animals,Conjured Animals Table,animal type rolled not chosen,,governs,derived,DMG,222,APPENDIX L: CONJURED ANIMALS,explicit_rule,page-sweep,core,,,
tbl_conjured_animals,Hit Dice Cost,CONSTRAINS,spell_conjure_animals,Conjure Animals,cost differs from the animal's actual hit dice,,governs,heuristic,DMG,222,CONJURED ANIMALS TABLE,explicit_rule,page-sweep,core,,,
exp_level,Caster Level,GATES,spell_conjure_animals,Hit Dice Available,total conjurable pool,,enables,derived,DMG,222,APPENDIX L: CONJURED ANIMALS,explicit_rule,page-sweep,core,,,
spell_conjure_animals,Conjure Animals,CONSTRAINS,rule_declared_action,Animal Selection,the caster cannot specify the creature,,neutral,unset,DMG,222,APPENDIX L: CONJURED ANIMALS,explicit_rule,page-sweep,core,,,
spell_monster_summoning,Monster Summoning,RESOLVED_BY,tbl_summoned_monsters,Summoned Monsters Table,creature determined by spell level,,governs,derived,DMG,223,APPENDIX M: SUMMONED MONSTERS,explicit_rule,page-sweep,core,,,
rule_spell_level,Spell Level,FEEDS_INTO,tbl_summoned_monsters,Summoned Monsters Table,higher summoning yields stronger creatures,,neutral,derived,DMG,223,APPENDIX M: SUMMONED MONSTERS,explicit_rule,page-sweep,core,,,
sys_equipment,Standard Items,FEEDS_INTO,enc_encumbrance,Encumbrance,each item has a listed weight,,neutral,derived,DMG,225,APPENDIX O: ENCUMBRANCE OF STANDARD ITEMS,explicit_rule,page-sweep,core,,,
enc_encumbrance,Encumbrance,CONSTRAINS,ex_movement_rate,Movement,a hard ceiling on what can be carried,,neutral,unset,DMG,225,APPENDIX O: ENCUMBRANCE OF STANDARD ITEMS,explicit_rule,page-sweep,core,,,
spell_components,Material Components,EXCLUDED_FROM,enc_encumbrance,Encumbrance,not counted unless large and bulky,,negates,derived,DMG,225,APPENDIX O: ENCUMBRANCE OF STANDARD ITEMS,explicit_rule,page-sweep,core,,,
rule_helmet,Helm,EXCLUDED_FROM,enc_encumbrance,Encumbrance,ordinary helms not counted if armoured,,negates,derived,DMG,225,APPENDIX O: ENCUMBRANCE OF STANDARD ITEMS,explicit_rule,page-sweep,core,,,
sys_equipment,One Set of Clothing,EXCLUDED_FROM,enc_encumbrance,Encumbrance,not counted,,negates,derived,DMG,225,APPENDIX O: ENCUMBRANCE OF STANDARD ITEMS,explicit_rule,page-sweep,core,,,
rule_party_creation,Creating a Party,GATES,rule_npc_generation,Instant Party,generates a full adventuring group,,enables,derived,DMG,226,APPENDIX P: CREATING A PARTY,explicit_rule,page-sweep,core,,,
exp_level,Level Range,FEEDS_INTO,rule_party_creation,Creating a Party,low medium and upper bands,,neutral,derived,DMG,226,APPENDIX P: CREATING A PARTY,explicit_rule,page-sweep,core,,,
rule_multiclass,Multi-Class,MODIFIES,rule_party_creation,Level Determination,levels averaged across professions,,neutral,unset,DMG,226,APPENDIX P: CREATING A PARTY,explicit_rule,page-sweep,core,,,
exp_level,Experience Level,MODIFIES,rule_party_creation,Item Chance,chance scales with level per item type,,neutral,unset,DMG,226,PROTECTIVE ITEMS TABLE,explicit_rule,page-sweep,core,,,
sys_classes,Character Class,GATES,rule_party_creation,Protective Items,each class has its own item probabilities,,enables,derived,DMG,226,PROTECTIVE ITEMS TABLE,explicit_rule,page-sweep,core,,,
rule_party_creation,Armor Selection,CONSTRAINS,sys_armor,Armor,only one armor type may be attempted,,neutral,unset,DMG,226,PROTECTIVE ITEMS TABLE,explicit_rule,page-sweep,core,,,
exp_level,Experience Level,MODIFIES,item_magic_armor,Item Quality,chance the item is above average scales with level,,neutral,unset,DMG,226,PROTECTIVE ITEMS TABLE,explicit_rule,page-sweep,core,,,
rule_party_creation,Certain Possession,OVERRIDES,rule_dm_discretion,Random Determination,characters certain to have an item choose it themselves,,neutral,derived,DMG,227,POTIONS TABLE,explicit_rule,page-sweep,core,explicit_replacement,,
exp_level,Party Level,GATES,rule_party_creation,Miscellaneous Items,higher level parties receive additional items,,enables,derived,DMG,227,MISCELLANEOUS ITEMS,explicit_rule,page-sweep,core,,,
rule_party_size,Party Size,MODIFIES,rule_party_creation,Miscellaneous Items,large groups need fewer,,neutral,unset,DMG,227,MISCELLANEOUS ITEMS,explicit_rule,page-sweep,core,,,
tbl_npc_magic_items,Chance Per Level For Magic Item,GATES,gen_random_encounter,City Encounters,encountered characters may carry items,,enables,derived,DMG,194,APPENDIX D: CREATURES FROM THE LOWER PLANES,explicit_rule,page-sweep,core,,,
exp_level,NPC Level,MODIFIES,tbl_npc_magic_items,Chance Per Level For Magic Item,chance scales with level,,neutral,unset,DMG,194,Magic Possessed by Encountered Creatures,explicit_rule,page-sweep,core,,,
sys_classes,Character Class,GATES,tbl_npc_magic_items,Item Type,each class has its own item probabilities,,enables,derived,DMG,194,CHANCE PER LEVEL FOR MAGIC ITEM,explicit_rule,page-sweep,core,,,
tbl_npc_magic_items,Encountered Items,CONSTRAINS,item_magic_item,Item Power,power must suit the possessor's level,,governs,heuristic,DMG,194,Magic Possessed by Encountered Creatures,explicit_rule,page-sweep,core,,,
tbl_npc_magic_items,Encountered Items,TRIGGERS,cbt_melee,Item Use,items are employed before interaction,,governs,heuristic,DMG,194,Magic Possessed by Encountered Creatures,explicit_rule,page-sweep,core,,,
monster_undead,Vampire,MODIFIES,gen_random_encounter,City Encounters,ranges the settlement in several forms,,neutral,unset,DMG,194,APPENDIX D: CREATURES FROM THE LOWER PLANES,explicit_rule,page-sweep,core,,,
gen_lower_planes,Lower Planes Creature Generation,FEEDS_INTO,monster_demon_devil,Demons and Devils,builds new creatures feature by feature,,neutral,derived,DMG,195,APPENDIX D: CREATURES FROM THE LOWER PLANES,explicit_rule,page-sweep,core,,,
gen_lower_planes,Creature Generation,FEEDS_INTO,monster_special,Physical Features,skin back colour wings arms hands and legs,,neutral,derived,DMG,195,APPENDIX D: CREATURES FROM THE LOWER PLANES,explicit_rule,page-sweep,core,,,
gen_lower_planes,Creature Generation,TRIGGERS,save_poison,Poison,generated attacks may be poisoned,,inflicts,heuristic,DMG,195,APPENDIX D: CREATURES FROM THE LOWER PLANES,explicit_rule,page-sweep,core,,,
gen_lower_planes,Generated Poison,MODIFIES,save_poison,Saving Throw,potency varies by generated result,,inflicts,heuristic,DMG,195,APPENDIX D: CREATURES FROM THE LOWER PLANES,explicit_rule,page-sweep,core,,,
gen_lower_planes,Creature Generation,TRIGGERS,rule_insanity,Insanity,some generated attacks cause madness,,inflicts,heuristic,DMG,195,APPENDIX D: CREATURES FROM THE LOWER PLANES,explicit_rule,page-sweep,core,,,
gen_lower_planes,Creature Generation,TRIGGERS,abil_strength,Weakness,some attacks permanently drain ability,,neutral,unset,DMG,195,APPENDIX D: CREATURES FROM THE LOWER PLANES,explicit_rule,page-sweep,core,,,
rule_dm_discretion,DM Creativity,GATES,gen_lower_planes,Creature Generation,referee reconciles incompatible features,,enables,derived,DMG,195,APPENDIX D: CREATURES FROM THE LOWER PLANES,explicit_rule,page-sweep,core,,,
tbl_monster_listing,Alphabetical Monster Listing,FEEDS_INTO,xp_monster,Experience Point Value,base value plus per hit point,,neutral,derived,DMG,196,APPENDIX E: ALPHABETICAL MONSTER LISTING,explicit_rule,page-sweep,core,,,
tbl_monster_listing,Material Form Destruction,MODIFIES,xp_monster,Experience Point Value,killing permanently multiplies the award,,governs,heuristic,DMG,199,APPENDIX E: ALPHABETICAL MONSTER LISTING,explicit_rule,page-sweep,core,,,
rule_deity,Extraplanar Beings,CONSTRAINS,xp_monster,Experience Point Value,destroying the form is worth far less than true death,,neutral,unset,DMG,199,APPENDIX E: ALPHABETICAL MONSTER LISTING,explicit_rule,page-sweep,core,,,
tbl_monster_listing,Monster Listing,FEEDS_INTO,magic_resistance,Magic Resistance,resistance percentage per creature,,neutral,derived,DMG,198,APPENDIX E: ALPHABETICAL MONSTER LISTING,explicit_rule,page-sweep,core,,,
tbl_monster_listing,Monster Listing,FEEDS_INTO,item_magic_weapon,Weapon Threshold,which plus is needed to strike,,neutral,derived,DMG,198,APPENDIX E: ALPHABETICAL MONSTER LISTING,explicit_rule,page-sweep,core,,,
tbl_traps,Trap List,FEEDS_INTO,rule_traps,Traps,percentile table of trap types,,neutral,derived,DMG,216,APPENDIX G: TRAPS,explicit_rule,page-sweep,core,,,
tbl_traps,Trap List,TRIGGERS,ex_falling,Falling,pits chutes and collapsing floors,,governs,heuristic,DMG,216,APPENDIX G: TRAPS,explicit_rule,page-sweep,core,,,
tbl_traps,Trap List,TRIGGERS,save_poison,Saving Throw vs Poison,poisoned arrows spikes caltrops and gas,,governs,heuristic,DMG,216,APPENDIX G: TRAPS,explicit_rule,page-sweep,core,,,
tbl_traps,Trap List,TRIGGERS,rule_fear,Fear,fear gas among the gas traps,,governs,heuristic,DMG,216,APPENDIX G: TRAPS,explicit_rule,page-sweep,core,,,
tbl_traps,Trap List,TRIGGERS,spell_sleep,Sleep,sleep gas among the gas traps,,governs,heuristic,DMG,216,APPENDIX G: TRAPS,explicit_rule,page-sweep,core,,,
tbl_traps,Trap List,TRIGGERS,spell_slow,Slow,slowing gas among the gas traps,,governs,heuristic,DMG,216,APPENDIX G: TRAPS,explicit_rule,page-sweep,core,,,
tbl_traps,Trap List,TRIGGERS,abil_strength,Weakness,weakness gas drains ability,,governs,heuristic,DMG,216,APPENDIX G: TRAPS,explicit_rule,page-sweep,core,,,
tbl_traps,Trap List,TRIGGERS,ex_light_vision,Blindness,blinding gas among the gas traps,,governs,heuristic,DMG,216,APPENDIX G: TRAPS,explicit_rule,page-sweep,core,,,
tbl_traps,Trap List,TRIGGERS,rule_item_destruction,Corrosion,corroding gas and acid vents damage equipment,,governs,heuristic,DMG,216,APPENDIX G: TRAPS,explicit_rule,page-sweep,core,,,
tbl_traps,Trap List,TRIGGERS,rule_planar_travel,Teleporter,teleport traps relocate the party,,governs,heuristic,DMG,216,APPENDIX G: TRAPS,explicit_rule,page-sweep,core,,,
tbl_traps,Trap List,CONSTRAINS,ex_movement_rate,Blocked Passage,falling bars and stone blocks seal routes,,governs,heuristic,DMG,216,APPENDIX G: TRAPS,explicit_rule,page-sweep,core,,,
tbl_traps,Locking Pit,CONSTRAINS,cbt_pursuit_evasion,Escape,locking and flooding pits trap the victim,,governs,heuristic,DMG,216,APPENDIX G: TRAPS,explicit_rule,page-sweep,core,,,
thief_find_remove_traps,Find/Remove Traps,RESOLVED_BY,tbl_traps,Trap List,the skill applies to these mechanical devices,,governs,derived,DMG,216,APPENDIX G: TRAPS,inferred_rule,page-sweep,core,,,
comeliness,Comeliness,FEEDS_INTO,cbt_encounter_reactions,Initial Reactions,determines first impressions,,neutral,derived,UA,6,CHARACTER ABILITIES,explicit_rule,page-sweep,optional,,,
comeliness,Comeliness,EXCLUDES,abil_charisma,Charisma,attractiveness is not leadership,,negates,derived,UA,6,CHARACTER ABILITIES,explicit_rule,page-sweep,optional,,,
rule_disease,Disease,MODIFIES,comeliness,Comeliness,via charisma loss,,neutral,unset,UA,6,CHARACTER ABILITIES,explicit_rule,page-sweep,optional,,,
rule_aging,Aging,MODIFIES,comeliness,Comeliness,via charisma loss,,neutral,unset,UA,6,CHARACTER ABILITIES,explicit_rule,page-sweep,optional,,,
item_artifact,Artifacts,MODIFIES,comeliness,Comeliness,via charisma loss,,neutral,unset,UA,6,CHARACTER ABILITIES,explicit_rule,page-sweep,optional,,,
race_any,Race,MODIFIES,comeliness,Comeliness,racial adjustment applies cross-race only,,neutral,unset,UA,6,CHARACTER ABILITIES,explicit_rule,page-sweep,optional,,,
race_half_orc,Half-Orc,MODIFIES,comeliness,Comeliness,largest racial penalty,,neutral,unset,UA,6,CHARACTER ABILITIES,explicit_rule,page-sweep,optional,,,
race_elf,Elven Subrace,MODIFIES,comeliness,Comeliness,gray and high elves gain the most,,neutral,unset,UA,6,CHARACTER ABILITIES,explicit_rule,page-sweep,optional,,,
spell_polymorph_self,Polymorph,MODIFIES,comeliness,Comeliness,larger shift from subtle social cues,,neutral,unset,UA,7,CHARACTER ABILITIES (COMELINESS),explicit_rule,page-sweep,optional,,,
rule_illusion,Illusion of High Comeliness,CONSTRAINS,rule_fascinate,Fascinate,effective for one round only,,neutral,unset,UA,7,CHARACTER ABILITIES (COMELINESS),explicit_rule,page-sweep,optional,,,
race_subrace,Racial Stock,CONSTRAINS,sys_classes,Character Class,expanded class limitations table,,neutral,unset,UA,7,CHARACTER RACE TABLE I.,explicit_rule,page-sweep,optional,,,
race_subrace,Racial Stock,CONSTRAINS,exp_level,Class Level Limits,expanded level limit table,,neutral,unset,UA,8,CHARACTER RACE TABLE II.,explicit_rule,page-sweep,optional,,,
sys_ability_scores,Ability Scores,MODIFIES,exp_level,Class Level Limits,high scores raise demihuman caps,,neutral,unset,UA,8,CHARACTER RACE TABLE II.,explicit_rule,page-sweep,optional,,,
race_elf,Elven Subraces,DERIVED_FROM,race_elf,Elf,dark gray high sylvan valley and wild,,neutral,derived,UA,9,TABLE II.C: ELVES,explicit_rule,page-sweep,optional,,,
race_dwarf,Dwarven Subraces,DERIVED_FROM,race_dwarf,Dwarf,expanded dwarven stocks,,neutral,derived,UA,10,Dwarves:,explicit_rule,page-sweep,optional,,,
race_gnome,Gnomish Subraces,DERIVED_FROM,race_gnome,Gnome,expanded gnomish stocks,,neutral,derived,UA,11,Gnomes:,explicit_rule,page-sweep,optional,,,
race_subrace,Subrace,MODIFIES,tbl_racial_preferences,Racial Preferences,expanded preference table,,neutral,unset,UA,12,RACIAL PREFERENCES TABLE,explicit_rule,page-sweep,optional,,,
race_subrace,Subrace,MODIFIES,race_infravision,Infravision,ranges vary by subrace,,neutral,unset,UA,10,Dwarves:,explicit_rule,page-sweep,optional,,,
race_subrace,Subrace,MODIFIES,save_matrix,Saving Throws,resistances vary by subrace,,improves,heuristic,UA,10,Dwarves:,explicit_rule,page-sweep,optional,,,
class_cavalier,Cavalier,EXCLUDED_FROM,sys_experience,Prime Requisite Bonus,no prime requisite so no bonus,,negates,derived,UA,14,THE CAVALIER,explicit_rule,page-sweep,optional,,,
abil_strength,Strength,GATES,class_cavalier,Cavalier,high minimum score,,enables,derived,UA,14,THE CAVALIER,explicit_rule,page-sweep,optional,,,
abil_dexterity,Dexterity,GATES,class_cavalier,Cavalier,high minimum score,,enables,derived,UA,14,THE CAVALIER,explicit_rule,page-sweep,optional,,,
abil_constitution,Constitution,GATES,class_cavalier,Cavalier,high minimum score,,enables,derived,UA,14,THE CAVALIER,explicit_rule,page-sweep,optional,,,
class_cavalier,Cavalier,DERIVED_FROM,cbt_attack_matrix,Fighter Matrix,attacks as a fighter,,neutral,derived,UA,14,THE CAVALIER,explicit_rule,page-sweep,optional,,,
class_cavalier,Cavalier,EXCLUDED_FROM,prof_specialization,Weapon Specialization,cavaliers and paladins are barred,,negates,derived,UA,14,THE CAVALIER,explicit_rule,page-sweep,optional,,,
class_paladin,Paladin,EXCLUDED_FROM,prof_specialization,Weapon Specialization,barred as a cavalier subclass,,negates,derived,UA,14,THE CAVALIER,explicit_rule,page-sweep,optional,,,
rule_service,Service to a Deity or Order,GATES,class_cavalier,Cavalier,must serve some higher cause,,enables,derived,UA,14,THE CAVALIER,explicit_rule,page-sweep,optional,,,
campaign_social_class,Upper Class Status,GATES,class_cavalier,Cavalier,immediate entry requires noble birth,,enables,derived,UA,14,THE CAVALIER,explicit_rule,page-sweep,optional,,,
campaign_social_class,Lower Social Standing,TRIGGERS,exp_level,Zero Level Grades,must progress through Horseman and Lancer,,neutral,unset,UA,14,THE CAVALIER,explicit_rule,page-sweep,optional,,,
rule_sponsorship,Sponsorship,GATES,class_cavalier,Cavalier,a higher authority must vouch for low-born entrants,,enables,derived,UA,14,THE CAVALIER,explicit_rule,page-sweep,optional,,,
exp_level,Zero Level Entry,MODIFIES,sys_experience,Experience Points,begins at a negative total,,neutral,unset,UA,15,CAVALIERS TABLE I,explicit_rule,page-sweep,optional,,,
exp_level,Zero Level Progression,MODIFIES,rule_hit_points,Hit Points,different dice if entering via the ranks,,neutral,unset,UA,15,CAVALIERS TABLE I,explicit_rule,page-sweep,optional,,,
class_cavalier,Cavalier,CONSTRAINS,prof_weapon,Weapon Proficiency,lance proficiency required at first level,,neutral,unset,UA,15,CAVALIERS TABLE I,explicit_rule,page-sweep,optional,,,
exp_level,Experience Level,MODIFIES,cbt_damage,Lance Damage,damage bonus equals level while mounted,,neutral,unset,UA,15,CAVALIERS TABLE I,explicit_rule,page-sweep,optional,,,
rule_mount,Mounted or Dismounted,MODIFIES,cbt_damage,Lance Damage,dismounted lance loses the level bonus,,neutral,unset,UA,15,CAVALIERS TABLE I,explicit_rule,page-sweep,optional,,,
rule_mount,Dismounted Lance,DERIVED_FROM,wpn_stats,Awl Pike or Spear,treated as another weapon type,,neutral,derived,UA,15,CAVALIERS TABLE I,explicit_rule,page-sweep,optional,,,
class_cavalier,Cavalier,MODIFIES,cbt_parry,Parry,all to-hit bonuses apply to the parry,,neutral,unset,UA,15,CAVALIERS TABLE I,explicit_rule,page-sweep,optional,,,
class_cavalier,Cavalier,MODIFIES,save_matrix,Saving Throws,bonuses against certain attack forms,,improves,heuristic,UA,16,CHARACTER CLASSES (CAVALIER),explicit_rule,page-sweep,optional,,,
class_cavalier,Cavalier,MODIFIES,save_spell,Illusion Spells,bonus against all illusions,,improves,heuristic,UA,16,CHARACTER CLASSES (CAVALIER),explicit_rule,page-sweep,optional,,,
sys_alignment,Good Cavalier,OVERRIDES,rule_hit_points,Negative Hit Points,may function below zero,,neutral,derived,UA,16,CHARACTER CLASSES (CAVALIER),explicit_rule,page-sweep,optional,later_publication,,
rule_hit_points,First Level Hit Points,CONSTRAINS,sys_alignment,Negative Threshold,how far below zero the cavalier may function,,neutral,unset,UA,16,CHARACTER CLASSES (CAVALIER),explicit_rule,page-sweep,optional,,,
sys_alignment,Good Cavalier,MODIFIES,rule_hp_recovery,Healing Rate,extra points per week of rest,,neutral,unset,UA,16,CHARACTER CLASSES (CAVALIER),explicit_rule,page-sweep,optional,,,
campaign_social_class,Coat of Arms,FEEDS_INTO,cbt_encounter_reactions,Recognition,bearing must be revealed to those who understand it,,neutral,derived,UA,16,CHARACTER CLASSES (CAVALIER),explicit_rule,page-sweep,optional,,,
rule_battleflag,Battle Flag,GATES,campaign_territory,Territory,pennon marks the cavalier's holding,,enables,derived,UA,16,CHARACTER CLASSES (CAVALIER),explicit_rule,page-sweep,optional,,,
rule_battleflag,Lost Battle Flag,TRIGGERS,rule_dishonor,Dishonor,must be regained,,neutral,unset,UA,16,CHARACTER CLASSES (CAVALIER),explicit_rule,page-sweep,optional,,,
campaign_social_class,Social Class,GATES,rule_hospitality,Hospitality,cavaliers may expect full hospitality,,enables,derived,UA,16,CHARACTER CLASSES (CAVALIER),explicit_rule,page-sweep,optional,,,
class_barbarian,Barbarian,EXCLUDES,item_magic_item,Magic Items,refuses to employ recognised magic at low levels,,negates,derived,UA,19,BARBARIANS (FIGHTERS) TABLE I,explicit_rule,page-sweep,optional,,,
class_barbarian,Barbarian,TRIGGERS,rule_item_destruction,Magic Item Destruction,seeks to destroy magic items,,neutral,unset,UA,19,BARBARIANS (FIGHTERS) TABLE I,explicit_rule,page-sweep,optional,,,
rule_item_destruction,Destroying Magic Items,FEEDS_INTO,xp_magic_items,Experience Points,awarded as if the item were possessed,,neutral,derived,UA,19,BARBARIANS (FIGHTERS) TABLE I,explicit_rule,page-sweep,optional,,,
class_barbarian,Barbarian,MODIFIES,cbt_encounter_reactions,Magic-Users,shunned and viewed with suspicion,,neutral,unset,UA,19,BARBARIANS (FIGHTERS) TABLE I,explicit_rule,page-sweep,optional,,,
class_cleric,Shamanic Spells,EXCLUDED_FROM,class_barbarian,Barbarian Distrust,shamanic magic is tolerated,,negates,derived,UA,19,BARBARIANS (FIGHTERS) TABLE I,explicit_rule,page-sweep,optional,,,
exp_level,Barbarian Level,GATES,item_magic_weapon,Weapon Threshold,natural attacks strike creatures needing magic weapons,,enables,derived,UA,19,BARBARIANS (FIGHTERS) TABLE I,explicit_rule,page-sweep,optional,,,
class_barbarian,Barbarian,GATES,spell_detect_magic,Detect Magic,percentage chance by concentration,,enables,derived,UA,20,CHARACTER CLASSES (BARBARIAN),explicit_rule,page-sweep,optional,,,
exp_level,Barbarian Level,MODIFIES,spell_detect_magic,Detect Magic,chance rises per level to a ceiling,,neutral,unset,UA,20,CHARACTER CLASSES (BARBARIAN),explicit_rule,page-sweep,optional,,,
spell_detect_magic,Barbarian Detection,EXCLUDES,rule_illusion,Illusion and Phantasm,cannot detect that school,,negates,derived,UA,20,CHARACTER CLASSES (BARBARIAN),explicit_rule,page-sweep,optional,,,
exp_level,Barbarian Level,FEEDS_INTO,abil_charisma,Effective Charisma,level adds to charisma among other barbarians,,neutral,derived,UA,20,CHARACTER CLASSES (BARBARIAN),explicit_rule,page-sweep,optional,,,
comeliness,Comeliness,EXCLUDED_FROM,class_barbarian,Barbarian Leadership,neither affects nor is affected,,negates,derived,UA,20,CHARACTER CLASSES (BARBARIAN),explicit_rule,page-sweep,optional,,,
rule_terrain,Familiar Territory,GATES,class_barbarian,Secondary Abilities,skills falter in unfamiliar country,,enables,derived,UA,20,CHARACTER CLASSES (BARBARIAN),explicit_rule,page-sweep,optional,,,
rule_time,Acclimatisation,OVERRIDES,rule_terrain,Unfamiliar Territory,a month of exposure restores the skills,,neutral,derived,UA,20,CHARACTER CLASSES (BARBARIAN),explicit_rule,page-sweep,optional,later_publication,,
class_barbarian,First Aid,MODIFIES,rule_hp_recovery,Healing Rate,doubles the rate of recovery,,neutral,unset,UA,20,CHARACTER CLASSES (BARBARIAN),explicit_rule,page-sweep,optional,,,
class_barbarian,First Aid,OVERRIDES,rule_disease,Disease,concocts natural cures and antidotes,,neutral,derived,UA,20,CHARACTER CLASSES (BARBARIAN),explicit_rule,page-sweep,optional,later_publication,,
class_barbarian,Survival,GATES,rule_provisions,Food and Shelter,hunting trapping and shelter building,,enables,derived,UA,20,CHARACTER CLASSES (BARBARIAN),explicit_rule,page-sweep,optional,,,
exp_level,Fifth Level,GATES,class_thief_acrobat,Thief-Acrobat,specialisation begins after fifth level,,enables,derived,UA,23,THE THIEF-ACROBAT,explicit_rule,page-sweep,optional,,,
abil_strength,Strength,GATES,class_thief_acrobat,Thief-Acrobat,minimum score required,,enables,derived,UA,23,THE THIEF-ACROBAT,explicit_rule,page-sweep,optional,,,
abil_dexterity,Dexterity,GATES,class_thief_acrobat,Thief-Acrobat,high minimum score required,,enables,derived,UA,23,THE THIEF-ACROBAT,explicit_rule,page-sweep,optional,,,
class_thief_acrobat,Thief-Acrobat,CONSTRAINS,thief_pick_pockets,Pick Pockets,frozen at the level of specialisation,,neutral,unset,UA,23,THE THIEF-ACROBAT,explicit_rule,page-sweep,optional,,,
class_thief_acrobat,Thief-Acrobat,CONSTRAINS,thief_open_locks,Open Locks,frozen at the level of specialisation,,neutral,unset,UA,23,THE THIEF-ACROBAT,explicit_rule,page-sweep,optional,,,
class_thief_acrobat,Thief-Acrobat,CONSTRAINS,thief_find_remove_traps,Find and Remove Traps,frozen at the level of specialisation,,neutral,unset,UA,23,THE THIEF-ACROBAT,explicit_rule,page-sweep,optional,,,
class_thief_acrobat,Thief-Acrobat,EXCLUDES,spell_read_magic,Read Magic,never gained,,negates,derived,UA,23,THE THIEF-ACROBAT,explicit_rule,page-sweep,optional,,,
rule_tutor,Established Thief-Acrobat,GATES,class_thief_acrobat,Thief-Acrobat,a high level trainer is required,,enables,derived,UA,23,THE THIEF-ACROBAT,explicit_rule,page-sweep,optional,,,
class_thief_acrobat,Thief-Acrobat,GATES,ex_movement_rate,Tightrope Walking and Vaulting,new movement abilities,,enables,derived,UA,23,THE THIEF-ACROBAT,explicit_rule,page-sweep,optional,,,
class_thief_acrobat,Thief-Acrobat,GATES,ex_falling,Tumbling,reduces or negates falling damage,,enables,derived,UA,23,THE THIEF-ACROBAT,inferred_rule,page-sweep,optional,,,
abil_dexterity,Dexterity,MODIFIES,class_thief_acrobat,Acrobatic Functions,adjustment table by score,,neutral,unset,UA,25,THIEF-ACROBAT TABLE III,explicit_rule,page-sweep,optional,,,
sys_armor,Field Plate,MODIFIES,cbt_armor_class,Armor Class,new armor type improves the rating,,neutral,unset,UA,26,ARMOR CLASS TABLE,explicit_rule,page-sweep,optional,,,
money_gp,Money,CONSTRAINS,sys_armor,Field and Full Plate,extremely costly,,neutral,unset,UA,26,BASIC EQUIPMENT AND SUPPLIES COSTS,explicit_rule,page-sweep,optional,,,
sys_equipment,New Weapons,FEEDS_INTO,wpn_stats,Weapon Statistics,expanded arms list,,neutral,derived,UA,26,BASIC EQUIPMENT AND SUPPLIES COSTS,explicit_rule,page-sweep,optional,,,
class_barbarian,Barbarian,MODIFIES,prof_weapon,Initial Proficiencies,most starting weapons of any class,,neutral,unset,UA,26,WEAPON PROFICIENCY TABLE,explicit_rule,page-sweep,optional,,,
class_barbarian,Barbarian,MODIFIES,prof_nonproficiency_penalty,Non-Proficiency Penalty,smallest penalty of any class,,neutral,unset,UA,26,WEAPON PROFICIENCY TABLE,explicit_rule,page-sweep,optional,,,
class_druid,Druid,MODIFIES,prof_nonproficiency_penalty,Non-Proficiency Penalty,largest penalty,,neutral,unset,UA,26,WEAPON PROFICIENCY TABLE,explicit_rule,page-sweep,optional,,,
exp_level,Experience Level,MODIFIES,prof_weapon,Added Proficiencies,rate of gain differs by class,,neutral,unset,UA,26,WEAPON PROFICIENCY TABLE,explicit_rule,page-sweep,optional,,,
wpn_stats,Weapon Length,FEEDS_INTO,cbt_initiative,Order of Attack,tabulated per weapon,,neutral,derived,UA,27,"HAND HELD WEAPON TYPES, GENERAL DATA",explicit_rule,page-sweep,optional,,,
wpn_speed_factor,Speed Factor,FEEDS_INTO,cbt_initiative,Initiative,tabulated per weapon,,neutral,derived,UA,27,"HAND HELD WEAPON TYPES, GENERAL DATA",explicit_rule,page-sweep,optional,,,
wpn_type_vs_ac,Armor Class Adjustment,MODIFIES,cbt_tohit,To-Hit Roll,attack roll,by weapon type against armour class,neutral,read,PHB,38,"WEAPON TYPES, GENERAL DATA, AND ""TO HIT"" ADJUSTMENTS",explicit_rule,page-sweep,optional,,,
cbt_armor_class,Target Armor Class,FEEDS_INTO,wpn_type_vs_ac,Armor Class Adjustment,adjustment varies across the whole AC range,,neutral,derived,UA,27,"HAND HELD WEAPON TYPES, GENERAL DATA",explicit_rule,page-sweep,optional,,,
wpn_stats,Fist or Open Hand,FEEDS_INTO,wpn_type_vs_ac,Armor Class Adjustment,unarmed attacks appear on the weapon table,,neutral,derived,UA,27,"HAND HELD WEAPON TYPES, GENERAL DATA",explicit_rule,page-sweep,optional,,,
wpn_range,Hurled and Missile Weapons,FEEDS_INTO,cbt_missile,Missile Discharge,separate table for thrown and fired arms,,neutral,derived,UA,28,"HURLED WEAPON AND MISSILE TYPES, GENERAL DATA",explicit_rule,page-sweep,optional,,,
spell_cantrip,Cantrips,GATES,rule_spell_memorization,Spell Memorization,occupy preparation slots,,enables,derived,UA,30,"MAGIC-USERS, Cantrips",explicit_rule,page-sweep,optional,,,
spell_cantrip,Cantrip Categories,DERIVED_FROM,spell_cantrip,Cantrips,useful reversed legerdemain person-affecting personal and haunting,,neutral,derived,UA,30,"MAGIC-USERS, Cantrips",explicit_rule,page-sweep,optional,,,
spell_cantrip,Reversed Cantrips,ALTERNATIVE_TO,spell_cantrip,Useful Cantrips,each useful cantrip has an inverse,,neutral,derived,UA,30,"MAGIC-USERS, Cantrips",explicit_rule,page-sweep,optional,,,
spell_cantrip,Person-Affecting Cantrips,TRIGGERS,rule_distraction,Distraction,belch cough sneeze and twitch,,neutral,unset,UA,30,"MAGIC-USERS, Cantrips",explicit_rule,page-sweep,optional,,,
rule_magic_user_spells,Magic-User Spell List,MODIFIES,rule_chance_know_spell,Chance to Know Spell,greatly expanded spell selection,,neutral,unset,UA,30,SPELL TABLES (MAGIC-USERS),explicit_rule,page-sweep,optional,,,
rule_cleric_spells,Cleric Spell List,MODIFIES,rule_deity,Spell Petition,expanded clerical selection,,neutral,unset,UA,29,SPELL TABLES (CLERICS),explicit_rule,page-sweep,optional,,,
rule_druid_spells,Druid Spell List,MODIFIES,rule_cleric_spells,Cleric Spells,expanded druidic selection,,neutral,unset,UA,29,DRUIDS (Clerics),explicit_rule,page-sweep,optional,,,
spell_exaction,Exaction,TRIGGERS,rule_deity,Divine Compulsion,new high level clerical spell,,neutral,unset,UA,29,"CLERICS, Continued",explicit_rule,page-sweep,optional,,,
spell_energy_drain,Energy Drain,TRIGGERS,exp_level_loss,Level Loss,now available as a magic-user spell,,inflicts,heuristic,UA,31,"MAGIC-USERS, Spells, Continued",explicit_rule,page-sweep,optional,,,
spell_mordenkainens_disjunction,Mordenkainen's Disjunction,TRIGGERS,rule_item_destruction,Magic Item Destruction,dissolves magic in an area,,neutral,unset,UA,31,"MAGIC-USERS, Spells, Continued",explicit_rule,page-sweep,optional,,,
spell_crystalbrittle,Crystalbrittle,TRIGGERS,item_saving_throw,Item Saving Throw,turns metal to fragile crystal,,neutral,unset,UA,31,"MAGIC-USERS, Spells, Continued",inferred_rule,page-sweep,optional,,,
spell_trap_the_soul,Trap the Soul,TRIGGERS,spell_magic_jar,Soul Imprisonment,captures a creature's life force,,neutral,unset,UA,31,"MAGIC-USERS, Spells, Continued",inferred_rule,page-sweep,optional,,,
spell_precipitation,Precipitation,MODIFIES,rule_light_source,Fires and Torches,dampens flammable material,,neutral,unset,UA,34,CLERIC SPELLS (1ST LEVEL),explicit_rule,page-sweep,optional,,,
spell_precipitation,Precipitation,MODIFIES,rule_terrain,Surfaces,materials become damp then wet by porosity,,neutral,unset,UA,34,CLERIC SPELLS (1ST LEVEL),explicit_rule,page-sweep,optional,,,
exp_level,Caster Level,CONSTRAINS,spell_precipitation,Precipitation,duration in segments equals level,,neutral,unset,UA,34,CLERIC SPELLS (1ST LEVEL),explicit_rule,page-sweep,optional,,,
spell_cloudburst,Cloudburst,OVERRIDES,rule_uncontrolled_fire,Normal Fires,extinguishes fires by size,,neutral,derived,UA,36,CLERIC SPELLS (3RD LEVEL),explicit_rule,page-sweep,optional,later_publication,,
spell_cloudburst,Cloudburst,OVERRIDES,item_magic_weapon,Flame Tongue,suppresses rekindlable magical fire,,neutral,derived,UA,36,CLERIC SPELLS (3RD LEVEL),explicit_rule,page-sweep,optional,later_publication,,
spell_cloudburst,Cloudburst,OVERRIDES,spell_fireball,Fire Spells,large fire spells are extinguished,,neutral,derived,UA,36,CLERIC SPELLS (3RD LEVEL),explicit_rule,page-sweep,optional,later_publication,,
spell_cloudburst,Extinguished Fire Spell,TRIGGERS,cbt_damage,Steam Damage,vaporised rain scalds a wide area,,neutral,unset,UA,36,CLERIC SPELLS (3RD LEVEL),explicit_rule,page-sweep,optional,,,
rule_wind,Wind,MODIFIES,spell_cloudburst,Steam Cloud,breeze or gale shortens the duration,,neutral,unset,UA,36,CLERIC SPELLS (3RD LEVEL),explicit_rule,page-sweep,optional,,,
campaign_climate,Arid or Humid Region,MODIFIES,spell_cloudburst,Cloudburst,climate alters the effect and duration,,neutral,unset,UA,36,CLERIC SPELLS (3RD LEVEL),explicit_rule,page-sweep,optional,,,
campaign_climate,Freezing Temperature,OVERRIDES,spell_cloudburst,Cloudburst,becomes sleet or a snowburst,,neutral,derived,UA,36,CLERIC SPELLS (3RD LEVEL),explicit_rule,page-sweep,optional,later_publication,,
spell_deaths_door,Death's Door,OVERRIDES,death_character,Dying,restores a dying character to zero hit points,,neutral,derived,UA,36,Death's Door (Necromantic),explicit_rule,page-sweep,optional,later_publication,,
rule_hit_points,Negative Hit Points,GATES,spell_deaths_door,Death's Door,only works within a narrow negative band,,enables,derived,UA,36,Death's Door (Necromantic),explicit_rule,page-sweep,optional,,,
spell_deaths_door,Death's Door,CONSTRAINS,rule_hp_recovery,Bleeding and Deterioration,halted for the duration,,neutral,unset,UA,36,Death's Door (Necromantic),explicit_rule,page-sweep,optional,,,
spell_giant_insect,Giant Insect,FEEDS_INTO,monster_hd,Hit Dice,created creature hit dice scale with caster level,,neutral,derived,UA,38,CLERIC SPELLS (4TH LEVEL),explicit_rule,page-sweep,optional,,,
exp_level,Caster Level,CONSTRAINS,spell_giant_insect,Giant Insect,number and hit dice of insects created,,neutral,unset,UA,38,CLERIC SPELLS (4TH LEVEL),explicit_rule,page-sweep,optional,,,
spell_giant_insect,Giant Insect,CONSUMES,spell_casting_time,Casting Time,one round per hit die created,,neutral,derived,UA,38,CLERIC SPELLS (4TH LEVEL),explicit_rule,page-sweep,optional,,,
spell_disruption,Interrupted Casting,TRIGGERS,death_character,Insect Death,interruption kills the subject insect,,neutral,unset,UA,38,CLERIC SPELLS (4TH LEVEL),explicit_rule,page-sweep,optional,,,
monster_hd,Created Hit Dice,CONSTRAINS,cbt_damage,Damage,damage capped at the standard giant form,,neutral,unset,UA,38,CLERIC SPELLS (4TH LEVEL),explicit_rule,page-sweep,optional,,,
spell_rainbow,Rainbow,GATES,rule_potion_use,Draughts,seven coloured draughts with distinct effects,,enables,derived,UA,40,CLERIC SPELLS,explicit_rule,page-sweep,optional,,,
spell_rainbow,Blue Draught,OVERRIDES,rule_disease,Disease,cures affliction,,neutral,derived,UA,40,CLERIC SPELLS,explicit_rule,page-sweep,optional,later_publication,,
spell_rainbow,Green Draught,OVERRIDES,save_poison,Poison,slows venom,,neutral,derived,UA,40,CLERIC SPELLS,explicit_rule,page-sweep,optional,later_publication,,
spell_rainbow,Rainbow,CONSUMES,tbl_gem_value,Diamond,a costly gem substitutes when no rainbow is present,,neutral,derived,UA,40,CLERIC SPELLS,explicit_rule,page-sweep,optional,,,
rule_ceremony,Druidic Ceremony,GATES,exp_level,Druid Level,each rite requires a minimum level,,enables,derived,UA,41,DRUID SPELLS,explicit_rule,page-sweep,optional,,,
rule_ceremony,Coming of Age,MODIFIES,save_matrix,Saving Throw,grants a single bonus save,,neutral,unset,UA,41,DRUID SPELLS,explicit_rule,page-sweep,optional,,,
rule_ceremony,Rest Eternal,EXCLUDES,spell_raise_dead,Revival,prevents the body being raised,,negates,derived,UA,41,DRUID SPELLS,inferred_rule,page-sweep,optional,,,
rule_ceremony,Cast Out,TRIGGERS,align_change,Excommunication,removes a member from druidic society,,neutral,unset,UA,41,DRUID SPELLS,inferred_rule,page-sweep,optional,,,
tbl_age_categories,Age,FEEDS_INTO,rule_ceremony,Coming of Age,performed at a fixed age,,neutral,derived,UA,41,DRUID SPELLS,explicit_rule,page-sweep,optional,,,
rule_ceremony,Special Vows,EXCLUDES,class_paladin,Paladin,does not function on paladins,,negates,derived,UA,42,DRUID SPELLS (1ST LEVEL),explicit_rule,page-sweep,optional,,,
rule_ceremony,Special Vows,GATES,class_cavalier,Cavalier,works on cavaliers of any alignment,,enables,derived,UA,42,DRUID SPELLS (1ST LEVEL),explicit_rule,page-sweep,optional,,,
rule_ceremony,Hallowed Ground,EXCLUDES,rule_disease,Disease,ensorcelled trees are immune,,negates,derived,UA,42,DRUID SPELLS (1ST LEVEL),explicit_rule,page-sweep,optional,,,
rule_ceremony,Hallowed Ground,GATES,rule_stronghold,Permanent Grove,tied to the druid's base,,enables,derived,UA,42,DRUID SPELLS (1ST LEVEL),explicit_rule,page-sweep,optional,,,
rule_ceremony,Cast Out,MODIFIES,cbt_encounter_reactions,Natural Creatures,all natural creatures react negatively,,neutral,unset,UA,42,DRUID SPELLS (1ST LEVEL),explicit_rule,page-sweep,optional,,,
rule_ceremony,Cast Out,MODIFIES,rule_mount,Domesticated Beasts,horses and dogs react badly,,neutral,unset,UA,42,DRUID SPELLS (1ST LEVEL),explicit_rule,page-sweep,optional,,,
rule_ceremony,Cast Out,CONSTRAINS,class_druid,Druids and Followers,shunned by all druids,,neutral,unset,UA,42,DRUID SPELLS (1ST LEVEL),explicit_rule,page-sweep,optional,,,
exp_level,Hierophant Druid,OVERRIDES,rule_ceremony,Cast Out,only a hierophant can fully neutralise it,,neutral,derived,UA,42,DRUID SPELLS (1ST LEVEL),explicit_rule,page-sweep,optional,later_publication,,
exp_level,Caster Level,CONSTRAINS,rule_ceremony,Reversed Ceremony,the reversing druid must match or exceed the original,,neutral,unset,UA,42,DRUID SPELLS (1ST LEVEL),explicit_rule,page-sweep,optional,,,
spell_cantrip,Bee Cantrip,TRIGGERS,cbt_damage,Bee Sting,likely to sting a living creature,,neutral,unset,UA,50,Personal Cantrips:,explicit_rule,page-sweep,optional,,,
spell_cantrip,Bluelight,FEEDS_INTO,rule_light,Light,small sphere of illumination,,neutral,derived,UA,50,Bluelight (Conjuration),explicit_rule,page-sweep,optional,,,
spell_cantrip,Bluelight,EXCLUDES,race_infravision,Infravision,does not affect heat or ultraviolet sight,,negates,derived,UA,50,Bluelight (Conjuration),explicit_rule,page-sweep,optional,,,
spell_cantrip,Bug Cantrip,TRIGGERS,gen_random_encounter,Summoned Insect,conjures a crawling creature,,neutral,unset,UA,50,Personal Cantrips:,explicit_rule,page-sweep,optional,,,
spell_taunt,Itching,MODIFIES,cbt_armor_class,Armor Class,significant penalty while squirming,,neutral,unset,UA,54,MAGIC-USER SPELLS (2ND LEVEL),explicit_rule,page-sweep,optional,,,
spell_taunt,Itching,MODIFIES,cbt_tohit,To-Hit Roll,penalty while squirming,,neutral,unset,UA,54,MAGIC-USER SPELLS (2ND LEVEL),explicit_rule,page-sweep,optional,,,
spell_taunt,Itching,TRIGGERS,spell_disruption,Spell Disruption,ruins spells in the initial round,,neutral,unset,UA,54,MAGIC-USER SPELLS (2ND LEVEL),explicit_rule,page-sweep,optional,,,
spell_taunt,Rash,MODIFIES,comeliness,Comeliness,cumulative loss per day to a cap,,neutral,unset,UA,54,MAGIC-USER SPELLS (2ND LEVEL),explicit_rule,page-sweep,optional,,,
spell_taunt,Rash,MODIFIES,abil_dexterity,Dexterity,further loss after a week,,neutral,unset,UA,54,MAGIC-USER SPELLS (2ND LEVEL),explicit_rule,page-sweep,optional,,,
spell_cure_disease,Cure Disease,OVERRIDES,spell_taunt,Rash,removes the affliction,,neutral,derived,UA,54,MAGIC-USER SPELLS (2ND LEVEL),explicit_rule,page-sweep,optional,later_publication,,
spell_dispel_magic,Dispel Magic,OVERRIDES,spell_taunt,Rash,removes the affliction,,neutral,derived,UA,54,MAGIC-USER SPELLS (2ND LEVEL),explicit_rule,page-sweep,optional,later_publication,,
spell_taunt,Rash Removal,OVERRIDES,comeliness,Comeliness,all statistics return to normal,,neutral,derived,UA,54,MAGIC-USER SPELLS (2ND LEVEL),explicit_rule,page-sweep,optional,later_publication,,
race_subrace,Subrace,GATES,rule_multiclass,Multi-Class Options,each subrace permits specific combinations,,enables,derived,UA,72,CHARACTER RACE TABLE III.,explicit_rule,page-sweep,optional,,,
race_elf,Dark Elf,GATES,rule_multiclass,Multi-Class Options,widest range of combinations,,enables,derived,UA,72,CHARACTER RACE TABLE III.,explicit_rule,page-sweep,optional,,,
race_elf,Wild Elf,CONSTRAINS,rule_multiclass,Multi-Class Options,most restricted elven stock,,neutral,unset,UA,72,CHARACTER RACE TABLE III.,explicit_rule,page-sweep,optional,,,
race_gnome,Deep Gnome,GATES,class_illusionist,Illusionist Combinations,svirfneblin gain illusionist options,,enables,derived,UA,72,CHARACTER RACE TABLE III.,explicit_rule,page-sweep,optional,,,
sys_armor,Full Plate,CONSTRAINS,cbt_damage,Absorption Capacity,a finite pool before repair is needed,,neutral,unset,UA,76,"ARMOR, ARMOR CLASS & WEAPONS",explicit_rule,page-sweep,optional,,,
cbt_damage,Exhausted Absorption,MODIFIES,cbt_armor_class,Armor Class,armor worsens by one class until repaired,,neutral,unset,UA,76,"ARMOR, ARMOR CLASS & WEAPONS",explicit_rule,page-sweep,optional,,,
sys_armor,Non-Magical Full Plate,CONSTRAINS,rule_player_character,Wearer,cannot be worn by anyone else,,neutral,unset,UA,76,"ARMOR, ARMOR CLASS & WEAPONS",explicit_rule,page-sweep,optional,,,
rule_shield,Buckler,GATES,cbt_missile,Crossbow and Sling,strapped to the arm so missile weapons remain usable,,enables,derived,UA,76,"ARMOR, ARMOR CLASS & WEAPONS",explicit_rule,page-sweep,optional,,,
race_any,Small Demi-Humans,MODIFIES,rule_shield,Buckler,treated as a small shield for halflings and gnomes,,neutral,unset,UA,76,"ARMOR, ARMOR CLASS & WEAPONS",explicit_rule,page-sweep,optional,,,
rule_mount,Warhorse,DERIVED_FROM,rule_mount,Mount,trained specifically for combat,,neutral,derived,UA,76,WARHORSES AND BARDING,explicit_rule,page-sweep,optional,,,
rule_mount,Warhorse Training,CONSUMES,money_gp,Money,selection and training are costly,,neutral,derived,UA,76,WARHORSES AND BARDING,explicit_rule,page-sweep,optional,,,
rule_mount,Warhorse,EXCLUDES,cbt_morale,Shying,does not panic at noise or sudden movement,,negates,derived,UA,76,WARHORSES AND BARDING,explicit_rule,page-sweep,optional,,,
rule_barding,Barding,MODIFIES,cbt_armor_class,Mount Armor Class,armor for the mount,,neutral,unset,UA,76,WARHORSES AND BARDING,explicit_rule,page-sweep,optional,,,
rule_barding,Barding,FEEDS_INTO,enc_encumbrance,Mount Encumbrance,adds to the animal's load,,neutral,derived,UA,76,WARHORSES AND BARDING,inferred_rule,page-sweep,optional,,,
rule_spell_book,Casting Directly From Books,ALTERNATIVE_TO,rule_spell_memorization,Spell Memorization,a hazardous alternative route,,neutral,derived,UA,80,Casting spells directly from books,explicit_rule,page-sweep,optional,,,
rule_spell_book,Casting Directly From Books,TRIGGERS,rule_item_destruction,Book Damage,risks ruining the tome,,neutral,unset,UA,80,Casting spells directly from books,inferred_rule,page-sweep,optional,,,
rule_chance_know_spell,Chance to Know Spell,GATES,class_illusionist,Illusionist Spell Acquisition,same acquisition mechanic as magic-users,,enables,derived,UA,80,ACQUISITION OF ILLUSIONIST SPELLS,explicit_rule,page-sweep,optional,,,
cbt_pummel_grapple,Grappling,OVERRIDES,cbt_pummel_grapple,DMG Grappling Rules,UA supersedes the earlier system,,neutral,derived,UA,108,APPENDIX Q: WEAPONLESS COMBAT,explicit_rule,page-sweep,optional,later_publication,,
monster_size,Size Class,CONSTRAINS,cbt_pummel_grapple,Grappling,larger creatures cannot be grappled unless prone,,neutral,unset,UA,108,APPENDIX Q: WEAPONLESS COMBAT,explicit_rule,page-sweep,optional,,,
monster_special,Amorphous Creatures,EXCLUDED_FROM,cbt_pummel_grapple,Grappling,jellies and beholders cannot grapple,,negates,derived,UA,108,APPENDIX Q: WEAPONLESS COMBAT,explicit_rule,page-sweep,optional,,,
cbt_pummel_grapple,Grappling,MODIFIES,cbt_initiative,Initiative,penalty to the roll,,neutral,unset,UA,108,APPENDIX Q: WEAPONLESS COMBAT,explicit_rule,page-sweep,optional,,,
cbt_damage,Damage Taken First,TRIGGERS,cbt_pummel_grapple,Ruined Attempt,earlier damage spoils the grapple,,neutral,unset,UA,108,APPENDIX Q: WEAPONLESS COMBAT,explicit_rule,page-sweep,optional,,,
rule_shield,Shield,EXCLUDED_FROM,cbt_pummel_grapple,Grappling Defence,shield gives no benefit,,negates,derived,UA,108,APPENDIX Q: WEAPONLESS COMBAT,explicit_rule,page-sweep,optional,,,
item_magic_armor,Magical Armor Bonus,EXCLUDED_FROM,cbt_pummel_grapple,Grappling Defence,armor bonuses do not apply,,negates,derived,UA,108,APPENDIX Q: WEAPONLESS COMBAT,explicit_rule,page-sweep,optional,,,
item_ring,Magical Rings and Bracers,MODIFIES,cbt_pummel_grapple,Grappling Defence,protection devices do apply,,neutral,unset,UA,108,APPENDIX Q: WEAPONLESS COMBAT,explicit_rule,page-sweep,optional,,,
cbt_pummel_grapple,Successful Grapple,EXCLUDES,cbt_damage,Damage,inflicts none,,negates,derived,UA,108,APPENDIX Q: WEAPONLESS COMBAT,explicit_rule,page-sweep,optional,,,
cbt_pummel_grapple,Successful Grapple,CONSTRAINS,rule_declared_action,Victim Action,prevents further action that round,,neutral,unset,UA,108,APPENDIX Q: WEAPONLESS COMBAT,explicit_rule,page-sweep,optional,,,
cbt_pummel_grapple,Grappled Target,MODIFIES,cbt_tohit,To-Hit Roll,penalty to attack and easier to be hit,,neutral,unset,UA,108,APPENDIX Q: WEAPONLESS COMBAT,explicit_rule,page-sweep,optional,,,
cbt_pummel_grapple,Grappled Target,EXCLUDES,abil_dex_defensive_adjustment,Dexterity Defensive Adjustment,negated while held,,negates,derived,UA,108,APPENDIX Q: WEAPONLESS COMBAT,explicit_rule,page-sweep,optional,,,
cbt_subdue,Subdual,OVERRIDES,cbt_subdue,DMG Subdual Rules,UA supersedes previously published material,,neutral,derived,UA,109,APPENDIX R: NON-LETHAL COMBAT,explicit_rule,page-sweep,optional,later_publication,,
monster_intelligence,Intelligence Range,GATES,cbt_subdue,Subdual,only low through genius intelligence creatures,,enables,derived,UA,109,APPENDIX R: NON-LETHAL COMBAT,explicit_rule,page-sweep,optional,,,
rule_planar_travel,Extraplanar Origin,EXCLUDES,cbt_subdue,Subdual,cannot be subdued off their native plane,,negates,derived,UA,109,APPENDIX R: NON-LETHAL COMBAT,explicit_rule,page-sweep,optional,,,
rule_player_character,Player Characters,EXCLUDED_FROM,cbt_subdue,Subdual,can never be subdued,,negates,derived,UA,109,APPENDIX R: NON-LETHAL COMBAT,explicit_rule,page-sweep,optional,,,
sys_equipment,Weapon Orientation,GATES,cbt_subdue,Subdual,flat butt haft or pommel must be used,,enables,derived,UA,109,APPENDIX R: NON-LETHAL COMBAT,explicit_rule,page-sweep,optional,,,
cbt_damage,Full Damage Attack,OVERRIDES,cbt_subdue,Subdual,negates all subdual accumulated so far,,neutral,derived,UA,109,APPENDIX R: NON-LETHAL COMBAT,explicit_rule,page-sweep,optional,later_publication,,
rule_spell_casting,Damage-Inflicting Spells,OVERRIDES,cbt_subdue,Subdual,negates accumulated subdual,,neutral,derived,UA,109,APPENDIX R: NON-LETHAL COMBAT,explicit_rule,page-sweep,optional,later_publication,,
cbt_subdue,Subdual Damage,TRIGGERS,cbt_morale,Submission,the creature ceases attacking when subdued,,neutral,unset,UA,109,APPENDIX R: NON-LETHAL COMBAT,explicit_rule,page-sweep,optional,,,
rule_deity,Non-Human Deities,FEEDS_INTO,rule_cleric_spells,Racial Clerics,demihuman pantheons for clerical magic,,neutral,derived,UA,112,APPENDIX S: NON-HUMAN DEITIES,explicit_rule,page-sweep,optional,,,
race_any,Race,GATES,rule_deity,Non-Human Deities,each demihuman race has its own pantheon,,enables,derived,UA,112,APPENDIX S: NON-HUMAN DEITIES,explicit_rule,page-sweep,optional,,,
magic_item_determination,Revised Magic Item Table,OVERRIDES,magic_item_determination,DMG Determination Tables,UA revises the master table,,neutral,derived,UA,84,RANDOM TREASURE DETERMINATION,explicit_rule,page-sweep,optional,later_publication,,
magic_item_determination,Revised Table,GATES,item_magic_item,Expanded Subtables,each category gains a second table,,enables,derived,UA,84,RANDOM TREASURE DETERMINATION,explicit_rule,page-sweep,optional,,,
item_egg_reason,Egg of Reason,TRIGGERS,save_poison,Saving Throw vs Poison,no bonuses permitted,,inflicts,heuristic,UA,100,TREASURE (MISCELLANEOUS MAGIC),explicit_rule,page-sweep,optional,,,
item_egg_reason,Egg of Reason,TRIGGERS,death_character,Death,failure is fatal,,neutral,unset,UA,100,TREASURE (MISCELLANEOUS MAGIC),explicit_rule,page-sweep,optional,,,
spell_neutralize_poison,Neutralize Poison,EXCLUDED_FROM,item_egg_reason,Egg of Reason,the poison cannot be neutralised,,negates,derived,UA,100,TREASURE (MISCELLANEOUS MAGIC),explicit_rule,page-sweep,optional,,,
item_egg_reason,Egg of Reason,MODIFIES,abil_intelligence,Intelligence,may raise the score,,neutral,unset,UA,100,TREASURE (MISCELLANEOUS MAGIC),explicit_rule,page-sweep,optional,,,
item_egg_reason,Egg of Reason,MODIFIES,abil_wisdom,Wisdom,may raise the score,,neutral,unset,UA,100,TREASURE (MISCELLANEOUS MAGIC),explicit_rule,page-sweep,optional,,,
sys_ability_scores,Current Score,CONSTRAINS,item_egg_reason,Egg of Reason,higher scores are far less likely to improve,,neutral,unset,UA,100,TREASURE (MISCELLANEOUS MAGIC),explicit_rule,page-sweep,optional,,,
spell_wish,Wish Diminishing Returns,FEEDS_INTO,item_egg_reason,Egg of Reason,scores above eighteen rise by a tenth at a time,,neutral,derived,UA,100,TREASURE (MISCELLANEOUS MAGIC),explicit_rule,page-sweep,optional,,,
tbl_race_maximums,Racial Limitations,CONSTRAINS,item_egg_reason,Egg of Reason,racial ceilings still apply,,governs,heuristic,UA,100,TREASURE (MISCELLANEOUS MAGIC),explicit_rule,page-sweep,optional,,,
item_oil_timelessness,Oil of Timelessness,GATES,item_egg_reason,Egg of Reason,preserves the egg,,enables,derived,UA,100,TREASURE (MISCELLANEOUS MAGIC),explicit_rule,page-sweep,optional,,,
rule_polearm,Pole Arms,DERIVED_FROM,wpn_stats,Weapon Statistics,nomenclature and family relationships,,neutral,derived,UA,124,APPENDIX T: POLE ARMS,explicit_rule,page-sweep,optional,,,
rule_polearm,Pike,CONSTRAINS,wpn_length,Weapon Length,defined by shaft length,,neutral,unset,UA,124,Pike,explicit_rule,page-sweep,optional,,,
rule_polearm,Pike,GATES,cbt_melee,Mass Formation,designed for use in massed ranks,,enables,derived,UA,124,Pike,explicit_rule,page-sweep,optional,,,
rule_polearm,Lance,GATES,rule_mount,Mounted Combat,a horseman's weapon rather than a footman's,,enables,derived,UA,124,APPENDIX T: POLE ARMS,explicit_rule,page-sweep,optional,,,
wpn_length,Lance Length,FEEDS_INTO,cbt_charge,Charge Reach,extends reach beyond the horse,,neutral,derived,UA,124,APPENDIX T: POLE ARMS,explicit_rule,page-sweep,optional,,,
sys_armor,Opponent Armor,MODIFIES,rule_polearm,Head Type,different heads for different armor,,neutral,unset,UA,124,APPENDIX T: POLE ARMS,explicit_rule,page-sweep,optional,,,
rule_deity,Elven Pantheon,DERIVED_FROM,rule_deity,Non-Human Deities,each race has its own gods,,neutral,derived,UA,112,THE GODS OF THE ELVES,explicit_rule,page-sweep,optional,,,
wpn_stats,Aklys,ALTERNATIVE_TO,cbt_missile,Missile or Melee,usable both ways and retrievable by thong,,neutral,derived,UA,77,DESCRIPTIONS OF NEW WEAPON TYPES,explicit_rule,page-sweep,optional,,,
wpn_stats,Aklys,TRIGGERS,rule_entanglement,Entanglement,a portion of hits entangle the target,,neutral,unset,UA,77,DESCRIPTIONS OF NEW WEAPON TYPES,explicit_rule,page-sweep,optional,,,
monster_size,Target Size,MODIFIES,rule_entanglement,Entanglement,larger targets may pull the thrower prone instead,,neutral,unset,UA,77,DESCRIPTIONS OF NEW WEAPON TYPES,explicit_rule,page-sweep,optional,,,
rule_entanglement,Entanglement,TRIGGERS,rule_prone,Prone or Dismounted,man-sized targets are jerked down,,neutral,unset,UA,77,DESCRIPTIONS OF NEW WEAPON TYPES,explicit_rule,page-sweep,optional,,,
rule_entanglement,Entanglement,CONSTRAINS,rule_declared_action,Action,a round must be spent disentangling,,neutral,unset,UA,77,DESCRIPTIONS OF NEW WEAPON TYPES,explicit_rule,page-sweep,optional,,,
cbt_damage,Cutting Damage,OVERRIDES,rule_entanglement,Entanglement,severing the thong frees the victim,,neutral,derived,UA,77,DESCRIPTIONS OF NEW WEAPON TYPES,explicit_rule,page-sweep,optional,later_publication,,
wpn_stats,Atlatl,MODIFIES,wpn_range,Range,leverage extends throwing distance,,neutral,unset,UA,77,DESCRIPTIONS OF NEW WEAPON TYPES,explicit_rule,page-sweep,optional,,,
wpn_stats,Atlatl,MODIFIES,cbt_tohit,To-Hit Roll,improved accuracy,,neutral,unset,UA,77,DESCRIPTIONS OF NEW WEAPON TYPES,explicit_rule,page-sweep,optional,,,
wpn_stats,Atlatl Javelin,EXCLUDES,cbt_damage,Reduced Damage,lighter javelins do full damage due to velocity,,negates,derived,UA,77,DESCRIPTIONS OF NEW WEAPON TYPES,explicit_rule,page-sweep,optional,,,
wpn_stats,Blowgun,EXCLUDED_FROM,cbt_melee,Battlefield Use,fragile and impossible in a melee,,negates,derived,UA,77,DESCRIPTIONS OF NEW WEAPON TYPES,explicit_rule,page-sweep,optional,,,
rule_distraction,Jostling,EXCLUDES,wpn_stats,Blowgun,any disturbance makes a hit impossible,,negates,derived,UA,77,DESCRIPTIONS OF NEW WEAPON TYPES,explicit_rule,page-sweep,optional,,,
wpn_stats,Man Catcher,EXCLUDES,rule_shield,Shield Bonus,captured victim loses shield benefit,,negates,derived,UA,78,"ARMOR, ARMOR CLASS & WEAPONS",explicit_rule,page-sweep,optional,,,
wpn_stats,Man Catcher,EXCLUDES,abil_dex_defensive_adjustment,Dexterity Defensive Adjustment,captured victim loses dexterity benefit,,negates,derived,UA,78,"ARMOR, ARMOR CLASS & WEAPONS",explicit_rule,page-sweep,optional,,,
wpn_stats,Man Catcher,MODIFIES,rule_hit_points,Hit Points,automatic damage per round while held,,neutral,unset,UA,78,"ARMOR, ARMOR CLASS & WEAPONS",explicit_rule,page-sweep,optional,,,
wpn_stats,Man Catcher,TRIGGERS,rule_prone,Prone,chance of being pulled off the feet,,neutral,unset,UA,78,"ARMOR, ARMOR CLASS & WEAPONS",explicit_rule,page-sweep,optional,,,
str_bend_bars,Bend Bars,OVERRIDES,wpn_stats,Man Catcher,a successful roll breaks the victim free,,neutral,derived,UA,78,"ARMOR, ARMOR CLASS & WEAPONS",explicit_rule,page-sweep,optional,later_publication,,
str_bend_bars,Escape Attempt,MODIFIES,rule_hit_points,Hit Points,damage taken per attempt,unless gloved,neutral,unset,UA,78,"ARMOR, ARMOR CLASS & WEAPONS",explicit_rule,page-sweep,optional,,,
cbt_damage,Cutting the Pole,OVERRIDES,wpn_stats,Man Catcher,allies may hack through the shaft,,neutral,derived,UA,78,"ARMOR, ARMOR CLASS & WEAPONS",explicit_rule,page-sweep,optional,later_publication,,
wpn_stats,Sap,TRIGGERS,rule_unconsciousness,Unconsciousness,concusses the target,,neutral,unset,UA,78,"ARMOR, ARMOR CLASS & WEAPONS",explicit_rule,page-sweep,optional,,,
rule_helmet,Head Covering,EXCLUDES,rule_unconsciousness,Sap Knockout,any helm negates the chance entirely,,negates,derived,UA,78,"ARMOR, ARMOR CLASS & WEAPONS",explicit_rule,page-sweep,optional,,,
abil_strength,Strength,MODIFIES,rule_unconsciousness,Sap Knockout,chance scales per point of strength,,neutral,unset,UA,78,"ARMOR, ARMOR CLASS & WEAPONS",explicit_rule,page-sweep,optional,,,
abil_str_exceptional,Exceptional Strength,OVERRIDES,rule_unconsciousness,Sap Knockout,guarantees unconsciousness,,neutral,derived,UA,78,"ARMOR, ARMOR CLASS & WEAPONS",explicit_rule,page-sweep,optional,later_publication,,
rule_hit_location,Head Strike,GATES,rule_unconsciousness,Sap Knockout,only head blows can concuss,,enables,derived,UA,78,"ARMOR, ARMOR CLASS & WEAPONS",explicit_rule,page-sweep,optional,,,
item_elixir_health,Elixir of Health,OVERRIDES,rule_disease,Disease,cures affliction,,neutral,derived,UA,90,POTIONS (III.A.2.),explicit_rule,page-sweep,optional,later_publication,,
item_elixir_health,Elixir of Health,OVERRIDES,rule_insanity,Insanity,cures madness,,neutral,derived,UA,90,POTIONS (III.A.2.),explicit_rule,page-sweep,optional,later_publication,,
item_elixir_health,Elixir of Health,OVERRIDES,tbl_parasite,Parasitic Infestation,cures infestation,,neutral,derived,UA,90,POTIONS (III.A.2.),explicit_rule,page-sweep,optional,later_publication,,
item_elixir_health,Elixir of Health,OVERRIDES,save_poison,Poisoning,cures poisoning,,neutral,derived,UA,90,POTIONS (III.A.2.),explicit_rule,page-sweep,optional,later_publication,,
item_elixir_health,Elixir of Health,OVERRIDES,ex_light_vision,Blindness,cures blindness and deafness,,neutral,derived,UA,90,POTIONS (III.A.2.),explicit_rule,page-sweep,optional,later_publication,,
item_elixir_health,Elixir of Health,EXCLUDES,rule_hit_points,Hit Points,restores no lost points,,negates,derived,UA,90,POTIONS (III.A.2.),explicit_rule,page-sweep,optional,,,
item_elixir_health,Partial Dose,CONSTRAINS,item_elixir_health,Elixir of Health,half a flask cures only one or two afflictions,,neutral,unset,UA,90,POTIONS (III.A.2.),explicit_rule,page-sweep,optional,,,
item_elixir_life,Elixir of Life,OVERRIDES,death_character,Death,restores life within a narrow window,,neutral,derived,UA,90,POTIONS (III.A.2.),explicit_rule,page-sweep,optional,later_publication,,
rule_time,Time Since Death,CONSTRAINS,item_elixir_life,Elixir of Life,must be administered within a few rounds,,neutral,unset,UA,90,POTIONS (III.A.2.),explicit_rule,page-sweep,optional,,,
rule_hit_points,Negative Hit Points,GATES,item_elixir_life,Elixir of Life,works only within a proportion of total hit points,,enables,derived,UA,90,POTIONS (III.A.2.),explicit_rule,page-sweep,optional,,,
item_elixir_life,Elixir of Life,CONSUMES,rule_time,Rest,a day of rest per negative hit point neutralised,,neutral,derived,UA,90,POTIONS (III.A.2.),explicit_rule,page-sweep,optional,,,
spell_cure_light_wounds,Curative Spells,OVERRIDES,rule_time,Required Rest,healing magic offsets rest days by spell power,,neutral,derived,UA,90,POTIONS (III.A.2.),explicit_rule,page-sweep,optional,later_publication,,
item_elixir_life,Elixir of Life,GATES,race_any,Demi-Humans,affects demihumans as well,,enables,derived,UA,90,POTIONS (III.A.2.),explicit_rule,page-sweep,optional,,,
item_elixir_madness,Elixir of Madness,TRIGGERS,rule_insanity,Insanity,a single sip causes madness,,neutral,unset,UA,90,POTIONS (III.A.2.),explicit_rule,page-sweep,optional,,,
item_elixir_madness,Elixir of Madness,CONSTRAINS,item_elixir_madness,Elixir of Madness,the whole flask is spent on one victim,,neutral,unset,UA,90,POTIONS (III.A.2.),explicit_rule,page-sweep,optional,,,
item_boots_varied_tracks,Boots of Varied Tracks,MODIFIES,rule_disguise,Tracks,alters the wearer's footprints,,neutral,unset,UA,98,TREASURE (MISCELLANEOUS MAGIC),explicit_rule,page-sweep,optional,,,
item_boots_varied_tracks,Boots of Varied Tracks,CONSTRAINS,class_ranger,Tracking,defeats pursuit by track,,neutral,unset,UA,98,TREASURE (MISCELLANEOUS MAGIC),inferred_rule,page-sweep,optional,,,
monster_size,Track Size,FEEDS_INTO,item_boots_varied_tracks,Boots of Varied Tracks,prints from halfling to ogre scale,,neutral,derived,UA,98,TREASURE (MISCELLANEOUS MAGIC),explicit_rule,page-sweep,optional,,,
item_boots_winged,Winged Boots,GATES,rule_aerial_travel,Flight,wearer flies without concentration,,enables,derived,UA,98,TREASURE (MISCELLANEOUS MAGIC),explicit_rule,page-sweep,optional,,,
item_boots_winged,Winged Boots,CONSTRAINS,rule_time,Daily Duration,limited flying time per day,,neutral,unset,UA,98,TREASURE (MISCELLANEOUS MAGIC),explicit_rule,page-sweep,optional,,,
rule_time,Uninterrupted Non-Use,MODIFIES,item_boots_winged,Winged Boots,recharge rate per rest period,,neutral,unset,UA,98,TREASURE (MISCELLANEOUS MAGIC),explicit_rule,page-sweep,optional,,,
item_boots_winged,Overuse,TRIGGERS,ex_falling,Slow Descent,power fades gradually rather than failing outright,,neutral,unset,UA,98,TREASURE (MISCELLANEOUS MAGIC),explicit_rule,page-sweep,optional,,,
spell_detect_magic,Detect Magic,FEEDS_INTO,item_boots_winged,Winged Boots,radiates enchantment and alteration,,neutral,derived,UA,98,TREASURE (MISCELLANEOUS MAGIC),explicit_rule,page-sweep,optional,,,
spell_melfs_minute_meteors,Melf's Minute Meteors,ALTERNATIVE_TO,rule_declared_action,Discharge Mode,two firing options chosen at casting,,neutral,derived,UA,56,MAGIC-USER SPELLS (3RD LEVEL),explicit_rule,page-sweep,optional,,,
rule_declared_action,Discharge Mode,CONSTRAINS,spell_melfs_minute_meteors,Melf's Minute Meteors,the choice cannot be reversed,,neutral,unset,UA,56,MAGIC-USER SPELLS (3RD LEVEL),explicit_rule,page-sweep,optional,,,
spell_melfs_minute_meteors,Slow Discharge,GATES,rule_spell_casting,Concurrent Casting,permits another spell in the same round,,enables,derived,UA,56,MAGIC-USER SPELLS (3RD LEVEL),explicit_rule,page-sweep,optional,,,
rule_spell_casting,Concentration-Requiring Spell,EXCLUDES,spell_melfs_minute_meteors,Remaining Missiles,the original spell is involuntarily forgone,,negates,derived,UA,56,MAGIC-USER SPELLS (3RD LEVEL),explicit_rule,page-sweep,optional,,,
rule_player_knowledge,Mental Count,GATES,spell_melfs_minute_meteors,Remaining Missiles,losing count forfeits the remainder,,enables,derived,UA,56,MAGIC-USER SPELLS (3RD LEVEL),explicit_rule,page-sweep,optional,,,
time_segment_round_turn,Segments,CONSTRAINS,spell_melfs_minute_meteors,Firing Rate,one missile per two segments,,neutral,unset,UA,56,MAGIC-USER SPELLS (3RD LEVEL),explicit_rule,page-sweep,optional,,,
spell_contingency,Contingency,GATES,rule_spell_casting,Triggered Casting,a second spell fires on a prescribed condition,,enables,derived,UA,60,MAGIC-USER SPELLS (6TH LEVEL),explicit_rule,page-sweep,optional,,,
exp_level,Caster Level,CONSTRAINS,spell_contingency,Companion Spell Level,capped at a third of caster level,,neutral,unset,UA,60,MAGIC-USER SPELLS (6TH LEVEL),explicit_rule,page-sweep,optional,,,
spell_contingency,Companion Spell,CONSTRAINS,rule_spell_casting,Target,must affect the caster's own person,,neutral,unset,UA,60,MAGIC-USER SPELLS (6TH LEVEL),explicit_rule,page-sweep,optional,,,
spell_contingency,Contingency,CONSTRAINS,spell_contingency,Contingency,only one may be active at a time,,neutral,unset,UA,60,MAGIC-USER SPELLS (6TH LEVEL),explicit_rule,page-sweep,optional,,,
spell_contingency,Second Contingency,OVERRIDES,spell_contingency,Active Contingency,cancels the first,,neutral,derived,UA,60,MAGIC-USER SPELLS (6TH LEVEL),explicit_rule,page-sweep,optional,later_publication,,
rule_dm_discretion,Convoluted Conditions,TRIGGERS,rule_spell_failure,Spell Failure,over-complex prescriptions may fail entirely,,neutral,unset,UA,60,MAGIC-USER SPELLS (6TH LEVEL),explicit_rule,page-sweep,optional,,,
ex_falling,Falling,TRIGGERS,spell_contingency,Feather Fall,a typical prescribed trigger,,neutral,unset,UA,60,MAGIC-USER SPELLS (6TH LEVEL),explicit_rule,page-sweep,optional,,,
spell_ensnarement,Ensnarement,TRIGGERS,monster_demon_devil,Called Creature,draws a being from another plane,,neutral,unset,UA,60,MAGIC-USER SPELLS (6TH LEVEL),explicit_rule,page-sweep,optional,,,
spell_imprisonment,Maze or Cage Spell,CONSUMES,tbl_gem_value,Diamond,a costly gem is expended at memorisation,,neutral,derived,UA,62,MAGIC-USER SPELLS (7TH LEVEL),explicit_rule,page-sweep,optional,,,
rule_spell_memorization,Memorization,CONSUMES,tbl_gem_value,Diamond Dust,the component is spent during study not casting,,neutral,derived,UA,62,MAGIC-USER SPELLS (7TH LEVEL),explicit_rule,page-sweep,optional,,,
spell_mordenkainens_mansion,Mordenkainen's Magnificent Mansion,GATES,rule_planar_travel,Extra-Dimensional Space,conjures a dwelling outside the plane,,enables,derived,UA,62,MAGIC-USER SPELLS (7TH LEVEL),explicit_rule,page-sweep,optional,,,
spell_mordenkainens_mansion,Mansion Portal,CONSTRAINS,rule_declared_action,Entry,the caster controls who may enter,,neutral,unset,UA,62,MAGIC-USER SPELLS (7TH LEVEL),explicit_rule,page-sweep,optional,,,
exp_level,Caster Level,MODIFIES,spell_mordenkainens_mansion,Area of Effect,size scales with level,,neutral,unset,UA,62,MAGIC-USER SPELLS (7TH LEVEL),explicit_rule,page-sweep,optional,,,
spell_mordenkainens_mansion,Mansion,GATES,rule_rest,Rest and Recovery,a secure refuge for resting,,enables,derived,UA,62,MAGIC-USER SPELLS (7TH LEVEL),inferred_rule,page-sweep,optional,,,
spell_cantrip,Dim Cantrip,MODIFIES,rule_light_source,Light Sources,halves radiance for a round,,neutral,unset,UA,66,ILLUSIONIST SPELLS (CANTRIPS),explicit_rule,page-sweep,optional,,,
spell_cantrip,Dim Cantrip,MODIFIES,spell_light,Light Spells,dims magical light as well,,neutral,unset,UA,66,ILLUSIONIST SPELLS (CANTRIPS),explicit_rule,page-sweep,optional,,,
rule_light_source,Light Source Type,CONSTRAINS,spell_cantrip,Dim Cantrip,quantity affected varies by source,,neutral,unset,UA,66,ILLUSIONIST SPELLS (CANTRIPS),explicit_rule,page-sweep,optional,,,
spell_cantrip,Haze Cantrip,MODIFIES,cbt_tohit,Missile To-Hit,penalty against screened targets,,neutral,unset,UA,66,ILLUSIONIST SPELLS (CANTRIPS),explicit_rule,page-sweep,optional,,,
spell_cantrip,Haze Cantrip,MODIFIES,save_matrix,Saving Throw,bonus to the screened target,,inflicts,heuristic,UA,66,ILLUSIONIST SPELLS (CANTRIPS),explicit_rule,page-sweep,optional,,,
spell_cantrip,Haze Cantrip,OVERRIDES,save_matrix,No Save Allowed,grants a save where none normally exists,,neutral,derived,UA,66,ILLUSIONIST SPELLS (CANTRIPS),explicit_rule,page-sweep,optional,later_publication,,
spell_wraithform,Wraithform,MODIFIES,item_magic_weapon,Weapon Threshold,struck only by magic weapons,,neutral,unset,UA,69,ILLUSIONIST SPELLS,explicit_rule,page-sweep,optional,,,
spell_wraithform,Wraithform,MODIFIES,monster_undead,Undead Recognition,most undead mistake the caster for one of their own,,neutral,unset,UA,69,ILLUSIONIST SPELLS,explicit_rule,page-sweep,optional,,,
monster_undead,Lich or Special Undead,OVERRIDES,spell_wraithform,Undead Recognition,may save to see through the disguise,,neutral,derived,UA,69,ILLUSIONIST SPELLS,explicit_rule,page-sweep,optional,later_publication,,
spell_wraithform,Wraithform,GATES,ex_movement_rate,Passing Through Cracks,insubstantial movement through narrow openings,,enables,derived,UA,69,ILLUSIONIST SPELLS,explicit_rule,page-sweep,optional,,,
spell_wraithform,Wraithform,EXCLUDES,cbt_melee,Attacking,no attack is possible while insubstantial,,negates,derived,UA,69,ILLUSIONIST SPELLS,explicit_rule,page-sweep,optional,,,
rule_planar_travel,Ethereal Plane,OVERRIDES,spell_wraithform,Attack Restriction,attacks are normal both ways against ethereal creatures,,neutral,derived,UA,69,ILLUSIONIST SPELLS,explicit_rule,page-sweep,optional,later_publication,,
spell_dispel_magic,Dispel Magic,OVERRIDES,spell_wraithform,Wraithform,forces a return to normal form,,neutral,derived,UA,69,ILLUSIONIST SPELLS,explicit_rule,page-sweep,optional,later_publication,,
spell_wraithform,Voluntary Return,CONSTRAINS,spell_wraithform,Wraithform,returning to normal ends the spell,,neutral,unset,UA,69,ILLUSIONIST SPELLS,explicit_rule,page-sweep,optional,,,
class_illusionist,Illusionist,GATES,spell_cantrip,Illusionist Cantrips,a separate cantrip list,,enables,derived,UA,66,ILLUSIONIST SPELLS (CANTRIPS),explicit_rule,page-sweep,optional,,,
item_rod_alertness,Rod of Alertness,DERIVED_FROM,cursed_item,Disguised Item,indistinguishable from an ordinary magic mace,,neutral,derived,UA,94,RODS (III.D.),explicit_rule,page-sweep,optional,,,
item_rod_alertness,Rod of Alertness,MODIFIES,cbt_surprise,Surprise,bonus to the possessor's roll,,neutral,unset,UA,94,RODS (III.D.),explicit_rule,page-sweep,optional,,,
item_rod_alertness,Rod of Alertness,MODIFIES,cbt_initiative,Initiative,bonus to the roll,,neutral,unset,UA,94,RODS (III.D.),explicit_rule,page-sweep,optional,,,
item_rod_alertness,Rod of Alertness,GATES,rule_detection,Detection Powers,alignment evil good illusion invisibility lie and magic,,enables,derived,UA,94,RODS (III.D.),explicit_rule,page-sweep,optional,,,
rule_detection,Detection Powers,EXCLUDED_FROM,rule_charges,Charges,detection expends none,,negates,derived,UA,94,RODS (III.D.),explicit_rule,page-sweep,optional,,,
item_rod_alertness,Planted Rod,TRIGGERS,rule_detection,Hostile Intent,senses creatures intending harm,,neutral,unset,UA,94,RODS (III.D.),explicit_rule,page-sweep,optional,,,
item_rod_alertness,Planted Rod,FEEDS_INTO,rule_light,Light,casts light along the cardinal directions,,neutral,derived,UA,94,RODS (III.D.),explicit_rule,page-sweep,optional,,,
item_rod_alertness,Planted Rod,TRIGGERS,spell_prayer,Prayer,affects friendly creatures nearby,,neutral,unset,UA,94,RODS (III.D.),explicit_rule,page-sweep,optional,,,
item_rod_alertness,Planted Rod,TRIGGERS,rule_communication,Mental Alert,warns allies of danger,,neutral,unset,UA,94,RODS (III.D.),explicit_rule,page-sweep,optional,,,
item_rod_alertness,Planted Rod,TRIGGERS,gen_random_encounter,Animated Objects,animates designated objects around it,,neutral,unset,UA,94,RODS (III.D.),explicit_rule,page-sweep,optional,,,
rule_charges,Charges,CONSTRAINS,item_rod_alertness,Rod of Alertness,most functions cost charges,,neutral,unset,UA,94,RODS (III.D.),explicit_rule,page-sweep,optional,,,
class_druid,Druid,GATES,item_staff_slinging,Staff of Slinging,the slinging power works only for druids,,enables,derived,UA,95,STAVES (III.D.2.),explicit_rule,page-sweep,optional,,,
item_staff_slinging,Staff of Slinging,GATES,cbt_missile,Missile Discharge,hurls adhered objects,,enables,derived,UA,95,STAVES (III.D.2.),explicit_rule,page-sweep,optional,,,
item_staff_slinging,Staff of Slinging,MODIFIES,wpn_range,Range,defines short medium and long bands,,neutral,unset,UA,95,STAVES (III.D.2.),explicit_rule,page-sweep,optional,,,
item_staff_slinging,Staff of Slinging,CONSUMES,rule_charges,Charges,giant-strength hurling costs a charge,,neutral,derived,UA,95,STAVES (III.D.2.),explicit_rule,page-sweep,optional,,,
item_staff_slinging,Charged Hurl,MODIFIES,cbt_damage,Damage,damage as a stone giant's boulder,,neutral,unset,UA,95,STAVES (III.D.2.),explicit_rule,page-sweep,optional,,,
item_staff_slinging,Staff of Slinging,MODIFIES,cbt_tohit,To-Hit Roll,bonus in all modes,,neutral,unset,UA,95,STAVES (III.D.2.),explicit_rule,page-sweep,optional,,,
exp_level,Druid Level,GATES,rule_charges,Recharging,only a high level druid may recharge it,,enables,derived,UA,95,STAVES (III.D.2.),explicit_rule,page-sweep,optional,,,class_level_conflation
item_staff_slinging,Missile Trajectory,CONSTRAINS,cbt_missile,Line of Fire,rising arc rather than flat trajectory,,neutral,unset,UA,95,STAVES (III.D.2.),explicit_rule,page-sweep,optional,,,
item_staff_spear,Staff-Spear,ALTERNATIVE_TO,wpn_stats,Weapon Form,functions as more than one weapon type,,neutral,derived,UA,95,STAVES (III.D.2.),explicit_rule,page-sweep,optional,,,
item_anything_wand,Anything Wand,ALTERNATIVE_TO,item_wand,Any Known Wand,duplicates other wands on command,,neutral,derived,UA,96,WANDS (III.D.2.),explicit_rule,page-sweep,optional,,,
item_anything_wand,Anything Wand,CONSTRAINS,item_anything_wand,Anything Wand,each wand type may be duplicated only once,,neutral,unset,UA,96,WANDS (III.D.2.),explicit_rule,page-sweep,optional,,,
item_anything_wand,Anything Wand,TRIGGERS,rule_item_destruction,Total Drain,three duplication demands expend it entirely,,neutral,unset,UA,96,WANDS (III.D.2.),explicit_rule,page-sweep,optional,,,
item_anything_wand,Anything Wand,EXCLUDED_FROM,rule_charges,Recharging,cannot be recharged,,negates,derived,UA,96,WANDS (III.D.2.),explicit_rule,page-sweep,optional,,,
item_buckler_wand,Buckler Wand,ALTERNATIVE_TO,rule_shield,Buckler,transforms into a spiked buckler,,neutral,derived,UA,96,WANDS (III.D.2.),explicit_rule,page-sweep,optional,,,
class_cleric,Cleric,EXCLUDED_FROM,item_buckler_wand,Buckler Wand,unusable by clerics,,negates,derived,UA,96,WANDS (III.D.2.),explicit_rule,page-sweep,optional,,,
item_buckler_wand,Buckler Form,EXCLUDES,rule_spell_casting,Spell Casting,no spells while in buckler form,,negates,derived,UA,96,WANDS (III.D.2.),explicit_rule,page-sweep,optional,,,
rule_multiclass,Fighter Magic-User,OVERRIDES,item_buckler_wand,Casting Restriction,multi-classed characters may still cast,,neutral,derived,UA,96,WANDS (III.D.2.),explicit_rule,page-sweep,optional,later_publication,,
item_buckler_wand,Buckler Form,CONSTRAINS,thief_climb_walls,Climb Walls,thief abilities requiring hands are blocked,,neutral,unset,UA,96,WANDS (III.D.2.),explicit_rule,page-sweep,optional,,,
race_dwarf,Dwarf or Gnome,GATES,item_wand_metal_command,Wand of Metal Command,powers operate only for these races,,enables,derived,UA,97,WANDS (III.D.2.),explicit_rule,page-sweep,optional,,,
item_wand_metal_command,Wand of Metal Command,MODIFIES,money_gp,Gold and Lead,transmutes one metal into the other,,neutral,unset,UA,97,WANDS (III.D.2.),explicit_rule,page-sweep,optional,,,
item_wand_metal_command,Wand of Metal Command,CONSUMES,rule_charges,Charges,cost scales with the power used,,neutral,derived,UA,97,WANDS (III.D.2.),explicit_rule,page-sweep,optional,,,
item_wand_metal_command,Wand of Metal Command,GATES,spell_crystalbrittle,Crystalbrittle,casts as a high level magic-user,,enables,derived,UA,97,WANDS (III.D.2.),explicit_rule,page-sweep,optional,,,
item_wand_size_alteration,Wand of Size Alteration,MODIFIES,monster_size,Creature Size,enlarges or diminishes by half,,neutral,unset,UA,97,WANDS (III.D.2.),explicit_rule,page-sweep,optional,,,
item_wand_size_alteration,Size Change,MODIFIES,abil_strength,Strength,strength scales to the giant of matching size,,neutral,unset,UA,97,WANDS (III.D.2.),explicit_rule,page-sweep,optional,,,
item_wand_size_alteration,Size Change,FEEDS_INTO,sys_equipment,Carried Gear,possessions change with the creature,,neutral,derived,UA,97,WANDS (III.D.2.),explicit_rule,page-sweep,optional,,,
item_wand_size_alteration,Wand of Size Alteration,TRIGGERS,save_matrix,Saving Throw,target may resist,,improves,heuristic,UA,97,WANDS (III.D.2.),explicit_rule,page-sweep,optional,,,
item_deck_illusions,Deck of Illusions,TRIGGERS,rule_illusion,Illusion,creates an audial and visual creature,,neutral,unset,UA,99,TREASURE (MISCELLANEOUS MAGIC),explicit_rule,page-sweep,optional,,,
item_deck_illusions,Deck of Illusions,CONSTRAINS,ex_movement_rate,Illusion Range,the illusion stays near the fallen card,,neutral,unset,UA,99,TREASURE (MISCELLANEOUS MAGIC),explicit_rule,page-sweep,optional,,,
spell_dispel_magic,Dispel Magic,OVERRIDES,item_deck_illusions,Deck of Illusions,dispelling blanks the card permanently,,neutral,derived,UA,99,TREASURE (MISCELLANEOUS MAGIC),explicit_rule,page-sweep,optional,later_publication,,
rule_declared_action,Picking Up the Card,OVERRIDES,item_deck_illusions,Illusion,retrieval instantly dispels it,,neutral,derived,UA,99,TREASURE (MISCELLANEOUS MAGIC),explicit_rule,page-sweep,optional,later_publication,,
rule_dm_discretion,DM Play,GATES,item_deck_illusions,Illusion Behaviour,illusions are played as real creatures,,enables,derived,UA,99,TREASURE (MISCELLANEOUS MAGIC),explicit_rule,page-sweep,optional,,,
item_haversack,Heward's Handy Haversack,MODIFIES,enc_encumbrance,Encumbrance,holds far more than its size,,neutral,unset,UA,101,TREASURE (MISCELLANEOUS MAGIC),explicit_rule,page-sweep,optional,,,
item_haversack,Heward's Handy Haversack,OVERRIDES,rule_declared_action,Item Retrieval,the sought item is always on top,,neutral,derived,UA,101,TREASURE (MISCELLANEOUS MAGIC),explicit_rule,page-sweep,optional,later_publication,,
item_haversack,Heward's Handy Haversack,MODIFIES,item_saving_throw,Item Saving Throw,contents gain a bonus on all saves,,neutral,unset,UA,101,TREASURE (MISCELLANEOUS MAGIC),explicit_rule,page-sweep,optional,,,
item_horn_fog,Horn of Fog,TRIGGERS,rule_concealment,Concealment,creates a fog cloud,,neutral,unset,UA,101,TREASURE (MISCELLANEOUS MAGIC),explicit_rule,page-sweep,optional,,,
time_segment_round_turn,Rounds Sounded,MODIFIES,item_horn_fog,Fog Volume,each round adds to the cloud,,neutral,unset,UA,101,TREASURE (MISCELLANEOUS MAGIC),explicit_rule,page-sweep,optional,,,
item_pouch_accessibility,Pouch of Accessibility,MODIFIES,enc_encumbrance,Encumbrance,thirty pockets of extradimensional space,,neutral,unset,UA,102,TREASURE (MISCELLANEOUS MAGIC),explicit_rule,page-sweep,optional,,,
item_pouch_accessibility,Pouch of Accessibility,OVERRIDES,rule_declared_action,Item Retrieval,speaking the name calls the item forth,,neutral,derived,UA,102,TREASURE (MISCELLANEOUS MAGIC),explicit_rule,page-sweep,optional,later_publication,,
item_bag_holding,Extradimensional Space Rules,CONSTRAINS,item_pouch_accessibility,Pouch of Accessibility,the same placement strictures apply,,neutral,unset,UA,102,TREASURE (MISCELLANEOUS MAGIC),explicit_rule,page-sweep,optional,,,
item_prison_zagyg,Prison of Zagyg,DERIVED_FROM,cursed_item,Disguised Item,appears an ordinary birdcage,,neutral,derived,UA,102,TREASURE (MISCELLANEOUS MAGIC),explicit_rule,page-sweep,optional,,,
spell_detect_magic,Detect Magic,EXCLUDED_FROM,item_prison_zagyg,Prison of Zagyg,detection is unreliable or misleading,,negates,derived,UA,102,TREASURE (MISCELLANEOUS MAGIC),explicit_rule,page-sweep,optional,,,
item_prison_zagyg,Prison of Zagyg,GATES,spell_anti_magic_shell,Anti-Magic Shell,carries a permanent shell,,enables,derived,UA,102,TREASURE (MISCELLANEOUS MAGIC),explicit_rule,page-sweep,optional,,,
item_shoes_fharlanghn,Shoes of Fharlanghn,EXCLUDES,fatigue,Fatigue,the wearer never tires from walking,,negates,derived,UA,103,TREASURE (MISCELLANEOUS MAGIC),explicit_rule,page-sweep,optional,,,
item_shoes_fharlanghn,Shoes of Fharlanghn,MODIFIES,ex_movement_rate,Overland Movement,sustains a high daily pace,,neutral,unset,UA,103,TREASURE (MISCELLANEOUS MAGIC),explicit_rule,page-sweep,optional,,,
sys_alignment,Neutral Alignment,GATES,item_shoes_fharlanghn,Additional Powers,further benefits by alignment,,enables,derived,UA,103,TREASURE (MISCELLANEOUS MAGIC),explicit_rule,page-sweep,optional,,,
item_shoes_fharlanghn,Shoes of Fharlanghn,EXCLUDES,tbl_traps,Snares and Pits,the wearer never steps into them,,negates,derived,UA,103,TREASURE (MISCELLANEOUS MAGIC),explicit_rule,page-sweep,optional,,,
rule_deity,Worship of Fharlanghn,GATES,item_shoes_fharlanghn,Greatest Powers,devotion unlocks the full effect,,enables,derived,UA,103,TREASURE (MISCELLANEOUS MAGIC),explicit_rule,page-sweep,optional,,,
item_shoes_fharlanghn,Worshiper Powers,EXCLUDES,ex_mapping,Becoming Lost,impossible for the wearer,,negates,derived,UA,103,TREASURE (MISCELLANEOUS MAGIC),explicit_rule,page-sweep,optional,,,
item_shoes_fharlanghn,Worshiper Powers,EXCLUDES,cbt_surprise,Surprise,nothing walking on earth can surprise the wearer,,negates,derived,UA,103,TREASURE (MISCELLANEOUS MAGIC),explicit_rule,page-sweep,optional,,,
item_shoes_fharlanghn,Worshiper Powers,GATES,thief_climb_walls,Climb Walls,climbs as a high level thief,,enables,derived,UA,103,TREASURE (MISCELLANEOUS MAGIC),explicit_rule,page-sweep,optional,,,
item_slippers_kicking,Slippers of Kicking,GATES,rule_open_hand_combat,Unarmed Attack,the feet become effective weapons,,enables,derived,UA,103,TREASURE (MISCELLANEOUS MAGIC),explicit_rule,page-sweep,optional,,,
sword_alignment,Sword Alignment,GATES,item_magic_weapon,Final Word Sword,bonuses only for matching alignment,,enables,derived,UA,105,TREASURE (MISCELLANEOUS WEAPONS),explicit_rule,page-sweep,optional,,,
item_magic_weapon,Final Word Sword,OVERRIDES,cbt_initiative,Initiative,always strikes last in the round,,neutral,derived,UA,105,TREASURE (MISCELLANEOUS WEAPONS),explicit_rule,page-sweep,optional,later_publication,,
item_magic_weapon,Final Word Sword,OVERRIDES,cbt_tohit,To-Hit Roll,strikes unerringly against earlier attackers,,neutral,derived,UA,105,TREASURE (MISCELLANEOUS WEAPONS),explicit_rule,page-sweep,optional,later_publication,,
cbt_melee,Attacking the Wielder,TRIGGERS,item_magic_weapon,Final Word Retaliation,any earlier attacker is struck regardless of success,,neutral,unset,UA,105,TREASURE (MISCELLANEOUS WEAPONS),explicit_rule,page-sweep,optional,,,
cbt_attacks_per_round,Attacks Per Round,CONSTRAINS,item_magic_weapon,Final Word Retaliation,capped at the wielder's attack rate,,neutral,unset,UA,105,TREASURE (MISCELLANEOUS WEAPONS),explicit_rule,page-sweep,optional,,,
item_magic_weapon,Weapon Plus,CONSTRAINS,monster_special,Weapon Threshold,creatures needing a higher plus are unharmed,,neutral,unset,UA,105,TREASURE (MISCELLANEOUS WEAPONS),explicit_rule,page-sweep,optional,,,
item_axe_hurling,Axe of Hurling,ALTERNATIVE_TO,cbt_missile,Missile Discharge,returns to the thrower,,neutral,derived,UA,105,MISCELLANEOUS WEAPONS (III.H.2.),explicit_rule,page-sweep,optional,,,
rule_time,Familiarity and Practice,GATES,item_axe_hurling,Axe of Hurling,the power is discovered over time,,enables,derived,UA,105,MISCELLANEOUS WEAPONS (III.H.2.),explicit_rule,page-sweep,optional,,,
item_magic_dart,Magic Dart,MODIFIES,cbt_damage,Damage,fixed damage against any size of creature,,neutral,unset,UA,106,TREASURE (MISCELLANEOUS WEAPONS),explicit_rule,page-sweep,optional,,,
item_magic_dart,Missed Dart,TRIGGERS,rule_item_destruction,Loss of Dweomer,a miss expends the magic,,neutral,unset,UA,106,TREASURE (MISCELLANEOUS WEAPONS),explicit_rule,page-sweep,optional,,,
item_magic_dart,Magic Dart,MODIFIES,wpn_range,Range,double the range of ordinary darts,,neutral,unset,UA,106,TREASURE (MISCELLANEOUS WEAPONS),explicit_rule,page-sweep,optional,,,
item_buckle_knife,Buckle Knife,MODIFIES,rule_disguise,Concealment,hilt resembles a belt ornament,,neutral,unset,UA,106,TREASURE (MISCELLANEOUS WEAPONS),explicit_rule,page-sweep,optional,,,
item_magic_quarterstaff,Magic Quarterstaff,MODIFIES,wpn_length,Weapon Length,alters length on command,,neutral,unset,UA,106,TREASURE (MISCELLANEOUS WEAPONS),explicit_rule,page-sweep,optional,,,
item_scimitar_speed,Scimitar of Speed,MODIFIES,cbt_initiative,Initiative,acts before other combatants,,neutral,unset,UA,106,TREASURE (MISCELLANEOUS WEAPONS),explicit_rule,page-sweep,optional,,,
sys_classes,Character Class,GATES,cbt_pummel_grapple,Pummeling,player characters humans giants and vampires may pummel,,enables,derived,UA,107,APPENDIX Q: WEAPONLESS COMBAT,explicit_rule,page-sweep,optional,,,
monster_undead,Most Undead,EXCLUDED_FROM,cbt_pummel_grapple,Pummeling,cannot pummel,,negates,derived,UA,107,APPENDIX Q: WEAPONLESS COMBAT,explicit_rule,page-sweep,optional,,,
monster_dragon,Dragons,EXCLUDED_FROM,cbt_pummel_grapple,Pummeling,cannot pummel,,negates,derived,UA,107,APPENDIX Q: WEAPONLESS COMBAT,explicit_rule,page-sweep,optional,,,
rule_planar_travel,Prime Material Native,GATES,cbt_pummel_grapple,Pummeling Target,target must be a native organic creature,,enables,derived,UA,107,APPENDIX Q: WEAPONLESS COMBAT,explicit_rule,page-sweep,optional,,,
monster_demon_devil,Demons and Elementals,EXCLUDED_FROM,cbt_pummel_grapple,Pummeling Target,cannot be pummeled,,negates,derived,UA,107,APPENDIX Q: WEAPONLESS COMBAT,explicit_rule,page-sweep,optional,,,
rule_prone,Prone Target,OVERRIDES,monster_size,Size Restriction,any size may be pummeled when prone,,neutral,derived,UA,107,APPENDIX Q: WEAPONLESS COMBAT,explicit_rule,page-sweep,optional,later_publication,,
cbt_surprise,Surprise,OVERRIDES,cbt_pummel_grapple,Initiative Penalty,surprise attacks avoid the penalty,,neutral,derived,UA,107,APPENDIX Q: WEAPONLESS COMBAT,explicit_rule,page-sweep,optional,later_publication,,
cbt_rear_attack,Rear Attack,OVERRIDES,cbt_pummel_grapple,Initiative Penalty,attacks from behind avoid the penalty,,neutral,derived,UA,107,APPENDIX Q: WEAPONLESS COMBAT,explicit_rule,page-sweep,optional,later_publication,,
cbt_surprise,Surprise Pummel,MODIFIES,cbt_tohit,To-Hit Roll,bonus to strike,,neutral,unset,UA,107,APPENDIX Q: WEAPONLESS COMBAT,explicit_rule,page-sweep,optional,,,
sys_equipment,Pummeling Implement,FEEDS_INTO,cbt_pummel_grapple,Pummeling,the item used determines the result,,neutral,derived,UA,107,APPENDIX Q: WEAPONLESS COMBAT,explicit_rule,page-sweep,optional,,,
sys_armor,Opponent Vulnerability,FEEDS_INTO,cbt_pummel_grapple,Pummeling,target protection determines the result,,neutral,derived,UA,107,APPENDIX Q: WEAPONLESS COMBAT,explicit_rule,page-sweep,optional,,,
spell_permanency,Permanency,CONSTRAINS,rule_spell_casting,Eligible Spells,only an enumerated list may be made permanent,,neutral,unset,UA,81,SPELL EXPLANATIONS,explicit_rule,page-sweep,optional,,,
rule_item_material,Non-Living Target,MODIFIES,spell_permanency,Constitution Loss,greatly reduced risk on objects,,neutral,unset,UA,81,SPELL EXPLANATIONS,explicit_rule,page-sweep,optional,,,
item_ring,Spell Storing Device,OVERRIDES,spell_permanency,Constitution Loss,charging a device always costs a point,,neutral,derived,UA,81,SPELL EXPLANATIONS,explicit_rule,page-sweep,optional,later_publication,,
spell_permanency,Permanency,GATES,race_infravision,Infravision,may be made permanent on a person,,enables,derived,UA,81,SPELL EXPLANATIONS,explicit_rule,page-sweep,optional,,,
spell_permanency,Permanency,GATES,rule_ultravision,Ultravision,may be made permanent on a person,,enables,derived,UA,81,SPELL EXPLANATIONS,explicit_rule,page-sweep,optional,,,
spell_permanency,Permanency,GATES,rule_languages,Comprehend Languages and Tongues,may be made permanent,,enables,derived,UA,81,SPELL EXPLANATIONS,explicit_rule,page-sweep,optional,,,
spell_sertens_spell_immunity,Serten's Spell Immunity,MODIFIES,save_spell,Saving Throw vs Spell,tiered bonuses by spell family,,inflicts,heuristic,UA,81,SPELL EXPLANATIONS,explicit_rule,page-sweep,optional,,,
rule_spell_level,Spell Power,FEEDS_INTO,spell_sertens_spell_immunity,Bonus Tier,weaker enchantments give the largest bonus,,neutral,derived,UA,81,SPELL EXPLANATIONS,explicit_rule,page-sweep,optional,,,
spell_sertens_spell_immunity,Serten's Spell Immunity,GATES,spell_cantrip,Person-Affecting Cantrips,cantrips are covered by the lowest tier,,enables,derived,UA,81,SPELL EXPLANATIONS,explicit_rule,page-sweep,optional,,,
rule_underwater,Underwater,MODIFIES,rule_spell_casting,Spell Effects,many spells behave differently submerged,,neutral,unset,UA,82,THE ADVENTURE (UNDERWATER ADVENTURES),explicit_rule,page-sweep,optional,,,
rule_underwater,Underwater,EXCLUDES,rule_uncontrolled_fire,Ignition,firewater cannot be lit underwater,,negates,derived,UA,82,THE ADVENTURE (UNDERWATER ADVENTURES),explicit_rule,page-sweep,optional,,,
rule_underwater,Underwater,MODIFIES,spell_lightning_bolt,Chain Lightning,doubled radius but reduced damage,,neutral,unset,UA,82,THE ADVENTURE (UNDERWATER ADVENTURES),explicit_rule,page-sweep,optional,,,
rule_underwater,Underwater,CONSTRAINS,spell_melfs_acid_arrow,Acid Duration,acid is washed away in a round,,neutral,unset,UA,82,THE ADVENTURE (UNDERWATER ADVENTURES),explicit_rule,page-sweep,optional,,,
rule_underwater,Underwater,MODIFIES,spell_mordenkainens_mansion,Mansion Interior,may be filled with water or kept dry,,neutral,unset,UA,82,THE ADVENTURE (UNDERWATER ADVENTURES),explicit_rule,page-sweep,optional,,,
rule_underwater,Underwater,MODIFIES,spell_phantom_steed,Phantom Steed,becomes a hippocampus without flight,,neutral,unset,UA,82,THE ADVENTURE (UNDERWATER ADVENTURES),explicit_rule,page-sweep,optional,,,
rule_birth,Circumstances of Birth,FEEDS_INTO,rule_char_gen,Character Generation,order of birth and parental status,,neutral,derived,UA,83,CIRCUMSTANCES OF BIRTH,explicit_rule,page-sweep,optional,,,
rule_birth,Parents' Marital Status,MODIFIES,campaign_social_class,Social Class,illegitimacy lowers standing by one class,,neutral,unset,UA,83,CIRCUMSTANCES OF BIRTH,explicit_rule,page-sweep,optional,,,
race_any,Race,MODIFIES,rule_birth,Birth Table,racial modifiers to both rolls,,neutral,unset,UA,83,CIRCUMSTANCES OF BIRTH,explicit_rule,page-sweep,optional,,,
race_subrace,Elven Subrace,MODIFIES,rule_birth,Birth Table,each elven stock has its own modifier,,neutral,unset,UA,83,CIRCUMSTANCES OF BIRTH,explicit_rule,page-sweep,optional,,,
race_half_orc,Half-Orc,MODIFIES,rule_birth,Birth Table,the only positive racial modifier,,neutral,unset,UA,83,CIRCUMSTANCES OF BIRTH,explicit_rule,page-sweep,optional,,,
rule_dm_discretion,DM Judgement,GATES,rule_birth,Circumstances of Birth,referee fits results to the campaign,,enables,derived,UA,83,CIRCUMSTANCES OF BIRTH,explicit_rule,page-sweep,optional,,,
spell_leomunds_shelter,Leomund's Secure Shelter,GATES,rule_rest,Rest and Recovery,provides a secure lodging,,enables,derived,UA,57,MAGIC-USER SPELLS,explicit_rule,page-sweep,optional,,,
exp_level,Caster Level,MODIFIES,spell_leomunds_shelter,Floor Area,size scales with level,,neutral,unset,UA,57,MAGIC-USER SPELLS,explicit_rule,page-sweep,optional,,,
rule_terrain,Local Materials,CONSTRAINS,spell_leomunds_shelter,Construction,built from whatever is common nearby,,neutral,unset,UA,57,MAGIC-USER SPELLS,explicit_rule,page-sweep,optional,,,
spell_leomunds_shelter,Secure Shelter,EXCLUDES,cbt_missile,Normal Missiles,impervious to ordinary missile fire,,negates,derived,UA,57,MAGIC-USER SPELLS,explicit_rule,page-sweep,optional,,,
rule_siege_engine,Siege Machinery,OVERRIDES,spell_leomunds_shelter,Missile Immunity,engine and giant missiles still penetrate,,neutral,derived,UA,57,MAGIC-USER SPELLS,explicit_rule,page-sweep,optional,later_publication,,
spell_wizard_lock,Wizard Lock,FEEDS_INTO,spell_leomunds_shelter,Door and Shutters,openings are magically secured,,neutral,derived,UA,57,MAGIC-USER SPELLS,explicit_rule,page-sweep,optional,,,
spell_leomunds_shelter,Secure Shelter,EXCLUDES,rule_temperature,Heating and Cooling,provides no climate control,,negates,derived,UA,57,MAGIC-USER SPELLS,explicit_rule,page-sweep,optional,,,
rule_temperature,Extreme Heat,MODIFIES,spell_leomunds_shelter,Occupants,affects the dwelling and those inside,,neutral,unset,UA,57,MAGIC-USER SPELLS,explicit_rule,page-sweep,optional,,,
rule_light,Nearby Light,OVERRIDES,rule_ultravision,Ultravision,brightness blinds the eyes to dimmer areas,,neutral,derived,UA,58,MAGIC-USER SPELLS,explicit_rule,page-sweep,optional,later_publication,,
item_magic_item,Magic Item Radiance,OVERRIDES,rule_ultravision,Ultravision,item glow spoils the ability,,neutral,derived,UA,58,MAGIC-USER SPELLS,explicit_rule,page-sweep,optional,later_publication,,
rule_ultravision,Ultravision,CONSUMES,tbl_gem_value,Amethyst,a costly gem is expended,,neutral,derived,UA,58,MAGIC-USER SPELLS,explicit_rule,page-sweep,optional,,,
spell_avoidance,Avoidance,EXCLUDES,cbt_melee,Touching the Object,living creatures cannot approach,,negates,derived,UA,58,MAGIC-USER SPELLS (5TH LEVEL),explicit_rule,page-sweep,optional,,,
tbl_height_weight,Relative Mass,GATES,spell_avoidance,Avoidance,who is repulsed depends on comparative mass,,enables,derived,UA,58,MAGIC-USER SPELLS (5TH LEVEL),explicit_rule,page-sweep,optional,,,
spell_avoidance,Avoidance,EXCLUDED_FROM,rule_player_character,Living Targets,cannot be cast upon living things,,negates,derived,UA,58,MAGIC-USER SPELLS (5TH LEVEL),explicit_rule,page-sweep,optional,,,
spell_binding,Binding,TRIGGERS,rule_imprisonment,Imprisonment,six distinct forms of confinement,,neutral,unset,UA,64,MAGIC-USER SPELLS (8TH LEVEL),explicit_rule,page-sweep,optional,,,
exp_level,Caster Level,FEEDS_INTO,spell_binding,Binding Duration,duration scales per level,,neutral,derived,UA,64,MAGIC-USER SPELLS (8TH LEVEL),explicit_rule,page-sweep,optional,,,
monster_hd,Subject Hit Dice,CONSTRAINS,spell_binding,Binding,success depends on level against hit dice,,neutral,unset,UA,64,MAGIC-USER SPELLS (8TH LEVEL),explicit_rule,page-sweep,optional,,,
rule_assistant_casters,Assisting Magic-Users,MODIFIES,spell_binding,Effective Caster Level,helpers add fractions of their levels,,neutral,unset,UA,64,MAGIC-USER SPELLS (8TH LEVEL),explicit_rule,page-sweep,optional,,,
rule_assistant_casters,Assisting Magic-Users,CONSTRAINS,spell_binding,Binding,no more than six may assist,,neutral,unset,UA,64,MAGIC-USER SPELLS (8TH LEVEL),explicit_rule,page-sweep,optional,,,
spell_binding,Chaining,TRIGGERS,rule_antipathy,Antipathy,restraints repel all but the caster,,neutral,unset,UA,64,MAGIC-USER SPELLS (8TH LEVEL),explicit_rule,page-sweep,optional,,,
spell_binding,Metamorphosis,MODIFIES,monster_special,Corporeal Form,subject becomes noncorporeal but for the head,,neutral,unset,UA,64,MAGIC-USER SPELLS (8TH LEVEL),explicit_rule,page-sweep,optional,,,
spell_binding,Hedged Prison,GATES,rule_planar_travel,Confined Area,subject is transported and cannot wander,,enables,derived,UA,64,MAGIC-USER SPELLS (8TH LEVEL),explicit_rule,page-sweep,optional,,,
exp_level,Caster Level,GATES,spell_chromatic_orb,Chromatic Orb,each level unlocks a stronger orb,,enables,derived,UA,67,ILLUSIONIST SPELLS,explicit_rule,page-sweep,optional,,,
spell_chromatic_orb,Chromatic Orb,MODIFIES,cbt_damage,Damage,damage scales with the orb colour,,neutral,unset,UA,67,ILLUSIONIST SPELLS,explicit_rule,page-sweep,optional,,,
spell_chromatic_orb,Pearly Orb,TRIGGERS,ex_light_vision,Blindness,failed save blinds the target,,neutral,unset,UA,67,ILLUSIONIST SPELLS,explicit_rule,page-sweep,optional,,,
spell_chromatic_orb,Ruby Orb,MODIFIES,abil_strength,Strength,temporary point loss,,neutral,unset,UA,67,ILLUSIONIST SPELLS,explicit_rule,page-sweep,optional,,,
spell_chromatic_orb,Ruby Orb,MODIFIES,abil_dexterity,Dexterity,temporary point loss,,neutral,unset,UA,67,ILLUSIONIST SPELLS,explicit_rule,page-sweep,optional,,,
spell_chromatic_orb,Flame Orb,TRIGGERS,rule_uncontrolled_fire,Fire,ignites combustibles near the target,,neutral,unset,UA,67,ILLUSIONIST SPELLS,explicit_rule,page-sweep,optional,,,
spell_chromatic_orb,Emerald Orb,TRIGGERS,spell_stinking_cloud,Stinking Cloud,creates a cloud around the target,,neutral,unset,UA,67,ILLUSIONIST SPELLS,explicit_rule,page-sweep,optional,,,
spell_chromatic_orb,Sapphire Orb,TRIGGERS,rule_immobile,Paralysis,failed save immobilises,,inflicts,heuristic,UA,67,ILLUSIONIST SPELLS,explicit_rule,page-sweep,optional,,,
spell_chromatic_orb,Amethyst Orb,TRIGGERS,save_petrify,Petrification,failed save turns the target to stone,,inflicts,heuristic,UA,67,ILLUSIONIST SPELLS,explicit_rule,page-sweep,optional,,,
spell_chromatic_orb,Ashen Orb,TRIGGERS,death_character,Death,failed save is fatal,,neutral,unset,UA,67,ILLUSIONIST SPELLS,explicit_rule,page-sweep,optional,,,
spell_cure_blindness,Cure Blindness,OVERRIDES,spell_chromatic_orb,Amber Orb Blindness,negates the effect,,neutral,derived,UA,67,ILLUSIONIST SPELLS,explicit_rule,page-sweep,optional,later_publication,,
comeliness,Illusionist Comeliness,RESOLVED_BY,spell_fascinate,Fascinate,obedience checked against comeliness,,governs,derived,UA,68,ILLUSIONIST SPELLS (2ND LEVEL),explicit_rule,page-sweep,optional,,,
spell_fascinate,Fascinate,TRIGGERS,save_spell,Saving Throw vs Spell,target may resist entirely,,inflicts,heuristic,UA,68,ILLUSIONIST SPELLS (2ND LEVEL),explicit_rule,page-sweep,optional,,,
rule_request_danger,Hazardous Requests,MODIFIES,spell_fascinate,Obedience Check,dangerous demands worsen the roll,,neutral,unset,UA,68,ILLUSIONIST SPELLS (2ND LEVEL),explicit_rule,page-sweep,optional,,,
spell_fascinate,Exceeded Comeliness,TRIGGERS,cbt_encounter_reactions,Rage and Hate,the spell shatters and the subject turns hostile,,neutral,unset,UA,68,ILLUSIONIST SPELLS (2ND LEVEL),explicit_rule,page-sweep,optional,,,
monster_intelligence,Animal Intelligence,CONSTRAINS,spell_fascinate,Duration,ordinary creatures remain fascinated only days,,neutral,unset,UA,68,ILLUSIONIST SPELLS (2ND LEVEL),explicit_rule,page-sweep,optional,,,
rule_character_actions,Good Treatment,MODIFIES,spell_fascinate,Voluntary Loyalty,kindness may convert the subject permanently,,neutral,unset,UA,68,ILLUSIONIST SPELLS (2ND LEVEL),explicit_rule,page-sweep,optional,,,
comeliness,Comeliness,FEEDS_INTO,hench_loyalty,Voluntary Following,chance of befriending scales with comeliness,,neutral,derived,UA,68,ILLUSIONIST SPELLS (2ND LEVEL),explicit_rule,page-sweep,optional,,,
spell_dream,Dream,CONSUMES,rule_rest,Sleep,requires eight undisturbed hours,,neutral,derived,UA,70,ILLUSIONIST SPELLS (5TH LEVEL),explicit_rule,page-sweep,optional,,,
spell_dream,Dream,MODIFIES,rule_hit_points,Hit Points,may restore lost points,,neutral,unset,UA,70,ILLUSIONIST SPELLS (5TH LEVEL),explicit_rule,page-sweep,optional,,,
spell_dream,Dream,OVERRIDES,rule_body_part_loss,Body Member Loss,may restore a lost hand or foot,,neutral,derived,UA,70,ILLUSIONIST SPELLS (5TH LEVEL),explicit_rule,page-sweep,optional,later_publication,,
spell_dream,Dream,FEEDS_INTO,tbl_treasure_map,Treasure Location,improves chances of finding riches,,neutral,derived,UA,70,ILLUSIONIST SPELLS (5TH LEVEL),explicit_rule,page-sweep,optional,,,
spell_dream,Dream,FEEDS_INTO,ex_mapping,Safe Path,locates a route through wilderness,,neutral,derived,UA,70,ILLUSIONIST SPELLS (5TH LEVEL),explicit_rule,page-sweep,optional,,,
spell_dream,Dream Scrying,TRIGGERS,save_spell,Saving Throw vs Spell,powerful creatures may detect the scrying,,inflicts,heuristic,UA,70,ILLUSIONIST SPELLS (5TH LEVEL),explicit_rule,page-sweep,optional,,,
monster_hd,Hit Dice,GATES,spell_dream,Scrying Detection,only stronger creatures get the save,,enables,derived,UA,70,ILLUSIONIST SPELLS (5TH LEVEL),explicit_rule,page-sweep,optional,,,
spell_dream,Dream,CONSTRAINS,death_character,Revival,dreamed life is strictly temporary,,neutral,unset,UA,70,ILLUSIONIST SPELLS (5TH LEVEL),explicit_rule,page-sweep,optional,,,
exp_level,Caster Level,CONSTRAINS,spell_dream,Temporary Effect,duration of dreamed results scales with level,,neutral,unset,UA,70,ILLUSIONIST SPELLS (5TH LEVEL),explicit_rule,page-sweep,optional,,,
rule_dm_discretion,DM Limits,CONSTRAINS,spell_dream,Dream,results must be strictly bounded,,neutral,unset,UA,70,ILLUSIONIST SPELLS (5TH LEVEL),explicit_rule,page-sweep,optional,,,
item_oil_sharpness,Oil of Sharpness,MODIFIES,cbt_tohit,To-Hit Roll,bonus determined randomly,,neutral,unset,UA,91,TREASURE (POTIONS),explicit_rule,page-sweep,optional,,,
item_oil_sharpness,Oil of Sharpness,MODIFIES,cbt_damage,Damage,bonus determined randomly,,neutral,unset,UA,91,TREASURE (POTIONS),explicit_rule,page-sweep,optional,,,
item_oil_timelessness,Oil of Timelessness,OVERRIDES,rule_aging,Aging,a year passes as a day for the coated object,,neutral,derived,UA,91,TREASURE (POTIONS),explicit_rule,page-sweep,optional,later_publication,,
item_oil_timelessness,Oil of Timelessness,MODIFIES,item_saving_throw,Item Saving Throw,coated objects gain a bonus,,neutral,unset,UA,91,TREASURE (POTIONS),explicit_rule,page-sweep,optional,,,
rule_item_material,Formerly Living Matter,GATES,item_oil_timelessness,Oil of Timelessness,works only on organic substances,,enables,derived,UA,91,TREASURE (POTIONS),explicit_rule,page-sweep,optional,,,
item_philter_beauty,Philter of Beauty,MODIFIES,abil_charisma,Charisma,temporary increase to a ceiling,,neutral,unset,UA,91,TREASURE (POTIONS),explicit_rule,page-sweep,optional,,,
item_philter_beauty,Philter of Beauty,MODIFIES,comeliness,Comeliness,temporary increase,,neutral,unset,UA,91,TREASURE (POTIONS),explicit_rule,page-sweep,optional,,,
item_philter_beauty,Expiry in View,TRIGGERS,cbt_encounter_reactions,Hostile Reaction,influenced creatures attack when the effect lapses,,neutral,unset,UA,91,TREASURE (POTIONS),explicit_rule,page-sweep,optional,,,
item_scroll,Protection from Poison,EXCLUDES,save_poison,Poison,no form of poison affects the reader,,negates,derived,UA,92,TREASURE (SCROLLS),explicit_rule,page-sweep,optional,,,
item_scroll,Protection from Poison,OVERRIDES,save_poison,Existing Poison,neutralises poison already in the system,,neutral,derived,UA,92,TREASURE (SCROLLS),explicit_rule,page-sweep,optional,later_publication,,
item_scroll,Protection from Traps,EXCLUDES,tbl_traps,Traps,traps do not function against the protected,,negates,derived,UA,92,TREASURE (SCROLLS),explicit_rule,page-sweep,optional,,,
item_scroll,Protection from Traps,EXCLUDED_FROM,thief_find_remove_traps,Trap Detection,protection never reveals the trap,,negates,derived,UA,92,TREASURE (SCROLLS),explicit_rule,page-sweep,optional,,,
rule_trap_type,Mechanical or Magical,GATES,item_scroll,Protection from Traps,three varieties with different coverage,,enables,derived,UA,92,TREASURE (SCROLLS),explicit_rule,page-sweep,optional,,,
time_segment_round_turn,Reading Time,CONSTRAINS,item_scroll,Protection Scrolls,broader protection takes longer to invoke,,neutral,unset,UA,92,TREASURE (SCROLLS),explicit_rule,page-sweep,optional,,,
item_ring_faerie,Ring of Faerie,GATES,race_elf,Elven Abilities,wearer performs elven functions,,enables,derived,UA,93,TREASURE (RINGS),explicit_rule,page-sweep,optional,,,
sys_alignment,Ring Alignment,GATES,item_ring_faerie,Ring of Faerie,mismatched alignment prevents function,,enables,derived,UA,93,TREASURE (RINGS),explicit_rule,page-sweep,optional,,,
item_ring_faerie,Ring of Faerie,GATES,rule_concealment,Woodland Concealment,detectable only by invisibility detection,,enables,derived,UA,93,TREASURE (RINGS),explicit_rule,page-sweep,optional,,,
item_ring_faerie,Ring of Faerie,GATES,thief_move_silently,Move Silently,silent movement with a fixed chance,,enables,derived,UA,93,TREASURE (RINGS),explicit_rule,page-sweep,optional,,,
sys_armor,Metal Armor,EXCLUDES,item_ring_faerie,Silent Movement,armor negates the ability,,negates,derived,UA,93,TREASURE (RINGS),explicit_rule,page-sweep,optional,,,
item_ring_faerie,Silent Movement,MODIFIES,cbt_surprise,Surprise,improves the surprise roll,,neutral,unset,UA,93,TREASURE (RINGS),explicit_rule,page-sweep,optional,,,
item_ring_faerie,Failed Silence,TRIGGERS,rule_noise,Noise,the failure margin sets the audible distance,,neutral,unset,UA,93,TREASURE (RINGS),explicit_rule,page-sweep,optional,,,
item_ring_faerie,Ring of Faerie,GATES,race_infravision,Infravision,bestowed on the wearer,,enables,derived,UA,93,TREASURE (RINGS),explicit_rule,page-sweep,optional,,,
item_ring_faerie,Ring of Faerie,GATES,ex_secret_doors,Secret Door Detection,elven passive and active detection,,enables,derived,UA,93,TREASURE (RINGS),explicit_rule,page-sweep,optional,,,
item_ring_jumping,Ring of Jumping,GATES,ex_movement_rate,Leaping,forward backward and vertical jumps,,enables,derived,UA,93,TREASURE (RINGS),explicit_rule,page-sweep,optional,,,
item_scroll,Protection from Acid,EXCLUDES,cbt_damage,Acid Damage,a distinct protection variety,,negates,derived,UA,85,III.B.2. SCROLLS,explicit_rule,page-sweep,optional,,,
item_scroll,Protection from Breath Weapons,EXCLUDES,save_breath,Breath Weapons,separate dragon and non-dragon varieties,,negates,derived,UA,85,III.B.2. SCROLLS,explicit_rule,page-sweep,optional,,,
item_scroll,Protection from Illusions,EXCLUDES,rule_illusion,Illusions,a distinct protection variety,,negates,derived,UA,85,III.B.2. SCROLLS,explicit_rule,page-sweep,optional,,,
item_scroll,Protection from Paralyzation,EXCLUDES,rule_immobile,Paralysis,a distinct protection variety,,negates,derived,UA,85,III.B.2. SCROLLS,explicit_rule,page-sweep,optional,,,
item_scroll,Protection from Petrification,EXCLUDES,save_petrify,Petrification,a distinct protection variety,,negates,derived,UA,85,III.B.2. SCROLLS,explicit_rule,page-sweep,optional,,,
item_scroll,Protection from Possession,EXCLUDES,spell_magic_jar,Possession,a distinct protection variety,,negates,derived,UA,85,III.B.2. SCROLLS,explicit_rule,page-sweep,optional,,,
item_scroll,Protection from Magical Weapons,EXCLUDES,item_magic_weapon,Magic Weapons,separate blunt and edged varieties,,negates,derived,UA,85,III.B.2. SCROLLS,explicit_rule,page-sweep,optional,,,
item_scroll,Cursed Scroll,DERIVED_FROM,cursed_item,Cursed Item,appears among the scroll results,,neutral,derived,UA,85,III.B.2. SCROLLS,explicit_rule,page-sweep,optional,,,
rule_dm_discretion,DM Encouragement,GATES,item_scroll,Cursed Scroll,the referee is urged to induce reading,,enables,derived,UA,85,III.B.2. SCROLLS,explicit_rule,page-sweep,optional,,,
sys_classes,Class Restriction,CONSTRAINS,item_wand,Wands,entries tagged by permitted class,,neutral,unset,UA,86,III.D.2. WANDS,explicit_rule,page-sweep,optional,,,
rule_charges,Full Charges,CONSTRAINS,xp_magic_items,Experience Point Value,values assume a full item,,neutral,unset,UA,86,III.D.2. WANDS,explicit_rule,page-sweep,optional,,,
item_wand,Wand of Wonder,TRIGGERS,rule_dm_discretion,Random Effect,unpredictable results,,neutral,unset,UA,86,III.D.2. WANDS,inferred_rule,page-sweep,optional,,,
item_magic_item,Amulet Versus Undead,MODIFIES,xp_magic_items,Experience Point Value,value scales per level of the item,,neutral,unset,UA,88,TABLE III.E.6.,explicit_rule,page-sweep,optional,,,
item_magic_item,Anything Item,ALTERNATIVE_TO,item_magic_item,Any Known Item,duplicates other items,,neutral,derived,UA,88,TABLE III.E.6.,explicit_rule,page-sweep,optional,,,
item_magic_item,Dust and Pinch Items,CONSTRAINS,xp_magic_items,Experience Point Value,valued per pinch rather than per item,,neutral,unset,UA,88,TABLE III.E.6.,explicit_rule,page-sweep,optional,,,
class_magic_user,Magic-User,GATES,item_magic_item,Boccob's Blessed Book,class-restricted item,,enables,derived,UA,88,TABLE III.E.6.,explicit_rule,page-sweep,optional,,,
class_fighter,Fighter,GATES,item_magic_item,Bracers of Archery,class-restricted item,,enables,derived,UA,88,TABLE III.E.6.,explicit_rule,page-sweep,optional,,,
class_cleric,Cleric,GATES,item_magic_item,Dicerion of Light and Darkness,class-restricted item,,enables,derived,UA,88,TABLE III.E.6.,explicit_rule,page-sweep,optional,,,
rule_generation_method_v,Method V,ALTERNATIVE_TO,rule_ability_generation,Ability Score Generation,class-targeted generation,,neutral,derived,UA,74,GENERATION OF ABILITY SCORES,explicit_rule,page-sweep,optional,,,
race_any,Human,GATES,rule_generation_method_v,Method V,humans only,,enables,derived,UA,74,GENERATION OF ABILITY SCORES,explicit_rule,page-sweep,optional,,,
sys_classes,Desired Class,FEEDS_INTO,rule_generation_method_v,Dice Allocation,dice per ability vary by class,,neutral,derived,UA,74,GENERATION OF ABILITY SCORES,explicit_rule,page-sweep,optional,,,
rule_generation_method_v,Method V,OVERRIDES,sys_ability_scores,Minimum Requirement,scores are raised to the class minimum,,neutral,derived,UA,74,GENERATION OF ABILITY SCORES,explicit_rule,page-sweep,optional,later_publication,,
rule_generation_method_v,Method V,CONSTRAINS,sys_ability_scores,Maximum Allowable,scores are lowered to the class maximum,,neutral,unset,UA,74,GENERATION OF ABILITY SCORES,explicit_rule,page-sweep,optional,,,
comeliness,Comeliness,DERIVED_FROM,rule_generation_method_v,Method V,generated alongside the six core scores,,neutral,derived,UA,74,GENERATION OF ABILITY SCORES,explicit_rule,page-sweep,optional,,,
rule_dm_discretion,DM Approval,GATES,rule_generation_method_v,Class Selection,the referee must approve the chosen class,,enables,derived,UA,74,GENERATION OF ABILITY SCORES,explicit_rule,page-sweep,optional,,,
class_barbarian,Barbarian,CONSTRAINS,abil_wisdom,Wisdom,a maximum rather than a minimum,,neutral,unset,UA,74,GENERATION OF ABILITY SCORES,explicit_rule,page-sweep,optional,,,
rule_multiclass,Multi-Class,EXCLUDED_FROM,prof_specialization,Weapon Specialization,single-classed characters only,,negates,derived,UA,18,CHARACTER CLASSES (FIGHTER),explicit_rule,page-sweep,optional,,,
rule_char_gen,Character Creation,GATES,prof_specialization,Weapon Specialization,the choice must be made at creation,,enables,derived,UA,18,CHARACTER CLASSES (FIGHTER),explicit_rule,page-sweep,optional,,,
prof_specialization,Weapon Specialization,CONSUMES,prof_weapon,Proficiency Slots,costs two slots,,neutral,derived,UA,18,CHARACTER CLASSES (FIGHTER),explicit_rule,page-sweep,optional,,,
sys_equipment,Bow Specialization,CONSUMES,prof_weapon,Proficiency Slots,bows cost an additional slot,,neutral,derived,UA,18,CHARACTER CLASSES (FIGHTER),explicit_rule,page-sweep,optional,,,
class_ranger,Ranger,GATES,prof_specialization,Weapon Specialization,available to the sub-class,,enables,derived,UA,18,CHARACTER CLASSES (FIGHTER),explicit_rule,page-sweep,optional,,,
class_cavalier,Cavalier,GATES,hench_henchmen,Cavalier Retainers,distinct retainer rules,,enables,derived,UA,75,Henchmen (Retainers) for Cavaliers,explicit_rule,page-sweep,optional,,,
rule_hit_points,Starting Hit Points,MODIFIES,rule_char_gen,Character Generation,revised starting hit point rules,,neutral,unset,UA,74,Starting Hit Points for Player Characters,explicit_rule,page-sweep,optional,,,
spell_endure_cold_heat,Endure Cold/Heat,EXCLUDES,rule_temperature,Exposure Damage,protects across a wide temperature band,,negates,derived,UA,33,CLERIC SPELLS (1ST LEVEL),explicit_rule,page-sweep,optional,,,
rule_temperature,Temperature Extremes,MODIFIES,rule_hit_points,Exposure Damage,damage per degree beyond the limit,,neutral,unset,UA,33,CLERIC SPELLS (1ST LEVEL),explicit_rule,page-sweep,optional,,,
spell_endure_cold_heat,Endure Cold/Heat,MODIFIES,rule_temperature,Exposure Rate,damage rate drops from per turn to per hour,,neutral,unset,UA,33,CLERIC SPELLS (1ST LEVEL),explicit_rule,page-sweep,optional,,,
rule_magical_attack,Magical Cold or Heat,OVERRIDES,spell_endure_cold_heat,Endure Cold/Heat,either form cancels either application,,neutral,derived,UA,33,CLERIC SPELLS (1ST LEVEL),explicit_rule,page-sweep,optional,later_publication,,
monster_dragon,White Dragon Breath,TRIGGERS,spell_endure_cold_heat,Spell Cancellation,counts as magical cold,,neutral,unset,UA,33,CLERIC SPELLS (1ST LEVEL),explicit_rule,page-sweep,optional,,,
spell_endure_cold_heat,Spell Breaking,EXCLUDES,cbt_damage,Damage,the recipient takes none in the breaking round,,negates,derived,UA,33,CLERIC SPELLS (1ST LEVEL),explicit_rule,page-sweep,optional,,,
spell_enthrall,Enthrall,TRIGGERS,save_spell,Saving Throw vs Spell,listeners may resist,,inflicts,heuristic,UA,35,CLERIC SPELLS (2ND LEVEL),explicit_rule,page-sweep,optional,,,
rule_languages,Shared Language,GATES,spell_enthrall,Enthrall,the audience must understand the speech,,enables,derived,UA,35,CLERIC SPELLS (2ND LEVEL),explicit_rule,page-sweep,optional,,,
race_any,Racial Relationship,MODIFIES,spell_enthrall,Saving Throw,unfriendly races save at a bonus,,neutral,unset,UA,35,CLERIC SPELLS (2ND LEVEL),explicit_rule,page-sweep,optional,,,
exp_level,Level or Hit Dice,EXCLUDES,spell_enthrall,Enthrall,stronger creatures cannot be enthralled,,negates,derived,UA,35,CLERIC SPELLS (2ND LEVEL),explicit_rule,page-sweep,optional,,,
abil_wisdom,Wisdom,EXCLUDES,spell_enthrall,Enthrall,high wisdom prevents the effect,,negates,derived,UA,35,CLERIC SPELLS (2ND LEVEL),explicit_rule,page-sweep,optional,,,
spell_enthrall,Enthrall,OVERRIDES,abil_charisma,Perceived Charisma,the cleric is seen as having superhuman charisma,,neutral,derived,UA,35,CLERIC SPELLS (2ND LEVEL),explicit_rule,page-sweep,optional,later_publication,,
spell_enthrall,Enthrall,MODIFIES,hench_loyalty,Loyalty Base,large perceived loyalty bonus,,neutral,unset,UA,35,CLERIC SPELLS (2ND LEVEL),explicit_rule,page-sweep,optional,,,
spell_enthrall,Enthrall,MODIFIES,cbt_encounter_reactions,Reaction Adjustment,large perceived reaction bonus,,neutral,unset,UA,35,CLERIC SPELLS (2ND LEVEL),explicit_rule,page-sweep,optional,,,
spell_enthrall,Enthrall,EXCLUDES,spell_suggestion,Suggestion,listeners will not act on what they hear,,negates,derived,UA,35,CLERIC SPELLS (2ND LEVEL),explicit_rule,page-sweep,optional,,,
cbt_melee,Attacking the Cleric,OVERRIDES,spell_enthrall,Enthrall,any hit or spell instantly cancels it,,neutral,derived,UA,35,CLERIC SPELLS (2ND LEVEL),explicit_rule,page-sweep,optional,later_publication,,
rule_declared_action,Any Other Action,OVERRIDES,spell_enthrall,Enthrall,the cleric must do nothing but speak,,neutral,derived,UA,35,CLERIC SPELLS (2ND LEVEL),explicit_rule,page-sweep,optional,later_publication,,
spell_taunt,Taunt,TRIGGERS,cbt_melee,Forced Melee,affected creatures rush to attack the caster,,neutral,unset,UA,53,MAGIC-USER SPELLS (2ND LEVEL),explicit_rule,page-sweep,optional,,,
spell_taunt,Taunt,CONSTRAINS,cbt_missile,Ranged Attack,victims close to melee rather than shoot,,neutral,unset,UA,53,MAGIC-USER SPELLS (2ND LEVEL),explicit_rule,page-sweep,optional,,,
monster_intelligence,Intelligence,GATES,spell_taunt,Taunt,minimum intelligence required to be affected,,enables,derived,UA,53,MAGIC-USER SPELLS (2ND LEVEL),explicit_rule,page-sweep,optional,,,
exp_level,Caster Level,MODIFIES,spell_taunt,Area of Effect,hit dice affected scale with level,,neutral,unset,UA,53,MAGIC-USER SPELLS (2ND LEVEL),explicit_rule,page-sweep,optional,,,
spell_taunt,Taunt,CONSTRAINS,gen_random_encounter,Mixed Groups,only one creature type may be affected,,neutral,unset,UA,53,MAGIC-USER SPELLS (2ND LEVEL),explicit_rule,page-sweep,optional,,,
rule_barrier,Impassable Boundary,OVERRIDES,spell_taunt,Taunt,separation breaks the compulsion,,neutral,derived,UA,53,MAGIC-USER SPELLS (2ND LEVEL),explicit_rule,page-sweep,optional,later_publication,,
spell_air_walk,Air Walk,GATES,ex_movement_rate,Aerial Movement,tread upon air as solid ground,,enables,derived,UA,39,CLERIC SPELLS (5TH LEVEL),explicit_rule,page-sweep,optional,,,
spell_air_walk,Ascent Angle,MODIFIES,ex_movement_rate,Movement Rate,steeper climbs are proportionally slower,,neutral,unset,UA,39,CLERIC SPELLS (5TH LEVEL),explicit_rule,page-sweep,optional,,,
spell_air_walk,Air Walk,EXCLUDES,ex_falling,Falling Damage,the walker controls the descent rate,,negates,derived,UA,39,CLERIC SPELLS (5TH LEVEL),explicit_rule,page-sweep,optional,,,
spell_gust_of_wind,Gust of Wind,MODIFIES,spell_air_walk,Air Walk,halves or doubles movement by direction,,neutral,unset,UA,39,CLERIC SPELLS (5TH LEVEL),explicit_rule,page-sweep,optional,,,
spell_cantrip,Tangle,MODIFIES,rule_entanglement,Entanglement,twists fine materials together,,neutral,unset,UA,48,MAGIC-USER SPELLS (CANTRIPS),explicit_rule,page-sweep,optional,,,
spell_cantrip,Tangle,CONSUMES,rule_time,Time,untangling takes rounds,,neutral,derived,UA,48,MAGIC-USER SPELLS (CANTRIPS),explicit_rule,page-sweep,optional,,,
spell_cantrip,Tangle,EXCLUDED_FROM,sys_equipment,Heavy Material,will not affect rope,,negates,derived,UA,48,MAGIC-USER SPELLS (CANTRIPS),explicit_rule,page-sweep,optional,,,
spell_cantrip,Tarnish,TRIGGERS,rule_item_destruction,Corrosion,covers an object in rust or verdigris,,neutral,unset,UA,48,MAGIC-USER SPELLS (CANTRIPS),explicit_rule,page-sweep,optional,,,
spell_leomunds_belabourment,Leomund's Lamentable Belabourment,TRIGGERS,save_spell,Saving Throw vs Spell,targets may resist,,inflicts,heuristic,UA,59,MAGIC-USER SPELLS (6TH LEVEL),explicit_rule,page-sweep,optional,,,
abil_intelligence,Target Intelligence,MODIFIES,save_spell,Saving Throw,graduated modifier by intelligence band,,improves,heuristic,UA,59,MAGIC-USER SPELLS (6TH LEVEL),explicit_rule,page-sweep,optional,,,
monster_intelligence,Very Low Intelligence,EXCLUDES,spell_leomunds_belabourment,Belabourment,unintelligent creatures are unaffected,,negates,derived,UA,59,MAGIC-USER SPELLS (6TH LEVEL),explicit_rule,page-sweep,optional,,,
rule_languages,Shared Language,GATES,spell_leomunds_belabourment,Belabourment,targets must understand the speech,,enables,derived,UA,59,MAGIC-USER SPELLS (6TH LEVEL),explicit_rule,page-sweep,optional,,,
spell_leomunds_belabourment,Belabourment,CONSTRAINS,rule_declared_action,Target Action,victims ignore everything but the argument,,neutral,unset,UA,59,MAGIC-USER SPELLS (6TH LEVEL),explicit_rule,page-sweep,optional,,,
cbt_melee,Attacking the Victims,OVERRIDES,spell_leomunds_belabourment,Belabourment,an attack breaks the fascination,,neutral,derived,UA,59,MAGIC-USER SPELLS (6TH LEVEL),explicit_rule,page-sweep,optional,later_publication,,
spell_leomunds_belabourment,Belabourment,TRIGGERS,spell_confusion,Confusion,a later stage of the effect,,neutral,unset,UA,59,MAGIC-USER SPELLS (6TH LEVEL),explicit_rule,page-sweep,optional,,,
spell_leomunds_belabourment,Belabourment,TRIGGERS,cbt_melee,Rage,the final stage turns victims violent,,neutral,unset,UA,59,MAGIC-USER SPELLS (6TH LEVEL),explicit_rule,page-sweep,optional,,,
rule_spell_casting,Maintaining Conversation,CONSTRAINS,spell_leomunds_belabourment,Belabourment,the caster must keep talking,,neutral,unset,UA,59,MAGIC-USER SPELLS (6TH LEVEL),explicit_rule,page-sweep,optional,,,
spell_goodberry,Goodberry,ALTERNATIVE_TO,rule_provisions,Provisions,a berry nourishes as a full meal,,neutral,derived,UA,43,DRUID SPELLS (3RD LEVEL),explicit_rule,page-sweep,optional,,,
spell_goodberry,Goodberry,MODIFIES,rule_hit_points,Hit Points,each berry cures a point,,neutral,unset,UA,43,DRUID SPELLS (3RD LEVEL),explicit_rule,page-sweep,optional,,,
spell_goodberry,Goodberry,CONSTRAINS,rule_hit_points,Daily Cure Limit,capped healing in any day,,neutral,unset,UA,43,DRUID SPELLS (3RD LEVEL),explicit_rule,page-sweep,optional,,,
spell_goodberry,Badberry,TRIGGERS,save_poison,Poison Damage,no saving throw permitted,,inflicts,heuristic,UA,43,DRUID SPELLS (3RD LEVEL),explicit_rule,page-sweep,optional,,,
spell_goodberry,Badberry,MODIFIES,rule_disguise,Appearance,rotten berries appear wholesome,,neutral,unset,UA,43,DRUID SPELLS (3RD LEVEL),explicit_rule,page-sweep,optional,,,
class_druid,Druid,GATES,spell_goodberry,Berry Detection,druids of sufficient level discern the affected berries,,enables,derived,UA,43,DRUID SPELLS (3RD LEVEL),explicit_rule,page-sweep,optional,,,
spell_detect_magic,Detect Magic,FEEDS_INTO,spell_goodberry,Berry Detection,also reveals the dweomer,,neutral,derived,UA,43,DRUID SPELLS (3RD LEVEL),explicit_rule,page-sweep,optional,,,
spell_reflecting_pool,Reflecting Pool,ALTERNATIVE_TO,rule_scrying,Scrying,a natural pool serves as a crystal ball,,neutral,derived,UA,43,DRUID SPELLS (3RD LEVEL),explicit_rule,page-sweep,optional,,,
exp_level,Caster Level,CONSTRAINS,spell_reflecting_pool,Pool Diameter,size scales with level,,neutral,unset,UA,43,DRUID SPELLS (3RD LEVEL),explicit_rule,page-sweep,optional,,,
rule_terrain,Natural Setting,GATES,spell_reflecting_pool,Reflecting Pool,requires a natural pool of water,,enables,derived,UA,43,DRUID SPELLS (3RD LEVEL),explicit_rule,page-sweep,optional,,,
spell_casting_time,Casting Time,CONSTRAINS,spell_reflecting_pool,Reflecting Pool,hours of preparation required,,neutral,unset,UA,43,DRUID SPELLS (3RD LEVEL),explicit_rule,page-sweep,optional,,,
spell_moonbeam,Moonbeam,FEEDS_INTO,rule_light,Light,illuminates as moonlight,,neutral,derived,UA,44,DRUID SPELLS (5TH LEVEL),explicit_rule,page-sweep,optional,,,
spell_moonbeam,Moonbeam,CONSTRAINS,ex_light_vision,Colour Perception,only black grey and white are discernible,,neutral,unset,UA,44,DRUID SPELLS (5TH LEVEL),explicit_rule,page-sweep,optional,,,
spell_moonbeam,Moonbeam,EXCLUDED_FROM,race_infravision,Infravision,does not spoil heat sight,,negates,derived,UA,44,DRUID SPELLS (5TH LEVEL),explicit_rule,page-sweep,optional,,,
spell_moonbeam,Moonbeam,MODIFIES,rule_ultravision,Ultravision,enhances it to full potential,,neutral,unset,UA,44,DRUID SPELLS (5TH LEVEL),explicit_rule,page-sweep,optional,,,
spell_moonbeam,Moonbeam,EXCLUDES,rule_concealment,Concealment,a creature centred in the beam is certainly observed,,negates,derived,UA,44,DRUID SPELLS (5TH LEVEL),explicit_rule,page-sweep,optional,,,
spell_moonbeam,Moonbeam,CONSTRAINS,thief_hide_in_shadows,Hide in Shadows,the spell allows shadows but marks the target,,neutral,unset,UA,44,DRUID SPELLS (5TH LEVEL),inferred_rule,page-sweep,optional,,,
spell_cantrip,Tie,MODIFIES,sys_equipment,Cordage,knots rope and cable together,,neutral,unset,UA,47,MAGIC-USER SPELLS (CANTRIPS),explicit_rule,page-sweep,optional,,,
spell_cantrip,Warm,MODIFIES,rule_temperature,Temperature,raises a small area's temperature,,neutral,unset,UA,47,MAGIC-USER SPELLS (CANTRIPS),explicit_rule,page-sweep,optional,,,
spell_cantrip,Warm,CONSTRAINS,rule_temperature,Living Creatures,never exceeds normal body temperature,,neutral,unset,UA,47,MAGIC-USER SPELLS (CANTRIPS),explicit_rule,page-sweep,optional,,,
campaign_social_class,Social Standing,MODIFIES,rule_hit_points,Starting Hit Points,cavaliers roll different dice by birth,,neutral,unset,UA,13,CHARACTER CLASSES,explicit_rule,page-sweep,optional,,,
exp_level,Paladin Level,GATES,rule_cleric_spells,Clerical Spell Ability,gained at upper levels,,enables,derived,UA,13,CHARACTER CLASSES,explicit_rule,page-sweep,optional,,,
exp_level,Ranger Level,GATES,rule_druid_spells,Druidic Spell Ability,gained at upper levels,,enables,derived,UA,13,CHARACTER CLASSES,explicit_rule,page-sweep,optional,,,
exp_level,Ranger Level,GATES,rule_magic_user_spells,Magic-User Spell Ability,gained at upper levels,,enables,derived,UA,13,CHARACTER CLASSES,explicit_rule,page-sweep,optional,,,
class_ranger,Ranger,MODIFIES,rule_hit_points,Hit Dice,begins with two dice then one per level,,neutral,unset,UA,13,CHARACTER CLASSES,explicit_rule,page-sweep,optional,,,
exp_level,Thief or Assassin Level,GATES,thief_read_scrolls,Scroll Use,upper level thieves and assassins gain it,,enables,derived,UA,13,CHARACTER CLASSES,explicit_rule,page-sweep,optional,,,
exp_level,Grand Druid,GATES,class_druid,Hierophant,abdication opens the higher discipline,,enables,derived,UA,17,CHARACTER CLASSES (DRUID),explicit_rule,page-sweep,optional,,,
class_druid,Abdication,CONSUMES,sys_experience,Experience Points,the character drops to a single point,,neutral,derived,UA,17,CHARACTER CLASSES (DRUID),explicit_rule,page-sweep,optional,,,
class_druid,Abdication,CONSUMES,rule_cleric_spells,Bonus Spell Levels,six bonus spell levels are surrendered,,neutral,derived,UA,17,CHARACTER CLASSES (DRUID),explicit_rule,page-sweep,optional,,,
rule_tutor,Successor,GATES,class_druid,Abdication,a replacement must be found first,,enables,derived,UA,17,CHARACTER CLASSES (DRUID),explicit_rule,page-sweep,optional,,,
exp_level,Barbarian Level,FEEDS_INTO,rule_barbarian_horde,Barbarian Horde,horde size scales with experience points,,neutral,derived,UA,21,CHARACTER CLASSES (BARBARIAN),explicit_rule,page-sweep,optional,,,
rule_barbarian_horde,Barbarian Horde,CONSUMES,rule_time,Time,a week to gather,,neutral,derived,UA,21,CHARACTER CLASSES (BARBARIAN),explicit_rule,page-sweep,optional,,,
campaign_territory,Home Territory,GATES,rule_barbarian_horde,Barbarian Horde,gathered only in the homeland,,enables,derived,UA,21,CHARACTER CLASSES (BARBARIAN),explicit_rule,page-sweep,optional,,,
rule_quest,Stated Purpose,GATES,rule_barbarian_horde,Barbarian Horde,the horde requires a declared aim,,enables,derived,UA,21,CHARACTER CLASSES (BARBARIAN),explicit_rule,page-sweep,optional,,,
rule_quest,Deviation from Purpose,TRIGGERS,rule_barbarian_horde,Disbanding,the horde may break up,,neutral,unset,UA,21,CHARACTER CLASSES (BARBARIAN),explicit_rule,page-sweep,optional,,,
exp_level,Barbarian Level,CONSTRAINS,rule_barbarian_horde,Duration,weeks held equal the leader's levels,,neutral,unset,UA,21,CHARACTER CLASSES (BARBARIAN),explicit_rule,page-sweep,optional,,,
sys_treasure,Distributed Treasure,MODIFIES,rule_barbarian_horde,Duration,generous shares extend the term,,neutral,unset,UA,21,CHARACTER CLASSES (BARBARIAN),explicit_rule,page-sweep,optional,,,
class_thief_acrobat,Running Broad Jump,CONSTRAINS,ex_movement_rate,Run-Up,requires a minimum run,,neutral,unset,UA,24,CHARACTER CLASSES (THIEF-ACROBAT),explicit_rule,page-sweep,optional,,,
class_thief_acrobat,Extended Jump,TRIGGERS,rule_prone,Prone,extension lands the character prone,,neutral,unset,UA,24,CHARACTER CLASSES (THIEF-ACROBAT),explicit_rule,page-sweep,optional,,,
class_thief_acrobat,Extended Jump,TRIGGERS,rule_spell_failure,Failure Chance,greater extensions risk failure,,neutral,unset,UA,24,CHARACTER CLASSES (THIEF-ACROBAT),explicit_rule,page-sweep,optional,,,
class_thief_acrobat,Jumping,CONSUMES,time_segment_round_turn,Segments,recovery time scales with extension,,neutral,derived,UA,24,CHARACTER CLASSES (THIEF-ACROBAT),explicit_rule,page-sweep,optional,,,
class_thief_acrobat,Standing Jump,GATES,cbt_melee,Attack or Withdrawal,jumps may open or close melee range,,enables,derived,UA,24,CHARACTER CLASSES (THIEF-ACROBAT),explicit_rule,page-sweep,optional,,,
exp_level,Cleric Level,GATES,rule_ceremony,Ceremony,each rite requires a minimum level,,enables,derived,UA,32,CLERIC SPELLS (1ST LEVEL),explicit_rule,page-sweep,optional,,,
rule_ceremony,Ceremony,EXCLUDED_FROM,spell_detect_magic,Magical Aura,leaves no detectable magic,,negates,derived,UA,32,CLERIC SPELLS (1ST LEVEL),explicit_rule,page-sweep,optional,,,
rule_ceremony,Ceremony,FEEDS_INTO,sys_alignment,Good or Evil Aura,some rites leave a detectable alignment aura,,neutral,derived,UA,32,CLERIC SPELLS (1ST LEVEL),explicit_rule,page-sweep,optional,,,
rule_deity,Religion,MODIFIES,rule_ceremony,Ceremony,rites vary between faiths,,neutral,unset,UA,32,CLERIC SPELLS (1ST LEVEL),explicit_rule,page-sweep,optional,,,
spell_remove_paralysis,Remove Paralysis,OVERRIDES,rule_immobile,Paralysis,frees affected creatures,,neutral,derived,UA,37,CLERIC SPELLS (3RD LEVEL),explicit_rule,page-sweep,optional,later_publication,,
spell_remove_paralysis,Remove Paralysis,OVERRIDES,spell_hold_person,Hold Spells,also frees held creatures,,neutral,derived,UA,37,CLERIC SPELLS (3RD LEVEL),explicit_rule,page-sweep,optional,later_publication,,
rule_barrier,Physical or Magical Barrier,EXCLUDES,spell_remove_paralysis,Remove Paralysis,any barrier wastes the spell,,negates,derived,UA,37,CLERIC SPELLS (3RD LEVEL),explicit_rule,page-sweep,optional,,,
spell_remove_paralysis,Remove Paralysis,TRIGGERS,save_matrix,New Saving Throw,each target gains a fresh save,,inflicts,heuristic,UA,37,CLERIC SPELLS (3RD LEVEL),explicit_rule,page-sweep,optional,,,
spell_remove_paralysis,Number of Targets,MODIFIES,save_matrix,Saving Throw Bonus,fewer targets receive a larger bonus,,inflicts,heuristic,UA,37,CLERIC SPELLS (3RD LEVEL),explicit_rule,page-sweep,optional,,,
spell_sunray,Sunray,TRIGGERS,ex_light_vision,Blindness,blinds creatures in the area,,neutral,unset,UA,45,DRUID SPELLS (7TH LEVEL),explicit_rule,page-sweep,optional,,,
rule_ultravision,Ultravision,MODIFIES,spell_sunray,Blindness Duration,ultravision users are blinded longer,,neutral,unset,UA,45,DRUID SPELLS (7TH LEVEL),explicit_rule,page-sweep,optional,,,
monster_special,Light-Sensitive Creatures,MODIFIES,spell_sunray,Blindness,permanent blindness unless saved,,neutral,unset,UA,45,DRUID SPELLS (7TH LEVEL),explicit_rule,page-sweep,optional,,,
spell_sunray,Sunray,EXCLUDES,race_infravision,Infravision,suppressed for rounds inside and near the area,,negates,derived,UA,45,DRUID SPELLS (7TH LEVEL),explicit_rule,page-sweep,optional,,,
spell_sunray,Sunray,TRIGGERS,monster_undead,Undead,acts as true sunlight against them,,neutral,unset,UA,45,DRUID SPELLS (7TH LEVEL),explicit_rule,page-sweep,optional,,,
spell_cantrip,Exterminate,TRIGGERS,death_character,Pest Death,kills a small creature outright,,neutral,unset,UA,46,MAGIC-USER SPELLS (CANTRIPS),explicit_rule,page-sweep,optional,,,
spell_cantrip,Exterminate,EXCLUDED_FROM,spell_polymorph_other,Polymorphed Creatures,has no effect on enchanted beings,,negates,derived,UA,46,MAGIC-USER SPELLS (CANTRIPS),explicit_rule,page-sweep,optional,,,
spell_cantrip,Exterminate,GATES,monster_special,Magical Creations,effective against magical vermin,,enables,derived,UA,46,MAGIC-USER SPELLS (CANTRIPS),explicit_rule,page-sweep,optional,,,
spell_cantrip,Present,GATES,rule_declared_action,Item Retrieval,calls a small object to the hand,,enables,derived,UA,49,MAGIC-USER SPELLS (CANTRIPS),explicit_rule,page-sweep,optional,,,
rule_player_knowledge,Exact Knowledge,GATES,spell_cantrip,Present,the caster must know the object and its location,,enables,derived,UA,49,MAGIC-USER SPELLS (CANTRIPS),explicit_rule,page-sweep,optional,,,
spell_cantrip,Present,TRIGGERS,save_spell,Saving Throw vs Spell,taking from a person allows a save,,inflicts,heuristic,UA,49,MAGIC-USER SPELLS (CANTRIPS),explicit_rule,page-sweep,optional,,,
tbl_height_weight,Object Size,CONSTRAINS,spell_cantrip,Present,larger objects exhaust the cantrip,,governs,heuristic,UA,49,MAGIC-USER SPELLS (CANTRIPS),explicit_rule,page-sweep,optional,,,
spell_cantrip,Haunting-Sound Cantrips,TRIGGERS,rule_noise,Noise,creaks footfalls moans and whistles,,neutral,unset,UA,51,MAGIC-USER SPELLS (1ST LEVEL),explicit_rule,page-sweep,optional,,,
spell_cantrip,Footfall,ALTERNATIVE_TO,thief_move_silently,Silent Movement,fakes an approach or a follower,,neutral,derived,UA,51,MAGIC-USER SPELLS (1ST LEVEL),inferred_rule,page-sweep,optional,,,
spell_cantrip,Haunting-Sound Cantrips,MODIFIES,cbt_encounter_reactions,Reactions,noises may mislead or unnerve,,neutral,unset,UA,51,MAGIC-USER SPELLS (1ST LEVEL),inferred_rule,page-sweep,optional,,,
spell_magic_armor,Magic Armor,MODIFIES,cbt_armor_class,Armor Class,acts as leather armor,,neutral,unset,UA,52,MAGIC-USER SPELLS (1ST LEVEL),explicit_rule,page-sweep,optional,,,
sys_armor,Existing Armor,EXCLUDES,spell_magic_armor,Magic Armor,no effect on an already armored person,,negates,derived,UA,52,MAGIC-USER SPELLS (1ST LEVEL),explicit_rule,page-sweep,optional,,,
monster_special,Natural Armor Class,MODIFIES,spell_magic_armor,Magic Armor,improves a naturally good AC by one step,,neutral,unset,UA,52,MAGIC-USER SPELLS (1ST LEVEL),explicit_rule,page-sweep,optional,,,
spell_magic_armor,Magic Armor,EXCLUDED_FROM,enc_encumbrance,Encumbrance,adds no weight and does not hinder movement,,negates,derived,UA,52,MAGIC-USER SPELLS (1ST LEVEL),explicit_rule,page-sweep,optional,,,
spell_magic_armor,Magic Armor,EXCLUDED_FROM,rule_spell_casting,Casting Restriction,does not prevent spell casting,,negates,derived,UA,52,MAGIC-USER SPELLS (1ST LEVEL),explicit_rule,page-sweep,optional,,,
cbt_damage,Cumulative Damage,TRIGGERS,spell_magic_armor,Spell Collapse,the field fails past a damage threshold,,neutral,unset,UA,52,MAGIC-USER SPELLS (1ST LEVEL),explicit_rule,page-sweep,optional,,,
exp_level,Caster Level,MODIFIES,spell_magic_armor,Damage Threshold,capacity scales with level,,neutral,unset,UA,52,MAGIC-USER SPELLS (1ST LEVEL),explicit_rule,page-sweep,optional,,,
spell_whip,Whip,TRIGGERS,save_spell,Saving Throw vs Spell,animals must resist the crack,,inflicts,heuristic,UA,55,MAGIC-USER SPELLS (3RD LEVEL),explicit_rule,page-sweep,optional,,,
spell_whip,Whip,MODIFIES,cbt_encounter_reactions,Animal Reaction,keeps normal animals at bay,,neutral,unset,UA,55,MAGIC-USER SPELLS (3RD LEVEL),explicit_rule,page-sweep,optional,,,
spell_whip,Struck Animal,TRIGGERS,cbt_flee,Flight,driven off for an hour,,neutral,unset,UA,55,MAGIC-USER SPELLS (3RD LEVEL),explicit_rule,page-sweep,optional,,,
spell_whip,Whip,RESOLVED_BY,cbt_tohit,To-Hit Roll,a normal attack roll is required to strike,,governs,derived,UA,55,MAGIC-USER SPELLS (3RD LEVEL),explicit_rule,page-sweep,optional,,,
spell_sicken,Sicken,MODIFIES,sys_ability_scores,All Abilities,halves every ability score,,neutral,unset,UA,61,MAGIC-USER SPELLS (7TH LEVEL),explicit_rule,page-sweep,optional,,,
spell_sicken,Sicken,MODIFIES,ex_movement_rate,Movement Rate,halved and requiring rest,,neutral,unset,UA,61,MAGIC-USER SPELLS (7TH LEVEL),explicit_rule,page-sweep,optional,,,
spell_sicken,Sicken,CONSUMES,abil_constitution,Constitution,one point lost per day,,neutral,derived,UA,61,MAGIC-USER SPELLS (7TH LEVEL),explicit_rule,page-sweep,optional,,,
abil_constitution,Constitution Zero,TRIGGERS,death_character,Death,the victim dies when it reaches zero,,neutral,unset,UA,61,MAGIC-USER SPELLS (7TH LEVEL),explicit_rule,page-sweep,optional,,,
spell_dispel_magic,Dispel Magic,OVERRIDES,spell_sicken,Sicken,negates the effect,,neutral,derived,UA,61,MAGIC-USER SPELLS (7TH LEVEL),explicit_rule,page-sweep,optional,later_publication,,
monster_special,Creatures Without Ability Scores,EXCLUDED_FROM,spell_sicken,Sicken,unaffected,,negates,derived,UA,61,MAGIC-USER SPELLS (7TH LEVEL),explicit_rule,page-sweep,optional,,,
spell_truename,Truename,GATES,rule_information,True Name,power over any named living thing,,enables,derived,UA,63,MAGIC-USER SPELLS (8TH LEVEL),explicit_rule,page-sweep,optional,,,
hench_sage,Sagecraft,GATES,spell_truename,Truename,true names are discovered by research,,enables,derived,UA,63,MAGIC-USER SPELLS (8TH LEVEL),explicit_rule,page-sweep,optional,,,
spell_legend_lore,Legend Lore,GATES,spell_truename,Truename,extensive use required to learn a name,,enables,derived,UA,63,MAGIC-USER SPELLS (8TH LEVEL),explicit_rule,page-sweep,optional,,,
monster_hd,Subject Hit Dice,CONSUMES,money_gp,Special Inks,cost scales per hit die of the target,,neutral,derived,UA,63,MAGIC-USER SPELLS (8TH LEVEL),explicit_rule,page-sweep,optional,,,
spell_crystalbrittle,Crystalbrittle,TRIGGERS,rule_item_destruction,Shattering,metal becomes fragile as glass,,neutral,unset,UA,65,MAGIC-USER SPELLS (9TH LEVEL),explicit_rule,page-sweep,optional,,,
spell_crystalbrittle,Crystalbrittle,MODIFIES,sys_armor,Metal Armor,armor becomes easily shattered,,neutral,unset,UA,65,MAGIC-USER SPELLS (9TH LEVEL),explicit_rule,page-sweep,optional,,,
spell_crystalbrittle,Crystalbrittle,MODIFIES,monster_special,Metal Creatures,even an iron golem may be affected,,neutral,unset,UA,65,MAGIC-USER SPELLS (9TH LEVEL),explicit_rule,page-sweep,optional,,,
spell_dispel_magic,Dispel Magic,EXCLUDED_FROM,spell_crystalbrittle,Crystalbrittle,cannot reverse the change,,negates,derived,UA,65,MAGIC-USER SPELLS (9TH LEVEL),explicit_rule,page-sweep,optional,,,
spell_wish,Wish,OVERRIDES,spell_crystalbrittle,Crystalbrittle,the only means of restoration,,neutral,derived,UA,65,MAGIC-USER SPELLS (9TH LEVEL),explicit_rule,page-sweep,optional,later_publication,,
cbt_tohit,To-Hit Roll,GATES,spell_crystalbrittle,Crystalbrittle,touching a worn item requires a hit,,enables,derived,UA,65,MAGIC-USER SPELLS (9TH LEVEL),explicit_rule,page-sweep,optional,,,
spell_mirage_arcane,Mirage Arcane,TRIGGERS,rule_illusion,Illusion,makes an area appear otherwise,,neutral,unset,UA,71,ILLUSIONIST SPELLS (7TH LEVEL),explicit_rule,page-sweep,optional,,,
exp_level,Caster Level,MODIFIES,spell_mirage_arcane,Duration and Radius,both scale with level,,neutral,unset,UA,71,ILLUSIONIST SPELLS (7TH LEVEL),explicit_rule,page-sweep,optional,,,
rule_declared_action,Faint Concentration,CONSTRAINS,spell_mirage_arcane,Mirage Arcane,sustained while the caster concentrates,,neutral,unset,UA,71,ILLUSIONIST SPELLS (7TH LEVEL),explicit_rule,page-sweep,optional,,,
abil_intelligence,Intelligence,FEEDS_INTO,spell_cantrip,Useful Cantrips,one useful cantrip per point,,neutral,derived,UA,79,ACQUISITION OF CANTRIPS,explicit_rule,page-sweep,optional,,,
spell_cantrip,Useful Cantrips,OVERRIDES,rule_chance_know_spell,Random Determination,freely chosen rather than rolled,,neutral,derived,UA,79,ACQUISITION OF CANTRIPS,explicit_rule,page-sweep,optional,later_publication,,
spell_cantrip,Other Cantrip Categories,RESOLVED_BY,rule_chance_know_spell,Random Determination,numbers rolled per category,,governs,derived,UA,79,ACQUISITION OF CANTRIPS,explicit_rule,page-sweep,optional,,,
rule_apprenticeship,Apprenticeship,FEEDS_INTO,spell_cantrip,Cantrips,cantrips are learned during training,,neutral,derived,UA,79,ACQUISITION OF CANTRIPS,explicit_rule,page-sweep,optional,,,
rule_dm_discretion,DM Review,GATES,spell_cantrip,New Cantrips,the referee must approve invented cantrips,,enables,derived,UA,79,ACQUISITION OF CANTRIPS,explicit_rule,page-sweep,optional,,,
item_girdle_femininity,Girdle of Femininity/Masculinity,DERIVED_FROM,cursed_item,Cursed Item,awards no experience,,neutral,derived,UA,87,TREASURE (RANDOM DETERMINATION),explicit_rule,page-sweep,optional,,,
item_girdle_femininity,Girdle of Femininity/Masculinity,TRIGGERS,rule_sex,Sex Change,alters the wearer's sex,,neutral,unset,UA,87,TREASURE (RANDOM DETERMINATION),explicit_rule,page-sweep,optional,,,
item_periapt_health,Periapt of Health,OVERRIDES,rule_disease,Disease,wards the wearer,,neutral,derived,UA,87,TREASURE (RANDOM DETERMINATION),explicit_rule,page-sweep,optional,later_publication,,
item_periapt_poison,Periapt of Proof Against Poison,OVERRIDES,save_poison,Poison,wards the wearer,,neutral,derived,UA,87,TREASURE (RANDOM DETERMINATION),explicit_rule,page-sweep,optional,later_publication,,
item_periapt_wound,Periapt of Wound Closure,MODIFIES,rule_hit_points,Hit Points,speeds recovery,,neutral,unset,UA,87,TREASURE (RANDOM DETERMINATION),explicit_rule,page-sweep,optional,,,
class_cleric,Cleric,GATES,item_phylactery_faithfulness,Phylactery of Faithfulness,class-restricted item,,enables,derived,UA,87,TREASURE (RANDOM DETERMINATION),explicit_rule,page-sweep,optional,,,
item_magic_weapon,Sword vs Lycanthropes,MODIFIES,rule_lycanthropy,Lycanthropes,extra bonus against were-creatures,,neutral,unset,UA,89,III.G. SWORDS,explicit_rule,page-sweep,optional,,,
item_magic_weapon,Sword vs Regenerating Creatures,MODIFIES,monster_special,Regeneration,extra bonus against regenerators,,neutral,unset,UA,89,III.G. SWORDS,explicit_rule,page-sweep,optional,,,
item_magic_weapon,Flame Tongue,MODIFIES,monster_undead,Undead,graduated bonuses by creature type,,neutral,unset,UA,89,III.G. SWORDS,explicit_rule,page-sweep,optional,,,
item_magic_weapon,Sword of the Planes,GATES,rule_planar_travel,Planar Travel,functions across the planes,,enables,derived,UA,89,III.G. SWORDS,explicit_rule,page-sweep,optional,,,
monster_special,Target Creature Type,FEEDS_INTO,item_magic_weapon,Situational Bonus,swords vary their plus by opponent,,neutral,derived,UA,89,III.G. SWORDS,explicit_rule,page-sweep,optional,,,
item_zagygs_flagon,Zagyg's Flowing Flagon,GATES,rule_provisions,Drink,refills with progressively better liquor,,enables,derived,UA,104,TREASURE (MISCELLANEOUS MAGIC),explicit_rule,page-sweep,optional,,,
item_command_word,Magical Toast,GATES,item_zagygs_flagon,Zagyg's Flowing Flagon,a changing phrase activates it,,enables,derived,UA,104,TREASURE (MISCELLANEOUS MAGIC),explicit_rule,page-sweep,optional,,,
rule_player_character,Ownership,GATES,item_zagygs_flagon,Magical Writing,only the owner can read the toast,,enables,derived,UA,104,TREASURE (MISCELLANEOUS MAGIC),explicit_rule,page-sweep,optional,,,
rule_alcohol,Strong Drink,TRIGGERS,item_zagygs_flagon,Intoxication,later fillings become potent,,neutral,unset,UA,104,TREASURE (MISCELLANEOUS MAGIC),inferred_rule,page-sweep,optional,,,
race_dwarf,Dwarf,GATES,rule_deity,Dwarven Gods,dwarven clerics petition their own gods,,enables,derived,UA,110,APPENDIX S: NON-HUMAN DEITIES,explicit_rule,page-sweep,optional,,,
rule_deity,Dwarven Gods,FEEDS_INTO,sys_alignment,Alignment,each deity holds a defined alignment,,neutral,derived,UA,111,APPENDIX S: NON-HUMAN DEITIES,explicit_rule,page-sweep,optional,,,
rule_deity,Deity Followers,MODIFIES,cbt_encounter_reactions,Reputation,some deities' followers are distrusted,,neutral,unset,UA,111,APPENDIX S: NON-HUMAN DEITIES,explicit_rule,page-sweep,optional,,,
rule_deity,Non-Human Deity,DERIVED_FROM,monster_hd,Stat Block,deities carry armor class hit points and attacks,,neutral,derived,UA,113,APPENDIX S: NON-HUMAN DEITIES,explicit_rule,page-sweep,optional,,,
rule_deity,Non-Human Deity,FEEDS_INTO,magic_resistance,Magic Resistance,each deity has a resistance rating,,neutral,derived,UA,114,APPENDIX S: NON-HUMAN DEITIES,explicit_rule,page-sweep,optional,,,
rule_deity,Non-Human Deity,GATES,item_magic_weapon,Weapon Threshold,most require enchanted weapons to strike,,enables,derived,UA,118,APPENDIX S: NON-HUMAN DEITIES,explicit_rule,page-sweep,optional,,,
rule_deity,Extraordinary Service,TRIGGERS,item_magic_item,Divine Boon,exceptional worshipers may receive a gift,,neutral,unset,UA,114,APPENDIX S: NON-HUMAN DEITIES,explicit_rule,page-sweep,optional,,,
rule_deity,Divine Boon,CONSTRAINS,rule_player_character,Lifetime Limit,such a gift comes only once,,neutral,unset,UA,114,APPENDIX S: NON-HUMAN DEITIES,explicit_rule,page-sweep,optional,,,
sys_classes,Character Class,FEEDS_INTO,rule_deity,Worshiper Base,each deity draws particular classes,,neutral,derived,UA,116,APPENDIX S: NON-HUMAN DEITIES,explicit_rule,page-sweep,optional,,,
rule_deity,Deity Strictures,CONSTRAINS,thief_skills,Thieving,some deities forbid theft for gain,,neutral,unset,UA,116,APPENDIX S: NON-HUMAN DEITIES,explicit_rule,page-sweep,optional,,,
rule_deity,Deity Strictures,CONSTRAINS,sys_alignment,Worshiper Conduct,each god sets behavioural limits,,neutral,unset,UA,116,APPENDIX S: NON-HUMAN DEITIES,explicit_rule,page-sweep,optional,,,
race_halfling,Halfling Pantheon,EXCLUDES,sys_alignment,Evil Deities,halflings have no evil gods,,negates,derived,UA,115,APPENDIX S: NON-HUMAN DEITIES,explicit_rule,page-sweep,optional,,,
race_gnome,Gnomish Pantheon,GATES,rule_deity,Urdlen,a single evil god opposed to the rest,,enables,derived,UA,117,THE GODS OF THE GNOMES,explicit_rule,page-sweep,optional,,,
rule_deity,Urdlen,TRIGGERS,cbt_melee,Divine Conflict,at war with the other gnomish deities,,neutral,unset,UA,118,APPENDIX S: NON-HUMAN DEITIES,explicit_rule,page-sweep,optional,,,
class_assassin,Assassins and Evil Thieves,FEEDS_INTO,rule_deity,Urdlen,the evil god's worshiper base,,neutral,derived,UA,118,APPENDIX S: NON-HUMAN DEITIES,explicit_rule,page-sweep,optional,,,
rule_planar_travel,Outer Planes,GATES,rule_deity,Divine Residence,each pantheon dwells on a specific plane,,enables,derived,UA,117,THE GODS OF THE GNOMES,explicit_rule,page-sweep,optional,,,
rule_deity,Racial Pantheon,MODIFIES,race_any,Racial Character,pantheons reflect the race's nature,,neutral,unset,UA,115,APPENDIX S: NON-HUMAN DEITIES,explicit_rule,page-sweep,optional,,,
rule_deity,Luthic,MODIFIES,rule_hit_points,Regeneration,regenerates while touching the ground,,neutral,unset,UA,121,APPENDIX S: NON-HUMAN DEITIES,explicit_rule,page-sweep,optional,,,
rule_deity,Luthic,TRIGGERS,rule_disease,Disease Susceptibility,may curse a blasphemer with fatal vulnerability,,neutral,unset,UA,121,APPENDIX S: NON-HUMAN DEITIES,explicit_rule,page-sweep,optional,,,
rule_disease,Disease Susceptibility,TRIGGERS,death_character,Death,the next minor ailment proves fatal,,neutral,unset,UA,121,APPENDIX S: NON-HUMAN DEITIES,explicit_rule,page-sweep,optional,,,
rule_polearm,Spear Family,DERIVED_FROM,rule_polearm,Pole Arms,spear pike spetum ranseur and partisan,,neutral,derived,UA,125,APPENDIX T: POLE ARMS,explicit_rule,page-sweep,optional,,,
rule_polearm,Guisarme,EXCLUDES,cbt_melee,Thrusting,no spear point for thrusting attacks,,negates,derived,UA,127,APPENDIX T: POLE ARMS,explicit_rule,page-sweep,optional,,,
rule_polearm,Combined Forms,ALTERNATIVE_TO,rule_polearm,Single-Purpose Pole Arms,hybrids add a second capability,,neutral,derived,UA,128,APPENDIX T: POLE ARMS,explicit_rule,page-sweep,optional,,,
rule_polearm,Pole Arm Nomenclature,FEEDS_INTO,wpn_stats,Weapon Identification,resolves naming confusion across sources,,neutral,derived,UA,123,APPENDIX T: POLE ARMS,explicit_rule,page-sweep,optional,,,
rule_deity,Divine Feuds,FEEDS_INTO,tbl_racial_preferences,Racial Preferences,god-level enmity explains racial hatred,,neutral,derived,UA,119,APPENDIX S: NON-HUMAN DEITIES,explicit_rule,page-sweep,optional,,,
rule_deity,Orcish Deity,MODIFIES,cbt_morale,Worshiper Morale,divine mandate sustains orcish aggression,,neutral,unset,UA,122,APPENDIX S: NON-HUMAN DEITIES,inferred_rule,page-sweep,optional,,,
rule_polearm,Peasant Weapon Origin,FEEDS_INTO,rule_polearm,Pole Arms,agricultural tools became weapons,,neutral,derived,UA,126,APPENDIX T: POLE ARMS,explicit_rule,page-sweep,optional,,,
rule_dm_discretion,Official and Final,GATES,rule_genre_conversion,Dragon Magazine Material,UA makes prior magazine rules canonical,,enables,derived,UA,4,Introductions,explicit_rule,page-sweep,optional,,,
spell_penetrate_disguise,Penetrate Disguise,OVERRIDES,rule_disguise,Disguise,sees through non-magical disguise,,neutral,derived,UA,33,CLERIC SPELLS (1ST LEVEL),explicit_rule,spell-scan,optional,later_publication,,
spell_penetrate_disguise,Penetrate Disguise,EXCLUDES,rule_illusion,Illusion,cannot reveal an illusion,,negates,derived,UA,33,CLERIC SPELLS (1ST LEVEL),explicit_rule,spell-scan,optional,,,
spell_penetrate_disguise,Penetrate Disguise,EXCLUDES,campaign_social_class,Rank and Status,does not detect actual station,,negates,derived,UA,33,CLERIC SPELLS (1ST LEVEL),explicit_rule,spell-scan,optional,,,
spell_penetrate_disguise,Penetrate Disguise,FEEDS_INTO,spell_friends,Friends Spell,detects a figure under that dweomer,,neutral,derived,UA,33,CLERIC SPELLS (1ST LEVEL),explicit_rule,spell-scan,optional,,,
spell_negative_plane_protection,Negative Plane Protection,MODIFIES,exp_level_loss,Energy Drain,partial protection from draining undead,,inflicts,heuristic,UA,36,CLERIC SPELLS (3RD LEVEL),explicit_rule,spell-scan,optional,,,
spell_negative_plane_protection,Negative Plane Protection,TRIGGERS,save_matrix,Saving Throw vs Death Magic,grants a save on being touched,,inflicts,heuristic,UA,36,CLERIC SPELLS (3RD LEVEL),explicit_rule,spell-scan,optional,,,
rule_planar_travel,Positive Material Plane,FEEDS_INTO,spell_negative_plane_protection,Negative Plane Protection,the channel offsets the attack,,neutral,derived,UA,36,CLERIC SPELLS (3RD LEVEL),explicit_rule,spell-scan,optional,,,
monster_undead,Negative Plane Undead,GATES,spell_negative_plane_protection,Negative Plane Protection,only such undead are warded,,enables,derived,UA,36,CLERIC SPELLS (3RD LEVEL),explicit_rule,spell-scan,optional,,,
spell_imbue_spell_ability,Imbue With Spell Ability,GATES,rule_spell_casting,Spell Casting,bestows casting on a non-caster,,enables,derived,UA,38,CLERIC SPELLS (4TH LEVEL),explicit_rule,spell-scan,optional,,,
sys_classes,Character Class,CONSTRAINS,spell_imbue_spell_ability,Imbue With Spell Ability,only certain classes may receive it,,neutral,unset,UA,38,CLERIC SPELLS (4TH LEVEL),explicit_rule,spell-scan,optional,,,
exp_level,Ranger and Paladin Level,EXCLUDES,spell_imbue_spell_ability,Imbue With Spell Ability,upper level rangers and paladins are barred,,negates,derived,UA,38,CLERIC SPELLS (4TH LEVEL),explicit_rule,spell-scan,optional,,,
monster_hd,Hit Dice,CONSTRAINS,spell_imbue_spell_ability,Imbue With Spell Ability,recipient needs a full hit die,,neutral,unset,UA,38,CLERIC SPELLS (4TH LEVEL),explicit_rule,spell-scan,optional,,,
spell_imbue_spell_ability,Imbue With Spell Ability,CONSUMES,rule_spell_memorization,Cleric's Own Spells,the cleric surrenders the imbued spell,,neutral,derived,UA,38,CLERIC SPELLS (4TH LEVEL),explicit_rule,spell-scan,optional,,,
spell_heroes_feast,Heroes' Feast,OVERRIDES,rule_disease,Disease,cures all diseases,,neutral,derived,UA,40,CLERIC SPELLS (6TH LEVEL),explicit_rule,spell-scan,optional,later_publication,,
spell_heroes_feast,Heroes' Feast,EXCLUDES,save_poison,Poison,immunity for hours,,negates,derived,UA,40,CLERIC SPELLS (6TH LEVEL),explicit_rule,spell-scan,optional,,,
spell_heroes_feast,Heroes' Feast,MODIFIES,rule_hit_points,Hit Points,heals damage,,neutral,unset,UA,40,CLERIC SPELLS (6TH LEVEL),explicit_rule,spell-scan,optional,,,
spell_heroes_feast,Heroes' Feast,TRIGGERS,spell_bless,Bless,the food acts as a bless spell,,neutral,unset,UA,40,CLERIC SPELLS (6TH LEVEL),explicit_rule,spell-scan,optional,,,
spell_heroes_feast,Heroes' Feast,EXCLUDES,rule_fear,Fear,immunity conferred,,negates,derived,UA,40,CLERIC SPELLS (6TH LEVEL),explicit_rule,spell-scan,optional,,,
exp_level,Caster Level,CONSTRAINS,spell_heroes_feast,Heroes' Feast,one guest per level,,neutral,unset,UA,40,CLERIC SPELLS (6TH LEVEL),explicit_rule,spell-scan,optional,,,
spell_invisibility_undead,Invisibility to Undead,EXCLUDES,monster_undead,Undead Perception,undead cannot see the protected,,negates,derived,UA,33,CLERIC SPELLS (1ST LEVEL),explicit_rule,spell-scan,optional,,,
spell_combine,Combine,MODIFIES,turn_undead,Turning Undead,assisting clerics raise the effective level,,neutral,unset,UA,32,CLERIC SPELLS (1ST LEVEL),explicit_rule,spell-scan,optional,,,
spell_combine,Combine,MODIFIES,cbt_armor_class,Armor Class,the circle worsens the principal's protection,,neutral,unset,UA,32,CLERIC SPELLS (1ST LEVEL),explicit_rule,spell-scan,optional,,,
spell_detect_life,Detect Life,ALTERNATIVE_TO,sys_psionics,Psionic Detection,a non-psionic route to sensing life,,neutral,derived,UA,34,CLERIC SPELLS (2ND LEVEL),explicit_rule,spell-scan,optional,,,
spell_meld_into_stone,Meld Into Stone,ALTERNATIVE_TO,save_petrify,Petrification,voluntary entry into stone,,neutral,derived,UA,36,CLERIC SPELLS (3RD LEVEL),explicit_rule,spell-scan,optional,,,
spell_abjure,Abjure,TRIGGERS,rule_planar_travel,Banishment,forces a creature back to its own plane,,neutral,unset,UA,37,CLERIC SPELLS (4TH LEVEL),explicit_rule,spell-scan,optional,,,
spell_cloak_of_fear,Cloak of Fear,TRIGGERS,rule_fear,Fear,those nearby must flee,,neutral,unset,UA,37,CLERIC SPELLS (4TH LEVEL),explicit_rule,spell-scan,optional,,,
monster_undead,Undead,EXCLUDED_FROM,spell_cloak_of_fear,Cloak of Fear,unaffected by the aura,,negates,derived,UA,37,CLERIC SPELLS (4TH LEVEL),explicit_rule,spell-scan,optional,,,
spell_spike_growth,Spike Growth,TRIGGERS,tbl_traps,Area Trap,turns ground into a hazard,,neutral,unset,UA,38,CLERIC SPELLS (4TH LEVEL),explicit_rule,spell-scan,optional,,,
spell_spike_growth,Spike Growth,MODIFIES,ex_movement_rate,Movement,slows those crossing it,,neutral,unset,UA,38,CLERIC SPELLS (4TH LEVEL),explicit_rule,spell-scan,optional,,,
spell_spike_stones,Spike Stones,TRIGGERS,ex_falling,Falling,victims may be tripped,,neutral,unset,UA,40,CLERIC SPELLS (5TH LEVEL),explicit_rule,spell-scan,optional,,,
spell_detect_balance,Detect Balance,FEEDS_INTO,sys_alignment,Alignment,detects the neutral axis specifically,,neutral,derived,UA,42,DRUID SPELLS (1ST LEVEL),explicit_rule,spell-scan,optional,,,
spell_slow_poison,Slow Poison,MODIFIES,save_poison,Poison,delays the effect,,improves,heuristic,UA,43,DRUID SPELLS (2ND LEVEL),explicit_rule,spell-scan,optional,,,
spell_starshine,Starshine,MODIFIES,race_infravision,Infravision,soft light interacts with heat sight,,neutral,unset,UA,43,DRUID SPELLS (3RD LEVEL),explicit_rule,spell-scan,optional,,,
spell_liveoak,Liveoak,TRIGGERS,gen_random_encounter,Animated Tree,creates a guardian creature,,neutral,unset,UA,44,DRUID SPELLS (5TH LEVEL),explicit_rule,spell-scan,optional,,,
spell_transmute_water_dust,Transmute Water To Dust,MODIFIES,rule_waterborne_travel,Waterborne Travel,destroys water in an area,,neutral,unset,UA,44,DRUID SPELLS (6TH LEVEL),explicit_rule,spell-scan,optional,,,
spell_flame_blade,Flame Blade,MODIFIES,monster_undead,Undead,extra damage against them,,neutral,unset,UA,42,DRUID SPELLS (2ND LEVEL),explicit_rule,spell-scan,optional,,,
spell_alarm,Alarm,TRIGGERS,cbt_surprise,Surprise,warns of intrusion,,neutral,unset,UA,51,MAGIC-USER SPELLS (1ST LEVEL),explicit_rule,spell-scan,optional,,,
spell_grease,Grease,TRIGGERS,rule_prone,Prone,those crossing may fall,,neutral,unset,UA,52,MAGIC-USER SPELLS (1ST LEVEL),explicit_rule,spell-scan,optional,,,
spell_magic_stone,Magic Stone,MODIFIES,magic_resistance,Magic Resistance,enchanted missiles versus resistant creatures,,neutral,unset,UA,33,CLERIC SPELLS (1ST LEVEL),explicit_rule,spell-scan,optional,,,
spell_dust_devil,Dust Devil,TRIGGERS,gen_random_encounter,Summoned Creature,creates a minor air elemental,,neutral,unset,UA,34,CLERIC SPELLS (2ND LEVEL),explicit_rule,spell-scan,optional,,,
rule_ceremony,Ceremony,TRIGGERS,rule_aging,Coming of Age,rites are tied to life stages,,neutral,unset,UA,32,CLERIC SPELLS (1ST LEVEL),explicit_rule,spell-scan,optional,,,
rule_ceremony,Consecrate Ground,EXCLUDES,monster_undead,Undead,wards an area against them,,negates,derived,UA,32,CLERIC SPELLS (1ST LEVEL),explicit_rule,spell-scan,optional,,,
rule_ceremony,Anathematize,TRIGGERS,rule_fear,Dread,the excommunicated inspire dread,,neutral,unset,UA,32,CLERIC SPELLS (1ST LEVEL),inferred_rule,spell-scan,optional,,,
spell_imbue_spell_ability,Imbue With Spell Ability,GATES,thief_skills,Thieves,thieves are among the eligible classes,,enables,derived,UA,38,CLERIC SPELLS (4TH LEVEL),explicit_rule,spell-scan,optional,,,
rule_ceremony,Druidic Ceremony,MODIFIES,sys_alignment,Standing,rites confer or remove standing,,neutral,unset,UA,41,DRUID SPELLS,explicit_rule,spell-scan,optional,,,
spell_detect_poison,Detect Poison,FEEDS_INTO,save_poison,Poison,identifies toxic substances,,neutral,derived,UA,42,DRUID SPELLS (1ST LEVEL),explicit_rule,spell-scan,optional,,,
spell_detect_poison,Detect Poison,CONSTRAINS,rule_information,Poison Type,reveals presence but not the specific venom,,neutral,unset,UA,42,DRUID SPELLS (1ST LEVEL),explicit_rule,spell-scan,optional,,,
spell_cantrip,Flavor,ALTERNATIVE_TO,save_poison,Taste Masking,may disguise a taste,,neutral,derived,UA,46,MAGIC-USER SPELLS (CANTRIPS),inferred_rule,spell-scan,optional,,,
spell_cantrip,Shine,MODIFIES,rule_disguise,Appearance,polishes and brightens an object,,neutral,unset,UA,46,MAGIC-USER SPELLS (CANTRIPS),explicit_rule,spell-scan,optional,,,
spell_cantrip,Mute,MODIFIES,rule_noise,Sound,silences a small source,,neutral,unset,UA,48,MAGIC-USER SPELLS (CANTRIPS),explicit_rule,spell-scan,optional,,,
spell_melfs_acid_arrow,Melf's Acid Arrow,TRIGGERS,rule_item_destruction,Corrosion,acid damages equipment,,neutral,unset,UA,54,MAGIC-USER SPELLS (2ND LEVEL),explicit_rule,spell-scan,optional,,,
exp_level,Caster Level,MODIFIES,spell_melfs_acid_arrow,Acid Duration,rounds of acid scale with level,,neutral,unset,UA,54,MAGIC-USER SPELLS (2ND LEVEL),explicit_rule,spell-scan,optional,,,
spell_sepia_snake_sigil,Sepia Snake Sigil,TRIGGERS,rule_immobile,Suspended Animation,the victim is held motionless,,inflicts,heuristic,UA,56,MAGIC-USER SPELLS (3RD LEVEL),explicit_rule,spell-scan,optional,,,
spell_sepia_snake_sigil,Suspended Animation,EXCLUDES,rule_aging,Aging,the trapped creature does not age,,negates,derived,UA,56,MAGIC-USER SPELLS (3RD LEVEL),explicit_rule,spell-scan,optional,,,
exp_level,Caster Level,FEEDS_INTO,spell_sepia_snake_sigil,Snake Hit Dice,the conjured force matches caster level,,neutral,derived,UA,56,MAGIC-USER SPELLS (3RD LEVEL),explicit_rule,spell-scan,optional,,,
spell_sepia_snake_sigil,Sepia Snake,EXCLUDES,rule_player_character,The Caster,will not attack its own summoner,,negates,derived,UA,56,MAGIC-USER SPELLS (3RD LEVEL),explicit_rule,spell-scan,optional,,,
spell_wind_wall,Wind Wall,EXCLUDES,cbt_missile,Light Missiles,arrows and bolts are deflected,,negates,derived,UA,56,MAGIC-USER SPELLS (3RD LEVEL),explicit_rule,spell-scan,optional,,,
spell_magic_mirror,Magic Mirror,ALTERNATIVE_TO,rule_scrying,Scrying,turns a mirror into a crystal ball,,neutral,derived,UA,57,MAGIC-USER SPELLS (4TH LEVEL),explicit_rule,spell-scan,optional,,,
spell_dismissal,Dismissal,TRIGGERS,rule_planar_travel,Forced Return,sends an extraplanar creature home,,neutral,unset,UA,58,MAGIC-USER SPELLS (5TH LEVEL),explicit_rule,spell-scan,optional,,,
rule_information,True Name,GATES,spell_dismissal,Dismissal,the creature's name must be known and spoken,,enables,derived,UA,58,MAGIC-USER SPELLS (5TH LEVEL),explicit_rule,spell-scan,optional,,,
magic_resistance,Magic Resistance,MODIFIES,spell_dismissal,Dismissal,resistance applies against the attempt,,neutral,unset,UA,58,MAGIC-USER SPELLS (5TH LEVEL),explicit_rule,spell-scan,optional,,,
spell_dismissal,Dismissal,ALTERNATIVE_TO,spell_abjure,Abjure,the arcane counterpart of the clerical spell,,neutral,derived,UA,58,MAGIC-USER SPELLS (5TH LEVEL),explicit_rule,spell-scan,optional,,,
spell_dolor,Dolor,TRIGGERS,rule_planar_travel,Extraplanar Compulsion,forces compliance from a foreign creature,,neutral,unset,UA,58,MAGIC-USER SPELLS (5TH LEVEL),explicit_rule,spell-scan,optional,,,
sys_alignment,Opposed Alignment,GATES,spell_dolor,Dolor,targets must be oppositely aligned or hostile,,enables,derived,UA,58,MAGIC-USER SPELLS (5TH LEVEL),explicit_rule,spell-scan,optional,,,
spell_dolor,Dolor,TRIGGERS,rule_fear,Unease and Doubt,escalating dread over three rounds,,neutral,unset,UA,58,MAGIC-USER SPELLS (5TH LEVEL),explicit_rule,spell-scan,optional,,,
spell_leomunds_belabourment,Leomund's Lamentable Belabourment,TRIGGERS,ex_falling,Wandering into Hazards,distracted victims may stumble,,neutral,unset,UA,59,MAGIC-USER SPELLS (6TH LEVEL),inferred_rule,spell-scan,optional,,,
spell_sending,Sending,GATES,rule_planar_travel,Cross-Planar Message,contact across the planes,,enables,derived,UA,59,MAGIC-USER SPELLS (5TH LEVEL),explicit_rule,spell-scan,optional,,,
spell_eyebite,Eyebite,ALTERNATIVE_TO,spell_charm_person,Charm,one of four selectable effects,,neutral,derived,UA,60,MAGIC-USER SPELLS (6TH LEVEL),explicit_rule,spell-scan,optional,,,
spell_eyebite,Eyebite,TRIGGERS,rule_fear,Fear,one of four selectable effects,,neutral,unset,UA,60,MAGIC-USER SPELLS (6TH LEVEL),explicit_rule,spell-scan,optional,,,
spell_eyebite,Eyebite,TRIGGERS,rule_disease,Sickness,one of four selectable effects,,inflicts,heuristic,UA,60,MAGIC-USER SPELLS (6TH LEVEL),explicit_rule,spell-scan,optional,,,
spell_eyebite,Eyebite,CONSTRAINS,spell_eyebite,Eyebite,using one effect dissipates the whole spell,,neutral,unset,UA,60,MAGIC-USER SPELLS (6TH LEVEL),explicit_rule,spell-scan,optional,,,
spell_banishment,Banishment,TRIGGERS,rule_planar_travel,Forced Return,drives extraplanar creatures home permanently,,neutral,unset,UA,61,MAGIC-USER SPELLS (7TH LEVEL),explicit_rule,spell-scan,optional,,,
spell_banishment,Banishment,CONSTRAINS,rule_planar_travel,Return,the banished need special means to come back,,neutral,unset,UA,61,MAGIC-USER SPELLS (7TH LEVEL),explicit_rule,spell-scan,optional,,,
exp_level,Caster Level,MODIFIES,spell_banishment,Area of Effect,hit dice affected scale with level,,neutral,unset,UA,61,MAGIC-USER SPELLS (7TH LEVEL),explicit_rule,spell-scan,optional,,,
magic_resistance,Magic Resistance,MODIFIES,spell_banishment,Banishment,resistance applies,,neutral,unset,UA,61,MAGIC-USER SPELLS (7TH LEVEL),explicit_rule,spell-scan,optional,,,
spell_forcecage,Forcecage,EXCLUDES,ex_movement_rate,Escape,the barred cage confines utterly,,negates,derived,UA,61,MAGIC-USER SPELLS (7TH LEVEL),explicit_rule,spell-scan,optional,,,
magic_resistance,Magic Resistance,EXCLUDED_FROM,spell_forcecage,Forcecage,resistance does not avail against it,,negates,derived,UA,61,MAGIC-USER SPELLS (7TH LEVEL),explicit_rule,spell-scan,optional,,,
spell_sequester,Sequester,EXCLUDES,rule_scrying,Scrying and Divination,hides the subject from detection,,negates,derived,UA,62,MAGIC-USER SPELLS (7TH LEVEL),explicit_rule,spell-scan,optional,,,
spell_teleport_without_error,Teleport Without Error,GATES,rule_planar_travel,Interplanar Travel,accurate travel including other planes,,enables,derived,UA,62,MAGIC-USER SPELLS (7TH LEVEL),explicit_rule,spell-scan,optional,,,
spell_teleport_without_error,Teleport Without Error,OVERRIDES,rule_teleport_error,Teleport Mishap,removes the risk of misplacement,,neutral,derived,UA,62,MAGIC-USER SPELLS (7TH LEVEL),explicit_rule,spell-scan,optional,later_publication,,
spell_torment,Torment,TRIGGERS,rule_planar_travel,Extraplanar Compulsion,forces service from a bound creature,,neutral,unset,UA,62,MAGIC-USER SPELLS (7TH LEVEL),explicit_rule,spell-scan,optional,,,
rule_protection_circle,Magic Circle or Pentagram,GATES,spell_torment,Torment,the captive must be bound first,,enables,derived,UA,62,MAGIC-USER SPELLS (7TH LEVEL),explicit_rule,spell-scan,optional,,,
spell_torment,Torment,ALTERNATIVE_TO,spell_dolor,Dolor and Ensnarement,part of a compulsion family,,neutral,derived,UA,62,MAGIC-USER SPELLS (7TH LEVEL),explicit_rule,spell-scan,optional,,,
spell_otilukes_sphere,Otiluke's Telekinetic Sphere,TRIGGERS,ex_falling,Falling,the sphere may be dropped or hurled,,neutral,unset,UA,64,MAGIC-USER SPELLS (8TH LEVEL),explicit_rule,spell-scan,optional,,,
spell_otilukes_sphere,Telekinetic Sphere,MODIFIES,enc_encumbrance,Weight,contents become nearly weightless,,neutral,unset,UA,64,MAGIC-USER SPELLS (8TH LEVEL),explicit_rule,spell-scan,optional,,,
spell_cantrip,Colored Lights,EXCLUDED_FROM,race_infravision,Infravision,coloured glow does not spoil heat sight,,negates,derived,UA,65,ILLUSIONIST SPELLS (CANTRIPS),inferred_rule,spell-scan,optional,,,
spell_phantom_armor,Phantom Armor,MODIFIES,cbt_armor_class,Armor Class,illusory protection that absorbs blows,,neutral,unset,UA,67,ILLUSIONIST SPELLS (2ND LEVEL),explicit_rule,spell-scan,optional,,,
cbt_damage,Damage Taken,CONSUMES,spell_phantom_armor,Phantom Armor,each hit erodes the illusion,,neutral,derived,UA,67,ILLUSIONIST SPELLS (2ND LEVEL),explicit_rule,spell-scan,optional,,,
spell_spook,Spook,TRIGGERS,rule_fear,Fear,the target flees in terror,,neutral,unset,UA,67,ILLUSIONIST SPELLS (1ST LEVEL),explicit_rule,spell-scan,optional,,,
exp_level,Target Level,MODIFIES,spell_spook,Saving Throw,stronger targets resist more easily,,neutral,unset,UA,67,ILLUSIONIST SPELLS (1ST LEVEL),explicit_rule,spell-scan,optional,,,
spell_delude,Delude,MODIFIES,sys_alignment,Detected Alignment,falsifies the caster's aura,,neutral,unset,UA,68,ILLUSIONIST SPELLS (3RD LEVEL),explicit_rule,spell-scan,optional,,,
spell_know_alignment,Know Alignment,EXCLUDED_FROM,spell_delude,Delude,detection returns the false reading,,negates,derived,UA,68,ILLUSIONIST SPELLS (3RD LEVEL),inferred_rule,spell-scan,optional,,,
spell_phantom_wind,Phantom Wind,MODIFIES,ex_movement_rate,Movement,an illusory gale impedes progress,,neutral,unset,UA,68,ILLUSIONIST SPELLS (3RD LEVEL),explicit_rule,spell-scan,optional,,,
spell_phantasmagoria,Phantasmagoria,TRIGGERS,ex_falling,Illusory Terrain,victims may believe they are falling,,neutral,unset,UA,70,ILLUSIONIST SPELLS (6TH LEVEL),explicit_rule,spell-scan,optional,,,
spell_shadow_walk,Shadow Walk,GATES,rule_planar_travel,Demi-Plane of Shadow,travel via the shadow plane,,enables,derived,UA,71,ILLUSIONIST SPELLS (7TH LEVEL),explicit_rule,spell-scan,optional,,,
spell_shadow_walk,Shadow Walk,MODIFIES,ex_movement_rate,Overland Travel,vast distances covered rapidly,,neutral,unset,UA,71,ILLUSIONIST SPELLS (7TH LEVEL),explicit_rule,spell-scan,optional,,,
spell_weird,Weird,TRIGGERS,rule_fear,Terror,each victim faces a personal nemesis,,neutral,unset,UA,71,ILLUSIONIST SPELLS (9TH LEVEL),explicit_rule,spell-scan,optional,,,
spell_weird,Weird,MODIFIES,abil_strength,Strength,survivors are weakened,,neutral,unset,UA,71,ILLUSIONIST SPELLS (9TH LEVEL),explicit_rule,spell-scan,optional,,,
spell_weird,Weird,TRIGGERS,death_character,Death,defeat by the phantasm is fatal,,neutral,unset,UA,71,ILLUSIONIST SPELLS (9TH LEVEL),explicit_rule,spell-scan,optional,,,
item_elixir_youth,Elixir of Youth,OVERRIDES,rule_aging,Aging,reverses age by years,,neutral,derived,UA,90,TREASURE (POTIONS),explicit_rule,item-scan,optional,later_publication,,
item_elixir_youth,Partial Dose,MODIFIES,item_elixir_youth,Elixir of Youth,sipping reduces potency and effect,,neutral,unset,UA,90,TREASURE (POTIONS),explicit_rule,item-scan,optional,,,
item_oil_impact,Oil of Impact,MODIFIES,cbt_tohit,To-Hit Roll,bonus to blunt weapons and missiles,,neutral,unset,UA,90,TREASURE (POTIONS),explicit_rule,item-scan,optional,,,
item_oil_acid_resistance,Oil of Acid Resistance,EXCLUDES,cbt_damage,Acid Damage,protects the coated subject,,negates,derived,UA,90,TREASURE (POTIONS),explicit_rule,item-scan,optional,,,
item_oil_elemental_invuln,Oil of Elemental Invulnerability,EXCLUDES,rule_planar_travel,Elemental Attacks,wards against elemental creatures,,negates,derived,UA,90,TREASURE (POTIONS),explicit_rule,item-scan,optional,,,
item_oil_fiery_burning,Oil of Fiery Burning,TRIGGERS,cbt_damage,Fire Damage,bursts into flame when thrown,,neutral,unset,UA,90,TREASURE (POTIONS),explicit_rule,item-scan,optional,,,
abil_dexterity,Dexterity,MODIFIES,item_oil_fiery_burning,Oil of Fiery Burning,handling risk on a fumble,,neutral,unset,UA,90,TREASURE (POTIONS),explicit_rule,item-scan,optional,,,
item_potion_fire_breath,Potion of Fire Breath,TRIGGERS,cbt_damage,Breath Damage,belches a tongue of flame,,neutral,unset,UA,90,TREASURE (POTIONS),explicit_rule,item-scan,optional,,,
rule_time,Held Too Long,TRIGGERS,cbt_damage,Self Damage,delayed release may burn the imbiber,,neutral,unset,UA,90,TREASURE (POTIONS),explicit_rule,item-scan,optional,,,
item_ring_animal_friendship,Ring of Animal Friendship,TRIGGERS,cbt_encounter_reactions,Animal Reaction,befriends normal animals,,neutral,unset,UA,92,TREASURE (RINGS),explicit_rule,item-scan,optional,,,
abil_intelligence,Animal Intelligence,CONSTRAINS,item_ring_animal_friendship,Ring of Animal Friendship,only low-intelligence beasts,,neutral,unset,UA,92,TREASURE (RINGS),explicit_rule,item-scan,optional,,,
item_ring_chameleon,Ring of Chameleon Power,GATES,rule_concealment,Concealment,the wearer blends with surroundings,,enables,derived,UA,92,TREASURE (RINGS),explicit_rule,item-scan,optional,,,
item_ring_chameleon,Ring of Chameleon Power,MODIFIES,cbt_surprise,Surprise,improves the roll,,neutral,unset,UA,92,TREASURE (RINGS),inferred_rule,item-scan,optional,,,
item_ring_clumsiness,Ring of Clumsiness,DERIVED_FROM,cursed_item,Cursed Item,radiates a false secondary dweomer,,neutral,derived,UA,92,TREASURE (RINGS),explicit_rule,item-scan,optional,,,
spell_detect_magic,Detect Magic,EXCLUDED_FROM,item_ring_clumsiness,Ring of Clumsiness,the disguise defeats identification,,negates,derived,UA,92,TREASURE (RINGS),explicit_rule,item-scan,optional,,,
rule_stress,Combat or Stealth,TRIGGERS,item_ring_clumsiness,Ring of Clumsiness,the curse fires only under stress,,neutral,unset,UA,92,TREASURE (RINGS),explicit_rule,item-scan,optional,,,
item_ring_clumsiness,Ring of Clumsiness,MODIFIES,abil_dexterity,Dexterity,halved while active,,worsens,heuristic,UA,92,TREASURE (RINGS),explicit_rule,item-scan,optional,,,
item_ring_clumsiness,Ring of Clumsiness,MODIFIES,thief_skills,Stealth and Precise Action,chances halved,,worsens,heuristic,UA,92,TREASURE (RINGS),explicit_rule,item-scan,optional,,,
item_ring_clumsiness,Ring of Clumsiness,TRIGGERS,rule_spell_failure,Spell Failure,somatic casting is spoiled,,worsens,heuristic,UA,92,TREASURE (RINGS),explicit_rule,item-scan,optional,,,
item_ring_mind_shielding,Ring of Mind Shielding,EXCLUDES,spell_esp,ESP,total immunity,,negates,derived,UA,93,TREASURE (RINGS),explicit_rule,item-scan,optional,,,
item_ring_mind_shielding,Ring of Mind Shielding,EXCLUDES,spell_know_alignment,Know Alignment,alignment cannot be read,,negates,derived,UA,93,TREASURE (RINGS),explicit_rule,item-scan,optional,,,
item_ring_mind_shielding,Ring of Mind Shielding,GATES,psi_defense_modes,Thought Shield,free defence for psionic wearers,,enables,derived,UA,93,TREASURE (RINGS),explicit_rule,item-scan,optional,,,
item_ring_mind_shielding,Ring of Mind Shielding,MODIFIES,psi_combat,Psionic Attack Damage,damage reduced while worn,,neutral,unset,UA,93,TREASURE (RINGS),explicit_rule,item-scan,optional,,,
item_ring_mind_shielding,Ring of Mind Shielding,MODIFIES,save_matrix,Psionic Blast Save,bonus for non-psionic wearers,,improves,heuristic,UA,93,TREASURE (RINGS),explicit_rule,item-scan,optional,,,
item_rod_flailing,Rod of Flailing,MODIFIES,cbt_armor_class,Armor Class,defensive bonus when activated,,neutral,unset,UA,94,RODS (III.D.),explicit_rule,item-scan,optional,,,
item_rod_passage,Rod of Passage,GATES,rule_planar_travel,Passage,moves through solid matter and planes,,enables,derived,UA,94,RODS (III.D.),explicit_rule,item-scan,optional,,,
item_rod_security,Rod of Security,GATES,rule_planar_travel,Non-Dimensional Space,creates a pocket refuge,,enables,derived,UA,94,RODS (III.D.),explicit_rule,item-scan,optional,,,
rule_party_size,Number of Creatures,CONSTRAINS,item_rod_security,Rod of Security,duration divides by headcount,,neutral,unset,UA,94,RODS (III.D.),explicit_rule,item-scan,optional,,,
item_rod_security,Rod of Security,EXCLUDES,rule_aging,Aging,time in the refuge does not age the occupants,,negates,derived,UA,94,RODS (III.D.),inferred_rule,item-scan,optional,,,
item_rod_security,Rod of Security,GATES,rule_rest,Rest and Recovery,a place of complete safety,,enables,derived,UA,94,RODS (III.D.),explicit_rule,item-scan,optional,,,
item_staff_woodlands,Staff of the Woodlands,GATES,gen_random_encounter,Animate Tree,animates trees as guardians,,enables,derived,UA,95,STAVES (III.D.2.),explicit_rule,item-scan,optional,,,
item_staff_swarming_insects,Staff of Swarming Insects,MODIFIES,cbt_armor_class,Armor Class,the swarm hampers those within,,neutral,unset,UA,95,STAVES (III.D.2.),explicit_rule,item-scan,optional,,,
item_staff_swarming_insects,Staff of Swarming Insects,TRIGGERS,spell_disruption,Spell Disruption,casting within the swarm fails,,neutral,unset,UA,95,STAVES (III.D.2.),inferred_rule,item-scan,optional,,,
item_wand_force,Wand of Force,GATES,spell_wall_of_force,Wall of Force,creates force effects,,enables,derived,UA,96,WANDS (III.D.2.),explicit_rule,item-scan,optional,,,
item_wand_defoliation,Wand of Defoliation,TRIGGERS,rule_terrain,Vegetation,strips plant life from an area,,neutral,unset,UA,96,WANDS (III.D.2.),explicit_rule,item-scan,optional,,,
item_wand_earth_stone,Wand of Earth and Stone,MODIFIES,campaign_construction,Excavation,shapes and moves earth,,neutral,unset,UA,96,WANDS (III.D.2.),explicit_rule,item-scan,optional,,,
item_wand_flame_extinguishing,Wand of Flame Extinguishing,OVERRIDES,rule_uncontrolled_fire,Fire,quenches ordinary and magical flame,,neutral,derived,UA,96,WANDS (III.D.2.),explicit_rule,item-scan,optional,later_publication,,
item_wand_steam_vapor,Wand of Steam and Vapor,TRIGGERS,rule_concealment,Vapour Cloud,creates obscuring steam,,neutral,unset,UA,97,WANDS (III.D.2.),explicit_rule,item-scan,optional,,,
item_boots_north,Boots of the North,EXCLUDES,rule_temperature,Cold,protects against extreme cold,,negates,derived,UA,97,TREASURE (MISCELLANEOUS MAGIC),explicit_rule,item-scan,optional,,,
item_boots_north,Boots of the North,MODIFIES,ex_movement_rate,Snow Travel,walk on snow without sinking,,neutral,unset,UA,97,TREASURE (MISCELLANEOUS MAGIC),explicit_rule,item-scan,optional,,,
item_bracers_brachiation,Bracers of Brachiation,GATES,ex_movement_rate,Swinging Movement,travel by branch and rope,,enables,derived,UA,98,TREASURE (MISCELLANEOUS MAGIC),explicit_rule,item-scan,optional,,,
item_cloak_arachnidia,Cloak of Arachnidia,EXCLUDES,save_poison,Spider Venom,immunity to spider poison,,negates,derived,UA,98,TREASURE (MISCELLANEOUS MAGIC),explicit_rule,item-scan,optional,,,
item_cloak_arachnidia,Cloak of Arachnidia,GATES,thief_climb_walls,Wall Climbing,move as a spider,,enables,derived,UA,98,TREASURE (MISCELLANEOUS MAGIC),explicit_rule,item-scan,optional,,,
item_cyclocone,Cyclocone,MODIFIES,ex_movement_rate,Movement,whirlwind propulsion,,neutral,unset,UA,98,TREASURE (MISCELLANEOUS MAGIC),explicit_rule,item-scan,optional,,,
item_egg_shattering,Egg of Shattering,TRIGGERS,rule_item_destruction,Shattering,destroys nearby brittle objects,,neutral,unset,UA,100,TREASURE (MISCELLANEOUS MAGIC),explicit_rule,item-scan,optional,,,
item_gem_insight,Gem of Insight,MODIFIES,abil_intelligence,Intelligence,raises the score after months of possession,,neutral,unset,UA,100,TREASURE (MISCELLANEOUS MAGIC),explicit_rule,item-scan,optional,,,
item_gem_insight,Gem of Insight,MODIFIES,abil_wisdom,Wisdom,raises the score after months of possession,,neutral,unset,UA,100,TREASURE (MISCELLANEOUS MAGIC),explicit_rule,item-scan,optional,,,
rule_time,Continuous Possession,GATES,item_gem_insight,Gem of Insight,months of carrying are required,,enables,derived,UA,100,TREASURE (MISCELLANEOUS MAGIC),explicit_rule,item-scan,optional,,,
item_girdle_dwarvenkind,Girdle of Dwarvenkind,MODIFIES,abil_charisma,Charisma,lowered toward non-dwarves raised toward dwarves,,neutral,unset,UA,100,TREASURE (MISCELLANEOUS MAGIC),explicit_rule,item-scan,optional,,,
item_girdle_dwarvenkind,Girdle of Dwarvenkind,MODIFIES,abil_constitution,Constitution,grants the dwarven bonus,,neutral,unset,UA,100,TREASURE (MISCELLANEOUS MAGIC),explicit_rule,item-scan,optional,,,
item_girdle_dwarvenkind,Girdle of Dwarvenkind,MODIFIES,save_matrix,Saving Throws,confers dwarven save bonuses,,improves,heuristic,UA,100,TREASURE (MISCELLANEOUS MAGIC),explicit_rule,item-scan,optional,,,
item_girdle_dwarvenkind,Girdle of Dwarvenkind,GATES,race_infravision,Infravision,grants dwarven heat sight,,enables,derived,UA,100,TREASURE (MISCELLANEOUS MAGIC),explicit_rule,item-scan,optional,,,
item_girdle_dwarvenkind,Girdle of Dwarvenkind,GATES,rule_languages,Dwarvish,understand speak and read the tongue,,enables,derived,UA,100,TREASURE (MISCELLANEOUS MAGIC),explicit_rule,item-scan,optional,,,
race_any,Observer Race,FEEDS_INTO,item_girdle_dwarvenkind,Charisma Effect,the adjustment differs by who is looking,,neutral,derived,UA,100,TREASURE (MISCELLANEOUS MAGIC),explicit_rule,item-scan,optional,,,
item_gloves_thievery,Gloves of Thievery,MODIFIES,thief_skills,Thief Skills,bonuses to manual functions,,neutral,unset,UA,100,TREASURE (MISCELLANEOUS MAGIC),explicit_rule,item-scan,optional,,,
item_hat_stupidity,Hat of Stupidity,DERIVED_FROM,cursed_item,Cursed Item,appears a useful hat,,neutral,derived,UA,100,TREASURE (MISCELLANEOUS MAGIC),explicit_rule,item-scan,optional,,,
item_hat_stupidity,Hat of Stupidity,MODIFIES,abil_intelligence,Intelligence,drastically lowered,,worsens,heuristic,UA,100,TREASURE (MISCELLANEOUS MAGIC),explicit_rule,item-scan,optional,,,
item_horn_goodness_evil,Horn of Goodness/Evil,GATES,sys_alignment,Alignment,function follows the blower's alignment,,enables,derived,UA,101,TREASURE (MISCELLANEOUS MAGIC),explicit_rule,item-scan,optional,,,
item_horn_goodness_evil,Horn of Goodness/Evil,TRIGGERS,spell_protection_from_evil,Protection,raises a warding effect,,neutral,unset,UA,101,TREASURE (MISCELLANEOUS MAGIC),explicit_rule,item-scan,optional,,,
item_mantle_celestian,Mantle of Celestian,EXCLUDES,save_poison,Poison,protects the wearer,,negates,derived,UA,101,TREASURE (MISCELLANEOUS MAGIC),explicit_rule,item-scan,optional,,,
item_pearl_sirines,Pearl of the Sirines,GATES,rule_water_breathing,Water Breathing,breathe and move underwater,,enables,derived,UA,101,TREASURE (MISCELLANEOUS MAGIC),explicit_rule,item-scan,optional,,,
item_robe_stars,Robe of Stars,GATES,rule_planar_travel,Astral Travel,enables planar movement,,enables,derived,UA,102,TREASURE (MISCELLANEOUS MAGIC),explicit_rule,item-scan,optional,,,
item_robe_stars,Robe of Stars,MODIFIES,save_matrix,Saving Throws,bonus while worn,,improves,heuristic,UA,102,TREASURE (MISCELLANEOUS MAGIC),explicit_rule,item-scan,optional,,,
item_robe_vermin,Robe of Vermin,DERIVED_FROM,cursed_item,Cursed Item,appears a normal robe,,neutral,derived,UA,102,TREASURE (MISCELLANEOUS MAGIC),explicit_rule,item-scan,optional,,,
item_robe_vermin,Robe of Vermin,MODIFIES,cbt_initiative,Initiative,biting vermin distract the wearer,,worsens,heuristic,UA,102,TREASURE (MISCELLANEOUS MAGIC),explicit_rule,item-scan,optional,,,
item_shadow_lanthorn,Shadow Lanthorn,MODIFIES,sys_alignment,Alignment Detection,affects alignment-sensing,,neutral,unset,UA,102,TREASURE (MISCELLANEOUS MAGIC),explicit_rule,item-scan,optional,,,
item_courser,Courser,MODIFIES,ex_movement_rate,Movement Rate,a conjured steed of great speed,,neutral,unset,UA,103,TREASURE (MISCELLANEOUS MAGIC),explicit_rule,item-scan,optional,,,
item_courser,Courser,FEEDS_INTO,cbt_armor_class,Armor Class,the mount has its own protection,,neutral,derived,UA,103,TREASURE (MISCELLANEOUS MAGIC),explicit_rule,item-scan,optional,,,
item_spoon_stirring,Spoon of Stirring,ALTERNATIVE_TO,rule_provisions,Provisions,produces nourishing gruel,,neutral,derived,UA,103,TREASURE (MISCELLANEOUS MAGIC),explicit_rule,item-scan,optional,,,
rule_party_losses,Party Casualties,MODIFIES,cbt_morale,Morale Check,thresholds at quarter and half,,neutral,unset,DMG,240,Morale Checks Made When,explicit_rule,page-sweep,core,,,
rule_hit_points,Personal Wound Damage,ALTERNATIVE_TO,rule_party_losses,Party Casualties,individual damage counts as party loss,,neutral,derived,DMG,240,Morale Checks Made When,explicit_rule,page-sweep,core,,,
rule_liege_status,Leader Unconscious,MODIFIES,cbt_morale,Morale Check,penalty to the roll,,neutral,unset,DMG,240,Morale Checks Made When,explicit_rule,page-sweep,core,,,
cbt_morale,Morale Failure,TRIGGERS,cbt_fall_back,Falling Back,mildest failure band,,neutral,unset,DMG,240,MORALE FAILURE,explicit_rule,page-sweep,core,,,
cbt_morale,Morale Failure,TRIGGERS,cbt_pursuit_evasion,Disengage and Retreat,second failure band,,neutral,unset,DMG,240,MORALE FAILURE,explicit_rule,page-sweep,core,,,
cbt_morale,Morale Failure,TRIGGERS,cbt_flee,Flee in Panic,third failure band,,neutral,unset,DMG,240,MORALE FAILURE,explicit_rule,page-sweep,core,,,
cbt_morale,Morale Failure,TRIGGERS,rule_surrender,Surrender,worst failure band,,neutral,unset,DMG,240,MORALE FAILURE,explicit_rule,page-sweep,core,,,
money_gp,Offered Bribe,TRIGGERS,rule_loyalty_check,Loyalty Check,failure means co-operation with the briber,,neutral,unset,DMG,240,"TYPICAL LOYALTY, OBEDIENCE, AND MORALE CHECK SITUATIONS",explicit_rule,page-sweep,core,,,
rule_character_actions,Ordered to Testify Against Liege,TRIGGERS,rule_loyalty_check,Loyalty Check,failure means agreement,,neutral,unset,DMG,240,"TYPICAL LOYALTY, OBEDIENCE, AND MORALE CHECK SITUATIONS",explicit_rule,page-sweep,core,,,
sys_treasure,Goods Left Unattended,TRIGGERS,rule_loyalty_check,Loyalty Check,failure means theft,,neutral,unset,DMG,240,"TYPICAL LOYALTY, OBEDIENCE, AND MORALE CHECK SITUATIONS",explicit_rule,page-sweep,core,,,
rule_character_actions,Abandonment,TRIGGERS,hench_desertion,Desertion,failure means the henchman leaves,,neutral,unset,DMG,240,"TYPICAL LOYALTY, OBEDIENCE, AND MORALE CHECK SITUATIONS",explicit_rule,page-sweep,core,,,
rule_quest,Ordered to Perform Heroic Act,TRIGGERS,rule_loyalty_check,Loyalty Check,failure means refusal,,neutral,unset,DMG,240,"TYPICAL LOYALTY, OBEDIENCE, AND MORALE CHECK SITUATIONS",explicit_rule,page-sweep,core,,,
rule_waterborne_travel,Water Setting,GATES,spell_monster_summoning,Summoned Monsters,separate fresh and salt water tables,,enables,derived,DMG,224,APPENDIX M: SUMMONED MONSTERS,explicit_rule,page-sweep,core,,,
rule_water_type,Fresh or Salt Water,FEEDS_INTO,spell_monster_summoning,Summoned Monsters,different creature lists,,neutral,derived,DMG,224,APPENDIX M: SUMMONED MONSTERS,explicit_rule,page-sweep,core,,,
rule_dm_discretion,DM Selection,OVERRIDES,spell_monster_summoning,Random Determination,the referee may choose the creature and numbers,,neutral,derived,DMG,224,APPENDIX M: SUMMONED MONSTERS,explicit_rule,page-sweep,core,explicit_replacement,,
rule_dm_discretion,Perceived Bias,CONSTRAINS,rule_dm_discretion,DM Selection,random rolling avoids accusations of favouritism,,neutral,unset,DMG,224,APPENDIX M: SUMMONED MONSTERS,explicit_rule,page-sweep,core,,,
rule_dm_discretion,Established Condition,GATES,item_ring,Elemental Command Ring,the referee sets the revealing condition,,enables,derived,DMG,130,TREASURE (RINGS),explicit_rule,page-sweep,core,,,
item_ring,Magic Ring,RESOLVED_BY,exp_level,Effective Caster Level,rings operate at a fixed level or the spell minimum,,governs,derived,DMG,130,TREASURE (RINGS),explicit_rule,page-sweep,core,,,
item_ring,Ring of Feather Falling,EXCLUDES,ex_falling,Falling Damage,automatic activation past a threshold,,negates,derived,DMG,130,TREASURE (RINGS),explicit_rule,page-sweep,core,,,
gen_dungeon_dressing,Religious Articles,FEEDS_INTO,rule_deity,Religious Setting,altars vestments and reliquaries,,neutral,derived,DMG,218,Religious Articles and Furnishings:,explicit_rule,page-sweep,core,,,
monster_aerial_servant,Aerial Servant,CONSTRAINS,item_magic_weapon,Weapon Threshold,struck only by enchanted arms,,governs,read,MM,6,AERIAL SERVANT,explicit_rule,mm-statblock,core,,,
monster_ant_giant,"Ant, Giant",TRIGGERS,save_poison,Saving Throw vs Poison,poison attack,,inflicts,read,MM,7,"ANT, Giant",explicit_rule,mm-statblock,core,,,
monster_beetle_giant,"Beetle, Giant",RESOLVED_BY,sys_psionics,Psionics,psionic ability,,governs,derived,MM,9,"BEETLE, Giant",explicit_rule,mm-statblock,core,,,
monster_beetle_giant,"Beetle, Giant",MODIFIES,magic_resistance,Magic Resistance,creature resistance,,improves,read,MM,9,"BEETLE, Giant",explicit_rule,mm-statblock,core,,,
monster_beholder,Beholder,MODIFIES,magic_resistance,Magic Resistance,creature resistance,,improves,read,MM,10,BEHOLDER,explicit_rule,mm-statblock,core,,,
monster_boar,Boar,MODIFIES,magic_resistance,Magic Resistance,creature resistance,,improves,read,MM,11,BOAR,explicit_rule,mm-statblock,core,,,
monster_chimera,Chimera,TRIGGERS,save_breath,Breath Weapon,breath attack,,inflicts,read,MM,14,CHIMERA,explicit_rule,mm-statblock,core,,,
monster_couatl,Couatl,RESOLVED_BY,sys_psionics,Psionics,psionic ability,,governs,derived,MM,15,COUATL,explicit_rule,mm-statblock,core,,,
monster_couatl,Couatl,TRIGGERS,save_poison,Saving Throw vs Poison,poison attack,,inflicts,read,MM,15,COUATL,explicit_rule,mm-statblock,core,,,
monster_crocodile,Crocodile,MODIFIES,magic_resistance,Magic Resistance,creature resistance,,improves,read,MM,15,CROCODILE,explicit_rule,mm-statblock,core,,,
monster_demogorgon_prince_of_demons,Demogorgon (Prince Of Demons),RESOLVED_BY,sys_psionics,Psionics,psionic ability,,governs,derived,MM,16,Demogorgon (Prince of Demons),explicit_rule,mm-statblock,core,,,
monster_demogorgon_prince_of_demons,Demogorgon (Prince Of Demons),MODIFIES,magic_resistance,Magic Resistance,creature resistance,,improves,read,MM,16,Demogorgon (Prince of Demons),explicit_rule,mm-statblock,core,,,
monster_demogorgon_prince_of_demons,Demogorgon (Prince Of Demons),CONSTRAINS,item_magic_weapon,Weapon Threshold,struck only by enchanted arms,,governs,read,MM,16,Demogorgon (Prince of Demons),explicit_rule,mm-statblock,core,,,
monster_juiblex_the_faceless_lord,Juiblex (The Faceless Lord),RESOLVED_BY,sys_psionics,Psionics,psionic ability,,governs,derived,MM,17,Juiblex (The Faceless Lord),explicit_rule,mm-statblock,core,,,
monster_juiblex_the_faceless_lord,Juiblex (The Faceless Lord),MODIFIES,magic_resistance,Magic Resistance,creature resistance,,improves,read,MM,17,Juiblex (The Faceless Lord),explicit_rule,mm-statblock,core,,,
monster_juiblex_the_faceless_lord,Juiblex (The Faceless Lord),CONSTRAINS,item_magic_weapon,Weapon Threshold,struck only by enchanted arms,,governs,read,MM,17,Juiblex (The Faceless Lord),explicit_rule,mm-statblock,core,,,
monster_manes_sub_demon,Manes (Sub-Demon),CONSTRAINS,item_magic_weapon,Weapon Threshold,struck only by enchanted arms,,governs,read,MM,17,Manes (Sub-Demon),explicit_rule,mm-statblock,core,,,
monster_orcus_prince_of_the_undead,Orcus (Prince Of The Undead),RESOLVED_BY,sys_psionics,Psionics,psionic ability,,governs,derived,MM,17,Orcus (Prince of the Undead),explicit_rule,mm-statblock,core,,,
monster_orcus_prince_of_the_undead,Orcus (Prince Of The Undead),MODIFIES,magic_resistance,Magic Resistance,creature resistance,,improves,read,MM,17,Orcus (Prince of the Undead),explicit_rule,mm-statblock,core,,,
monster_orcus_prince_of_the_undead,Orcus (Prince Of The Undead),CONSTRAINS,item_magic_weapon,Weapon Threshold,struck only by enchanted arms,,governs,read,MM,17,Orcus (Prince of the Undead),explicit_rule,mm-statblock,core,,,
monster_succubus,Succubus,RESOLVED_BY,sys_psionics,Psionics,psionic ability,,governs,derived,MM,18,Succubus,explicit_rule,mm-statblock,core,,,
monster_succubus,Succubus,MODIFIES,magic_resistance,Magic Resistance,creature resistance,,improves,read,MM,18,Succubus,explicit_rule,mm-statblock,core,,,
monster_succubus,Succubus,TRIGGERS,exp_level_loss,Energy Drain,draining attack,,inflicts,read,MM,18,Succubus,explicit_rule,mm-statblock,core,,,
monster_succubus,Succubus,CONSTRAINS,item_magic_weapon,Weapon Threshold,struck only by enchanted arms,,governs,read,MM,18,Succubus,explicit_rule,mm-statblock,core,,,
monster_type_i_vrock,Type I (Vrock),MODIFIES,magic_resistance,Magic Resistance,creature resistance,,improves,read,MM,18,Type I (Vrock),explicit_rule,mm-statblock,core,,,
monster_type_ii_hezrou,Type Ii (Hezrou),RESOLVED_BY,sys_psionics,Psionics,psionic ability,,governs,derived,MM,18,Type II (Hezrou),explicit_rule,mm-statblock,core,,,
monster_type_ii_hezrou,Type Ii (Hezrou),MODIFIES,magic_resistance,Magic Resistance,creature resistance,,improves,read,MM,18,Type II (Hezrou),explicit_rule,mm-statblock,core,,,
monster_type_iii_glabrezu,Type Iii (Glabrezu),RESOLVED_BY,sys_psionics,Psionics,psionic ability,,governs,derived,MM,18,Type III (Glabrezu),explicit_rule,mm-statblock,core,,,
monster_type_iii_glabrezu,Type Iii (Glabrezu),MODIFIES,magic_resistance,Magic Resistance,creature resistance,,improves,read,MM,18,Type III (Glabrezu),explicit_rule,mm-statblock,core,,,
monster_type_v_marilith_etc,"Type V (Marilith, Etc.)",RESOLVED_BY,sys_psionics,Psionics,psionic ability,,governs,derived,MM,19,"Type V (Marilith, etc.)",explicit_rule,mm-statblock,core,,,
monster_type_v_marilith_etc,"Type V (Marilith, Etc.)",MODIFIES,magic_resistance,Magic Resistance,creature resistance,,improves,read,MM,19,"Type V (Marilith, etc.)",explicit_rule,mm-statblock,core,,,
monster_type_v_marilith_etc,"Type V (Marilith, Etc.)",CONSTRAINS,item_magic_weapon,Weapon Threshold,struck only by enchanted arms,,governs,read,MM,19,"Type V (Marilith, etc.)",explicit_rule,mm-statblock,core,,,
monster_type_vi_balor_etc,"Type Vi (Balor, Etc.)",RESOLVED_BY,sys_psionics,Psionics,psionic ability,,governs,derived,MM,19,"Type VI (Balor, etc.)",explicit_rule,mm-statblock,core,,,
monster_type_vi_balor_etc,"Type Vi (Balor, Etc.)",MODIFIES,magic_resistance,Magic Resistance,creature resistance,,improves,read,MM,19,"Type VI (Balor, etc.)",explicit_rule,mm-statblock,core,,,
monster_type_vi_balor_etc,"Type Vi (Balor, Etc.)",CONSTRAINS,item_magic_weapon,Weapon Threshold,struck only by enchanted arms,,governs,read,MM,19,"Type VI (Balor, etc.)",explicit_rule,mm-statblock,core,,,
monster_yeenoghu_demon_lord_of_gnolls,Yeenoghu (Demon Lord Of Gnolls),RESOLVED_BY,sys_psionics,Psionics,psionic ability,,governs,derived,MM,19,Yeenoghu (Demon Lord of Gnolls),explicit_rule,mm-statblock,core,,,
monster_yeenoghu_demon_lord_of_gnolls,Yeenoghu (Demon Lord Of Gnolls),MODIFIES,magic_resistance,Magic Resistance,creature resistance,,improves,read,MM,19,Yeenoghu (Demon Lord of Gnolls),explicit_rule,mm-statblock,core,,,
monster_yeenoghu_demon_lord_of_gnolls,Yeenoghu (Demon Lord Of Gnolls),CONSTRAINS,item_magic_weapon,Weapon Threshold,struck only by enchanted arms,,governs,read,MM,19,Yeenoghu (Demon Lord of Gnolls),explicit_rule,mm-statblock,core,,,
monster_baalzebul_arch_devil,Baalzebul (Arch-Devil),RESOLVED_BY,sys_psionics,Psionics,psionic ability,,governs,derived,MM,21,Baalzebul (Arch-devil),explicit_rule,mm-statblock,core,,,
monster_baalzebul_arch_devil,Baalzebul (Arch-Devil),MODIFIES,magic_resistance,Magic Resistance,creature resistance,,improves,read,MM,21,Baalzebul (Arch-devil),explicit_rule,mm-statblock,core,,,
monster_baalzebul_arch_devil,Baalzebul (Arch-Devil),CONSTRAINS,item_magic_weapon,Weapon Threshold,struck only by enchanted arms,,governs,read,MM,21,Baalzebul (Arch-devil),explicit_rule,mm-statblock,core,,,
monster_barbed_lesser_devil,Barbed (Lesser Devil),MODIFIES,magic_resistance,Magic Resistance,creature resistance,,improves,read,MM,21,Barbed (Lesser devil),explicit_rule,mm-statblock,core,,,
monster_bone_lesser_devil,Bone (Lesser Devil),MODIFIES,magic_resistance,Magic Resistance,creature resistance,,improves,read,MM,21,Bone (Lesser devil),explicit_rule,mm-statblock,core,,,
monster_dispater_arch_devil,Dispater (Arch-Devil),RESOLVED_BY,sys_psionics,Psionics,psionic ability,,governs,derived,MM,21,Dispater (Arch-devil),explicit_rule,mm-statblock,core,,,
monster_dispater_arch_devil,Dispater (Arch-Devil),MODIFIES,magic_resistance,Magic Resistance,creature resistance,,improves,read,MM,21,Dispater (Arch-devil),explicit_rule,mm-statblock,core,,,
monster_dispater_arch_devil,Dispater (Arch-Devil),CONSTRAINS,item_magic_weapon,Weapon Threshold,struck only by enchanted arms,,governs,read,MM,21,Dispater (Arch-devil),explicit_rule,mm-statblock,core,,,
monster_erinyes_lesser_devil,Erinyes (Lesser Devil),MODIFIES,magic_resistance,Magic Resistance,creature resistance,,improves,read,MM,22,Erinyes (Lesser devil),explicit_rule,mm-statblock,core,,,
monster_geryon_arch_devil,Geryon (Arch-Devil),RESOLVED_BY,sys_psionics,Psionics,psionic ability,,governs,derived,MM,22,Geryon (Arch-devil),explicit_rule,mm-statblock,core,,,
monster_geryon_arch_devil,Geryon (Arch-Devil),MODIFIES,magic_resistance,Magic Resistance,creature resistance,,improves,read,MM,22,Geryon (Arch-devil),explicit_rule,mm-statblock,core,,,
monster_geryon_arch_devil,Geryon (Arch-Devil),CONSTRAINS,item_magic_weapon,Weapon Threshold,struck only by enchanted arms,,governs,read,MM,22,Geryon (Arch-devil),explicit_rule,mm-statblock,core,,,
monster_horned_malebranche_greater_devil,Horned (Malebranche) (Greater Devil),RESOLVED_BY,sys_psionics,Psionics,psionic ability,,governs,derived,MM,22,Horned (Malebranche) (Greater devil),explicit_rule,mm-statblock,core,,,
monster_horned_malebranche_greater_devil,Horned (Malebranche) (Greater Devil),MODIFIES,magic_resistance,Magic Resistance,creature resistance,,improves,read,MM,22,Horned (Malebranche) (Greater devil),explicit_rule,mm-statblock,core,,,
monster_horned_malebranche_greater_devil,Horned (Malebranche) (Greater Devil),CONSTRAINS,item_magic_weapon,Weapon Threshold,struck only by enchanted arms,,governs,read,MM,22,Horned (Malebranche) (Greater devil),explicit_rule,mm-statblock,core,,,
monster_ice_greater_devil,Ice (Greater Devil),RESOLVED_BY,sys_psionics,Psionics,psionic ability,,governs,derived,MM,22,Ice (Greater devil),explicit_rule,mm-statblock,core,,,
monster_ice_greater_devil,Ice (Greater Devil),MODIFIES,magic_resistance,Magic Resistance,creature resistance,,improves,read,MM,22,Ice (Greater devil),explicit_rule,mm-statblock,core,,,
monster_ice_greater_devil,Ice (Greater Devil),CONSTRAINS,item_magic_weapon,Weapon Threshold,struck only by enchanted arms,,governs,read,MM,22,Ice (Greater devil),explicit_rule,mm-statblock,core,,,
monster_dinichthys,Dinichthys,TRIGGERS,rule_swallow,Swallow Whole,swallowing attack,,inflicts,read,MM,25,Dinichthys,explicit_rule,mm-statblock,core,,,
monster_displacer_beast,Displacer Beast,MODIFIES,magic_resistance,Magic Resistance,creature resistance,,improves,read,MM,28,DISPLACER BEAST,explicit_rule,mm-statblock,core,,,
monster_dog,Dog,MODIFIES,magic_resistance,Magic Resistance,creature resistance,,improves,read,MM,29,DOG,explicit_rule,mm-statblock,core,,,
monster_doppleganger,Doppleganger,MODIFIES,magic_resistance,Magic Resistance,creature resistance,,improves,read,MM,29,DOPPLEGANGER,explicit_rule,mm-statblock,core,,,
monster_black_dragon_draco_causticus_sputem,Black Dragon (Draco Causticus Sputem),TRIGGERS,save_breath,Breath Weapon,breath attack,,inflicts,read,MM,31,Black Dragon (Draco Causticus Sputem),explicit_rule,mm-statblock,core,,,
monster_brass_dragon_draco_impudentus_gallus,Brass Dragon (Draco Impudentus Gallus),TRIGGERS,save_breath,Breath Weapon,breath attack,,inflicts,read,MM,31,Brass Dragon (Draco Impudentus Gallus),explicit_rule,mm-statblock,core,,,
monster_copper_dragon_draco_comes_stabuli,Copper Dragon (Draco Comes Stabuli),TRIGGERS,save_breath,Breath Weapon,breath attack,,inflicts,read,MM,32,Copper Dragon (Draco Comes Stabuli),explicit_rule,mm-statblock,core,,,
monster_green_dragon_draco_chlorinous_nauseous_respi,Green Dragon (Draco Chlorinous Nauseous Respiratorus),TRIGGERS,save_breath,Breath Weapon,breath attack,,inflicts,read,MM,33,Green Dragon (Draco Chlorinous Nauseous Respiratorus),explicit_rule,mm-statblock,core,,,
monster_platinum_dragon_bahamut,Platinum Dragon (Bahamut),TRIGGERS,save_breath,Breath Weapon,breath attack,,inflicts,read,MM,33,Platinum Dragon (Bahamut),explicit_rule,mm-statblock,core,,,
monster_red_dragon_draco_conflagratio_horriblis,Red Dragon (Draco Conflagratio Horriblis),TRIGGERS,save_breath,Breath Weapon,breath attack,,inflicts,read,MM,33,Red Dragon (Draco Conflagratio Horriblis),explicit_rule,mm-statblock,core,,,
monster_white_dragon_draco_rigidus_frigidus,White Dragon (Draco Rigidus Frigidus),TRIGGERS,save_breath,Breath Weapon,breath attack,,inflicts,read,MM,34,White Dragon (Draco Rigidus Frigidus),explicit_rule,mm-statblock,core,,,
monster_dryad,Dryad,MODIFIES,magic_resistance,Magic Resistance,creature resistance,,improves,read,MM,35,DRYAD,explicit_rule,mm-statblock,core,,,
monster_dwarf,Dwarf,MODIFIES,magic_resistance,Magic Resistance,creature resistance,,improves,read,MM,35,DWARF,explicit_rule,mm-statblock,core,,,
monster_eel,Eel,MODIFIES,magic_resistance,Magic Resistance,creature resistance,,improves,read,MM,36,EEL,explicit_rule,mm-statblock,core,,,
monster_eel,Eel,TRIGGERS,save_poison,Saving Throw vs Poison,poison attack,,inflicts,read,MM,36,EEL,explicit_rule,mm-statblock,core,,,
monster_air_elemental,Air Elemental,CONSTRAINS,item_magic_weapon,Weapon Threshold,struck only by enchanted arms,,governs,read,MM,37,Air Elemental,explicit_rule,mm-statblock,core,,,
monster_water_elemental,Water Elemental,CONSTRAINS,item_magic_weapon,Weapon Threshold,struck only by enchanted arms,,governs,read,MM,38,Water Elemental,explicit_rule,mm-statblock,core,,,
monster_elephant,Elephant,MODIFIES,magic_resistance,Magic Resistance,creature resistance,,improves,read,MM,38,ELEPHANT,explicit_rule,mm-statblock,core,,,
monster_elf,Elf,MODIFIES,magic_resistance,Magic Resistance,creature resistance,,improves,read,MM,39,ELF,explicit_rule,mm-statblock,core,,,
monster_frog_giant,"Frog, Giant",MODIFIES,magic_resistance,Magic Resistance,creature resistance,,improves,read,MM,41,"FROG, Giant",explicit_rule,mm-statblock,core,,,
monster_gargoyle,Gargoyle,CONSTRAINS,item_magic_weapon,Weapon Threshold,struck only by enchanted arms,,governs,read,MM,42,GARGOYLE,explicit_rule,mm-statblock,core,,,
monster_gelatinous_cube,Gelatinous Cube,MODIFIES,magic_resistance,Magic Resistance,creature resistance,,improves,read,MM,43,GELATINOUS CUBE,explicit_rule,mm-statblock,core,,,
monster_gelatinous_cube,Gelatinous Cube,TRIGGERS,rule_immobile,Paralysis,paralysing attack,,inflicts,read,MM,43,GELATINOUS CUBE,explicit_rule,mm-statblock,core,,,
monster_ghost,Ghost,MODIFIES,magic_resistance,Magic Resistance,creature resistance,,improves,read,MM,43,GHOST,explicit_rule,mm-statblock,core,,,
monster_ghoul,Ghoul,TRIGGERS,rule_immobile,Paralysis,paralysing attack,,inflicts,read,MM,43,GHOUL,explicit_rule,mm-statblock,core,,,
monster_clay_golem,Clay Golem,MODIFIES,magic_resistance,Magic Resistance,creature resistance,,improves,read,MM,47,Clay Golem,explicit_rule,mm-statblock,core,,,
monster_flesh_golem,Flesh Golem,MODIFIES,magic_resistance,Magic Resistance,creature resistance,,improves,read,MM,48,Flesh Golem,explicit_rule,mm-statblock,core,,,
monster_iron_golem,Iron Golem,MODIFIES,magic_resistance,Magic Resistance,creature resistance,,improves,read,MM,48,Iron Golem,explicit_rule,mm-statblock,core,,,
monster_stone_golem,Stone Golem,MODIFIES,magic_resistance,Magic Resistance,creature resistance,,improves,read,MM,48,Stone Golem,explicit_rule,mm-statblock,core,,,
monster_gorgon,Gorgon,TRIGGERS,save_breath,Breath Weapon,breath attack,,inflicts,read,MM,49,GORGON,explicit_rule,mm-statblock,core,,,
monster_gray_ooze,Gray Ooze,RESOLVED_BY,sys_psionics,Psionics,psionic ability,,governs,derived,MM,49,GRAY OOZE,explicit_rule,mm-statblock,core,,,
monster_gray_ooze,Gray Ooze,MODIFIES,magic_resistance,Magic Resistance,creature resistance,,improves,read,MM,49,GRAY OOZE,explicit_rule,mm-statblock,core,,,
monster_green_slime,Green Slime,MODIFIES,magic_resistance,Magic Resistance,creature resistance,,improves,read,MM,49,GREEN SLIME,explicit_rule,mm-statblock,core,,,
monster_groaning_spirit_banshee,Groaning Spirit (Banshee),MODIFIES,magic_resistance,Magic Resistance,creature resistance,,improves,read,MM,50,GROANING SPIRIT (Banshee),explicit_rule,mm-statblock,core,,,
monster_groaning_spirit_banshee,Groaning Spirit (Banshee),CONSTRAINS,item_magic_weapon,Weapon Threshold,struck only by enchanted arms,,governs,read,MM,50,GROANING SPIRIT (Banshee),explicit_rule,mm-statblock,core,,,
monster_hell_hound,Hell Hound,TRIGGERS,save_breath,Breath Weapon,breath attack,,inflicts,read,MM,51,HELL HOUND,explicit_rule,mm-statblock,core,,,
monster_homonculous,Homonculous,MODIFIES,magic_resistance,Magic Resistance,creature resistance,,improves,read,MM,53,HOMONCULOUS,explicit_rule,mm-statblock,core,,,
monster_horse,Horse,MODIFIES,magic_resistance,Magic Resistance,creature resistance,,improves,read,MM,53,HORSE,explicit_rule,mm-statblock,core,,,
monster_imp,Imp,MODIFIES,magic_resistance,Magic Resistance,creature resistance,,improves,read,MM,54,IMP,explicit_rule,mm-statblock,core,,,
monster_hyena,Hyena,MODIFIES,magic_resistance,Magic Resistance,creature resistance,,improves,read,MM,54,HYENA,explicit_rule,mm-statblock,core,,,
monster_intellect_devourer,Intellect Devourer,RESOLVED_BY,sys_psionics,Psionics,psionic ability,,governs,derived,MM,54,INTELLECT DEVOURER,explicit_rule,mm-statblock,core,,,
monster_intellect_devourer,Intellect Devourer,MODIFIES,magic_resistance,Magic Resistance,creature resistance,,improves,read,MM,54,INTELLECT DEVOURER,explicit_rule,mm-statblock,core,,,
monster_invisible_stalker,Invisible Stalker,MODIFIES,magic_resistance,Magic Resistance,creature resistance,,improves,read,MM,55,INVISIBLE STALKER,explicit_rule,mm-statblock,core,,,
monster_jackalwere,Jackalwere,CONSTRAINS,item_magic_weapon,Weapon Threshold,struck only by enchanted arms,,governs,read,MM,56,JACKALWERE,explicit_rule,mm-statblock,core,,,
monster_lammasu,Lammasu,MODIFIES,magic_resistance,Magic Resistance,creature resistance,,improves,read,MM,59,LAMMASU,explicit_rule,mm-statblock,core,,,
monster_lamprey,Lamprey,MODIFIES,magic_resistance,Magic Resistance,creature resistance,,improves,read,MM,59,LAMPREY,explicit_rule,mm-statblock,core,,,
monster_lich,Lich,RESOLVED_BY,sys_psionics,Psionics,psionic ability,,governs,derived,MM,61,LICH,explicit_rule,mm-statblock,core,,,
monster_lich,Lich,CONSTRAINS,item_magic_weapon,Weapon Threshold,struck only by enchanted arms,,governs,read,MM,61,LICH,explicit_rule,mm-statblock,core,,,
monster_lycanthrope,Lycanthrope,RESOLVED_BY,sys_psionics,Psionics,psionic ability,,governs,derived,MM,63,LYCANTHROPE,explicit_rule,mm-statblock,core,,,
monster_lycanthrope,Lycanthrope,CONSTRAINS,item_magic_weapon,Weapon Threshold,struck only by enchanted arms,,governs,read,MM,63,LYCANTHROPE,explicit_rule,mm-statblock,core,,,
monster_medusa,Medusa,TRIGGERS,save_poison,Saving Throw vs Poison,poison attack,,inflicts,read,MM,66,MEDUSA,explicit_rule,mm-statblock,core,,,
monster_bandit_brigand,Bandit (Brigand),RESOLVED_BY,sys_psionics,Psionics,psionic ability,,governs,derived,MM,66,Bandit (Brigand),explicit_rule,mm-statblock,core,,,
monster_dervish_nomad,Dervish (Nomad),RESOLVED_BY,sys_psionics,Psionics,psionic ability,,governs,derived,MM,68,Dervish (Nomad),explicit_rule,mm-statblock,core,,,
monster_mind_flayer,Mind Flayer,RESOLVED_BY,sys_psionics,Psionics,psionic ability,,governs,derived,MM,70,MIND FLAYER,explicit_rule,mm-statblock,core,,,
monster_mind_flayer,Mind Flayer,MODIFIES,magic_resistance,Magic Resistance,creature resistance,,improves,read,MM,70,MIND FLAYER,explicit_rule,mm-statblock,core,,,
monster_mold,Mold,MODIFIES,magic_resistance,Magic Resistance,creature resistance,,improves,read,MM,71,MOLD,explicit_rule,mm-statblock,core,,,
monster_mold,Mold,TRIGGERS,save_poison,Saving Throw vs Poison,poison attack,,inflicts,read,MM,71,MOLD,explicit_rule,mm-statblock,core,,,
monster_morkoth,Morkoth,MODIFIES,magic_resistance,Magic Resistance,creature resistance,,improves,read,MM,71,MORKOTH,explicit_rule,mm-statblock,core,,,
monster_naga,Naga,MODIFIES,magic_resistance,Magic Resistance,creature resistance,,improves,read,MM,72,NAGA,explicit_rule,mm-statblock,core,,,
monster_neo_otyugh,Neo-Otyugh,TRIGGERS,rule_disease,Disease,disease attack,,inflicts,read,MM,73,NEO-OTYUGH,explicit_rule,mm-statblock,core,,,
monster_night_hag,Night Hag,MODIFIES,magic_resistance,Magic Resistance,creature resistance,,improves,read,MM,73,NIGHT HAG,explicit_rule,mm-statblock,core,,,
monster_nixie,Nixie,MODIFIES,magic_resistance,Magic Resistance,creature resistance,,improves,read,MM,74,NIXIE,explicit_rule,mm-statblock,core,,,
monster_nymph,Nymph,MODIFIES,magic_resistance,Magic Resistance,creature resistance,,improves,read,MM,74,NYMPH,explicit_rule,mm-statblock,core,,,
monster_peryton,Peryton,CONSTRAINS,item_magic_weapon,Weapon Threshold,struck only by enchanted arms,,governs,read,MM,78,PERYTON,explicit_rule,mm-statblock,core,,,
monster_portuguese_man_o_war_giant,"Portuguese Man-O-War, Giant",TRIGGERS,rule_immobile,Paralysis,paralysing attack,,inflicts,read,MM,79,"PORTUGUESE MAN-O-WAR, Giant",explicit_rule,mm-statblock,core,,,
monster_pseudo_dragon,Pseudo-Dragon,MODIFIES,magic_resistance,Magic Resistance,creature resistance,,improves,read,MM,79,PSEUDO-DRAGON,explicit_rule,mm-statblock,core,,,
monster_pseudo_dragon,Pseudo-Dragon,TRIGGERS,save_poison,Saving Throw vs Poison,poison attack,,inflicts,read,MM,79,PSEUDO-DRAGON,explicit_rule,mm-statblock,core,,,
monster_quasit,Quasit,MODIFIES,magic_resistance,Magic Resistance,creature resistance,,improves,read,MM,80,QUASIT,explicit_rule,mm-statblock,core,,,
monster_rakshasa,Rakshasa,MODIFIES,magic_resistance,Magic Resistance,creature resistance,,improves,read,MM,81,RAKSHASA,explicit_rule,mm-statblock,core,,,
monster_ray,Ray,MODIFIES,magic_resistance,Magic Resistance,creature resistance,,improves,read,MM,81,RAY,explicit_rule,mm-statblock,core,,,
monster_remorhaz,Remorhaz,MODIFIES,magic_resistance,Magic Resistance,creature resistance,,improves,read,MM,82,REMORHAZ,explicit_rule,mm-statblock,core,,,
monster_rhinoceros,Rhinoceros,MODIFIES,magic_resistance,Magic Resistance,creature resistance,,improves,read,MM,82,RHINOCEROS,explicit_rule,mm-statblock,core,,,
monster_roper,Roper,MODIFIES,magic_resistance,Magic Resistance,creature resistance,,improves,read,MM,83,ROPER,explicit_rule,mm-statblock,core,,,
monster_roper,Roper,TRIGGERS,save_poison,Saving Throw vs Poison,poison attack,,inflicts,read,MM,83,ROPER,explicit_rule,mm-statblock,core,,,
monster_salamander,Salamander,CONSTRAINS,item_magic_weapon,Weapon Threshold,struck only by enchanted arms,,governs,read,MM,85,SALAMANDER,explicit_rule,mm-statblock,core,,,
monster_satyr,Satyr,MODIFIES,magic_resistance,Magic Resistance,creature resistance,,improves,read,MM,85,SATYR,explicit_rule,mm-statblock,core,,,
monster_scorpion_giant,"Scorpion, Giant",TRIGGERS,save_poison,Saving Throw vs Poison,poison attack,,inflicts,read,MM,85,"SCORPION, Giant",explicit_rule,mm-statblock,core,,,
monster_sea_hag,Sea Hag,MODIFIES,magic_resistance,Magic Resistance,creature resistance,,improves,read,MM,86,SEA HAG,explicit_rule,mm-statblock,core,,,
monster_shadow,Shadow,MODIFIES,magic_resistance,Magic Resistance,creature resistance,,improves,read,MM,86,SHADOW,explicit_rule,mm-statblock,core,,,
monster_shadow,Shadow,CONSTRAINS,item_magic_weapon,Weapon Threshold,struck only by enchanted arms,,governs,read,MM,86,SHADOW,explicit_rule,mm-statblock,core,,,
monster_shambling_mound,Shambling Mound,MODIFIES,magic_resistance,Magic Resistance,creature resistance,,improves,read,MM,87,SHAMBLING MOUND,explicit_rule,mm-statblock,core,,,
monster_shark,Shark,MODIFIES,magic_resistance,Magic Resistance,creature resistance,,improves,read,MM,87,SHARK,explicit_rule,mm-statblock,core,,,
monster_shedu,Shedu,MODIFIES,magic_resistance,Magic Resistance,creature resistance,,improves,read,MM,87,SHEDU,explicit_rule,mm-statblock,core,,,
monster_slithering_tracker,Slithering Tracker,TRIGGERS,rule_immobile,Paralysis,paralysing attack,,inflicts,read,MM,88,SLITHERING TRACKER,explicit_rule,mm-statblock,core,,,
monster_snake_giant,"Snake, Giant",MODIFIES,magic_resistance,Magic Resistance,creature resistance,,improves,read,MM,88,"SNAKE, Giant",explicit_rule,mm-statblock,core,,,
monster_snake_giant,"Snake, Giant",TRIGGERS,save_poison,Saving Throw vs Poison,poison attack,,inflicts,read,MM,88,"SNAKE, Giant",explicit_rule,mm-statblock,core,,,
monster_spectre,Spectre,MODIFIES,magic_resistance,Magic Resistance,creature resistance,,improves,read,MM,89,SPECTRE,explicit_rule,mm-statblock,core,,,
monster_spectre,Spectre,TRIGGERS,exp_level_loss,Energy Drain,draining attack,,inflicts,read,MM,89,SPECTRE,explicit_rule,mm-statblock,core,,,
monster_spectre,Spectre,CONSTRAINS,item_magic_weapon,Weapon Threshold,struck only by enchanted arms,,governs,read,MM,89,SPECTRE,explicit_rule,mm-statblock,core,,,
monster_sphinx,Sphinx,MODIFIES,magic_resistance,Magic Resistance,creature resistance,,improves,read,MM,89,SPHINX,explicit_rule,mm-statblock,core,,,
monster_spider,Spider,TRIGGERS,save_poison,Saving Throw vs Poison,poison attack,,inflicts,read,MM,90,SPIDER,explicit_rule,mm-statblock,core,,,
monster_stag,Stag,MODIFIES,magic_resistance,Magic Resistance,creature resistance,,improves,read,MM,92,STAG,explicit_rule,mm-statblock,core,,,
monster_su_monster,Su-Monster,RESOLVED_BY,sys_psionics,Psionics,psionic ability,,governs,derived,MM,93,SU-MONSTER,explicit_rule,mm-statblock,core,,,
monster_sylph,Sylph,MODIFIES,magic_resistance,Magic Resistance,creature resistance,,improves,read,MM,93,SYLPH,explicit_rule,mm-statblock,core,,,
monster_thought_eater,Thought Eater,MODIFIES,magic_resistance,Magic Resistance,creature resistance,,improves,read,MM,94,THOUGHT EATER,explicit_rule,mm-statblock,core,,,
monster_tiger,Tiger,MODIFIES,magic_resistance,Magic Resistance,creature resistance,,improves,read,MM,94,TIGER,explicit_rule,mm-statblock,core,,,
monster_titan,Titan,RESOLVED_BY,sys_psionics,Psionics,psionic ability,,governs,derived,MM,94,TITAN,explicit_rule,mm-statblock,core,,,
monster_titan,Titan,MODIFIES,magic_resistance,Magic Resistance,creature resistance,,improves,read,MM,94,TITAN,explicit_rule,mm-statblock,core,,,
monster_toad_giant,"Toad, Giant",MODIFIES,magic_resistance,Magic Resistance,creature resistance,,improves,read,MM,95,"TOAD, Giant",explicit_rule,mm-statblock,core,,,
monster_triton,Triton,RESOLVED_BY,sys_psionics,Psionics,psionic ability,,governs,derived,MM,96,TRITON,explicit_rule,mm-statblock,core,,,
monster_triton,Triton,MODIFIES,magic_resistance,Magic Resistance,creature resistance,,improves,read,MM,96,TRITON,explicit_rule,mm-statblock,core,,,
monster_troll,Troll,GATES,monster_regeneration,Regeneration,regenerative defence,,enables,derived,MM,97,TROLL,explicit_rule,mm-statblock,core,,,
monster_turtle,Turtle,MODIFIES,magic_resistance,Magic Resistance,creature resistance,,improves,read,MM,97,TURTLE,explicit_rule,mm-statblock,core,,,
monster_unicorn,Unicorn,MODIFIES,magic_resistance,Magic Resistance,creature resistance,,improves,read,MM,98,UNICORN,explicit_rule,mm-statblock,core,,,
monster_vampire,Vampire,MODIFIES,magic_resistance,Magic Resistance,creature resistance,,improves,read,MM,99,VAMPIRE,explicit_rule,mm-statblock,core,,,
monster_vampire,Vampire,TRIGGERS,exp_level_loss,Energy Drain,draining attack,,inflicts,read,MM,99,VAMPIRE,explicit_rule,mm-statblock,core,,,
monster_vampire,Vampire,CONSTRAINS,item_magic_weapon,Weapon Threshold,struck only by enchanted arms,,governs,read,MM,99,VAMPIRE,explicit_rule,mm-statblock,core,,,
monster_wasp_giant,"Wasp, Giant",TRIGGERS,save_poison,Saving Throw vs Poison,poison attack,,inflicts,read,MM,99,"WASP, Giant",explicit_rule,mm-statblock,core,,,
monster_wight,Wight,MODIFIES,magic_resistance,Magic Resistance,creature resistance,,improves,read,MM,100,WIGHT,explicit_rule,mm-statblock,core,,,
monster_wight,Wight,TRIGGERS,exp_level_loss,Energy Drain,draining attack,,inflicts,read,MM,100,WIGHT,explicit_rule,mm-statblock,core,,,
monster_wight,Wight,CONSTRAINS,item_magic_weapon,Weapon Threshold,struck only by enchanted arms,,governs,read,MM,100,WIGHT,explicit_rule,mm-statblock,core,,,
monster_will_o_the_wisp,Will-O-(The)-Wisp,MODIFIES,magic_resistance,Magic Resistance,creature resistance,,improves,read,MM,101,WILL-O-(THE)-WISP,explicit_rule,mm-statblock,core,,,
monster_wind_walker,Wind Walker,MODIFIES,magic_resistance,Magic Resistance,creature resistance,,improves,read,MM,101,WIND WALKER,explicit_rule,mm-statblock,core,,,
monster_wolf,Wolf,MODIFIES,magic_resistance,Magic Resistance,creature resistance,,improves,read,MM,101,WOLF,explicit_rule,mm-statblock,core,,,
monster_wolverine,Wolverine,MODIFIES,magic_resistance,Magic Resistance,creature resistance,,improves,read,MM,101,WOLVERINE,explicit_rule,mm-statblock,core,,,
monster_wraith,Wraith,MODIFIES,magic_resistance,Magic Resistance,creature resistance,,improves,read,MM,102,WRAITH,explicit_rule,mm-statblock,core,,,
monster_wraith,Wraith,TRIGGERS,exp_level_loss,Energy Drain,draining attack,,inflicts,read,MM,102,WRAITH,explicit_rule,mm-statblock,core,,,
monster_wraith,Wraith,CONSTRAINS,item_magic_weapon,Weapon Threshold,struck only by enchanted arms,,governs,read,MM,102,WRAITH,explicit_rule,mm-statblock,core,,,
monster_wyvern,Wyvern,TRIGGERS,save_poison,Saving Throw vs Poison,poison attack,,inflicts,read,MM,102,WYVERN,explicit_rule,mm-statblock,core,,,
monster_zombie,Zombie,MODIFIES,magic_resistance,Magic Resistance,creature resistance,,improves,read,MM,103,ZOMBIE,explicit_rule,mm-statblock,core,,,
exp_level,Experience Level,GATES,rule_spell_level_access,High-Level Spell Access,spell level access,lesser casters only under stated circumstances and at risk,enables,derived,PHB,8,CREATING THE PLAYER CHARACTER — An Explanation of the Usages of the Term Level,explicit_rule,page-sweep,core,,,class_level_conflation
rule_hit_points,Hit Points,DERIVED_FROM,sys_classes,Character Class,hit die type,,neutral,derived,PHB,8,CREATING THE PLAYER CHARACTER,explicit_rule,page-sweep,core,,,
rule_languages,Languages,DERIVED_FROM,sys_alignment,Alignment,known languages,,neutral,derived,PHB,8,CREATING THE PLAYER CHARACTER,explicit_rule,page-sweep,core,,,
rule_languages,Languages,DERIVED_FROM,sys_classes,Character Class,known languages,,neutral,derived,PHB,8,CREATING THE PLAYER CHARACTER,explicit_rule,page-sweep,core,,,
rule_sex,Character Sex,EXCLUDED_FROM,sys_ability_scores,Ability Scores,ability determination,"except maximum score, set jointly with race",negates,derived,PHB,7,THE GAME,explicit_rule,page-sweep,core,,,
rule_starting_money,Player Character Starting Money,FEEDS_INTO,sys_equipment,Equipment,purchasing power,at character creation,neutral,derived,PHB,8,CREATING THE PLAYER CHARACTER,explicit_rule,page-sweep,core,,,
abil_strength,Strength,GATES,class_ranger,Ranger,class eligibility,,enables,derived,PHB,9,STRENGTH TABLE I,explicit_rule,page-sweep,core,,,
abil_strength,Strength,CONSTRAINS,sys_classes,Character Class,class eligibility,at the lowest scores,worsens,read,PHB,9,STRENGTH TABLE I,explicit_rule,page-sweep,core,,,
rule_sex,Character Sex,CONSTRAINS,abil_strength,Strength,maximum score,jointly with race,worsens,read,PHB,9,STRENGTH TABLE I,explicit_rule,page-sweep,core,,,
abil_intelligence,Intelligence,CONSTRAINS,sys_classes,Character Class,class eligibility,at the lowest scores,worsens,read,PHB,10,INTELLIGENCE TABLE I,explicit_rule,page-sweep,core,,,
abil_intelligence,Intelligence,TRIGGERS,rule_chance_know_spell,Chance to Know Each Listed Spell,recheck of known spells,on relatively permanent score change,inflicts,read,PHB,10,Notes Regarding Intelligence Table II,explicit_rule,page-sweep,core,,,
abil_wisdom,Wisdom,CONSTRAINS,sys_classes,Character Class,class eligibility,at the lowest scores,worsens,read,PHB,11,WISDOM TABLE I,explicit_rule,page-sweep,core,,,
exp_level,Experience Level,GATES,rule_cleric_bonus_spells,Cleric Bonus Spells,availability,only when the spell level is reached,enables,derived,PHB,11,Notes Regarding Wisdom Table II,explicit_rule,page-sweep,core,,,
abil_dexterity,Dexterity,MODIFIES,thief_pick_pockets,Pick Pockets,success chance,,improves,read,PHB,12,DEXTERITY TABLE II: ADJUSTMENTS FOR THIEVES,explicit_rule,page-sweep,core,,,
abil_dexterity,Dexterity,MODIFIES,thief_open_locks,Open Locks,success chance,,improves,read,PHB,12,DEXTERITY TABLE II: ADJUSTMENTS FOR THIEVES,explicit_rule,page-sweep,core,,,
abil_dexterity,Dexterity,MODIFIES,thief_find_remove_traps,Find/Remove Traps,success chance,,improves,read,PHB,12,DEXTERITY TABLE II: ADJUSTMENTS FOR THIEVES,explicit_rule,page-sweep,core,,,
abil_dexterity,Dexterity,MODIFIES,thief_move_silently,Move Silently,success chance,,improves,read,PHB,12,DEXTERITY TABLE II: ADJUSTMENTS FOR THIEVES,explicit_rule,page-sweep,core,,,
abil_dexterity,Dexterity,MODIFIES,thief_hide_in_shadows,Hide in Shadows,success chance,,improves,read,PHB,12,DEXTERITY TABLE II: ADJUSTMENTS FOR THIEVES,explicit_rule,page-sweep,core,,,
abil_dexterity,Dexterity,GATES,class_illusionist,Illusionist,class eligibility,,enables,derived,PHB,11,DEXTERITY TABLE I,explicit_rule,page-sweep,core,,,
abil_dexterity,Dexterity,CONSTRAINS,sys_classes,Character Class,class eligibility,at the lowest scores,worsens,read,PHB,11,DEXTERITY TABLE I,explicit_rule,page-sweep,core,,,
race_demihuman,Demihuman,MODIFIES,thief_skills,Thief Skills,racial adjustment,,improves,read,PHB,12,Notes Regarding Dexterity Table II,explicit_rule,page-sweep,core,,,
sys_classes,Character Class,CONSTRAINS,rule_hit_points,Hit Points,constitution bonus cap,non-fighter classes,worsens,read,PHB,12,Notes Regarding Constitution Table,explicit_rule,page-sweep,core,,,
abil_constitution,Constitution,CONSTRAINS,sys_classes,Character Class,class eligibility,at the lowest scores,worsens,read,PHB,12,CONSTITUTION TABLE,explicit_rule,page-sweep,core,,,
abil_charisma,Charisma,GATES,class_druid,Druid,class eligibility,,enables,derived,PHB,13,CHARISMA TABLE,explicit_rule,page-sweep,core,,,
abil_charisma,Charisma,CONSTRAINS,sys_classes,Character Class,class eligibility,at the lowest scores,worsens,read,PHB,13,CHARISMA TABLE,explicit_rule,page-sweep,core,,,
abil_cha_max_henchmen,Maximum Henchmen,EXCLUDED_FROM,hench_mercenary,Mercenary Soldier,troop numbers,,negates,derived,PHB,13,Notes Regarding Charisma Table,explicit_rule,page-sweep,core,,,
class_fighter,Fighter,GATES,abil_str_exceptional,Exceptional Strength,eligibility to roll,,enables,derived,PHB,9,Strength,explicit_rule,page-sweep,core,,,
abil_str_exceptional,Exceptional Strength,DERIVED_FROM,abil_strength,Strength,percentile subdivision,,neutral,derived,PHB,9,Strength,explicit_rule,page-sweep,core,,,
abil_strength,Strength,MODIFIES,rule_prime_requisite,Prime Requisite Experience Bonus,experience bonus,fighter at high score,improves,read,PHB,9,Strength,explicit_rule,page-sweep,core,,,
abil_intelligence,Intelligence,MODIFIES,rule_prime_requisite,Prime Requisite Experience Bonus,experience bonus,magic-user at high score,improves,read,PHB,10,Intelligence,explicit_rule,page-sweep,core,,,
abil_wisdom,Wisdom,MODIFIES,rule_prime_requisite,Prime Requisite Experience Bonus,experience bonus,cleric at high score,improves,read,PHB,11,Wisdom,explicit_rule,page-sweep,core,,,
abil_dex_reaction_adjustment,Reaction/Attacking Adjustment,MODIFIES,cbt_missile,Missile Fire,attack adjustment,,improves,read,PHB,11,Notes Regarding Dexterity Table I,explicit_rule,page-sweep,core,,,
abil_dex_defensive_adjustment,Dexterity Defensive Adjustment,MODIFIES,save_spell,Spell,saving throw,attacks permitting dodging,improves,read,PHB,11,Notes Regarding Dexterity Table I,explicit_rule,page-sweep,core,,,
abil_dexterity,Dexterity,MODIFIES,rule_prime_requisite,Prime Requisite Experience Bonus,experience bonus,thief at high score,improves,read,PHB,11,Dexterity,explicit_rule,page-sweep,core,,,
abil_constitution,Constitution,CONSTRAINS,rule_revivification_limit,Lifetime Revivification Limit,lifetime revivifications,initial score only,improves,read,PHB,12,Constitution,explicit_rule,page-sweep,core,,,
race_dwarf,Dwarf,EXCLUDES,class_cleric,Cleric,class eligibility,,negates,derived,PHB,13,CHARACTER RACE TABLE I: CHARACTER CLASS LIMITATIONS,explicit_rule,page-sweep,core,,,
race_dwarf,Dwarf,EXCLUDES,class_druid,Druid,class eligibility,,negates,derived,PHB,13,CHARACTER RACE TABLE I: CHARACTER CLASS LIMITATIONS,explicit_rule,page-sweep,core,,,
race_dwarf,Dwarf,EXCLUDES,class_paladin,Paladin,class eligibility,,negates,derived,PHB,13,CHARACTER RACE TABLE I: CHARACTER CLASS LIMITATIONS,explicit_rule,page-sweep,core,,,
race_dwarf,Dwarf,EXCLUDES,class_ranger,Ranger,class eligibility,,negates,derived,PHB,13,CHARACTER RACE TABLE I: CHARACTER CLASS LIMITATIONS,explicit_rule,page-sweep,core,,,
race_dwarf,Dwarf,EXCLUDES,class_magic_user,Magic-User,class eligibility,,negates,derived,PHB,13,CHARACTER RACE TABLE I: CHARACTER CLASS LIMITATIONS,explicit_rule,page-sweep,core,,,
race_dwarf,Dwarf,EXCLUDES,class_illusionist,Illusionist,class eligibility,,negates,derived,PHB,13,CHARACTER RACE TABLE I: CHARACTER CLASS LIMITATIONS,explicit_rule,page-sweep,core,,,
race_dwarf,Dwarf,EXCLUDES,class_monk,Monk,class eligibility,,negates,derived,PHB,13,CHARACTER RACE TABLE I: CHARACTER CLASS LIMITATIONS,explicit_rule,page-sweep,core,,,
race_elf,Elf,EXCLUDES,class_cleric,Cleric,class eligibility,,negates,derived,PHB,13,CHARACTER RACE TABLE I: CHARACTER CLASS LIMITATIONS,explicit_rule,page-sweep,core,,,
race_elf,Elf,EXCLUDES,class_druid,Druid,class eligibility,,negates,derived,PHB,13,CHARACTER RACE TABLE I: CHARACTER CLASS LIMITATIONS,explicit_rule,page-sweep,core,,,
race_elf,Elf,EXCLUDES,class_paladin,Paladin,class eligibility,,negates,derived,PHB,13,CHARACTER RACE TABLE I: CHARACTER CLASS LIMITATIONS,explicit_rule,page-sweep,core,,,
race_elf,Elf,EXCLUDES,class_ranger,Ranger,class eligibility,,negates,derived,PHB,13,CHARACTER RACE TABLE I: CHARACTER CLASS LIMITATIONS,explicit_rule,page-sweep,core,,,
race_elf,Elf,EXCLUDES,class_illusionist,Illusionist,class eligibility,,negates,derived,PHB,13,CHARACTER RACE TABLE I: CHARACTER CLASS LIMITATIONS,explicit_rule,page-sweep,core,,,
race_elf,Elf,EXCLUDES,class_monk,Monk,class eligibility,,negates,derived,PHB,13,CHARACTER RACE TABLE I: CHARACTER CLASS LIMITATIONS,explicit_rule,page-sweep,core,,,
race_gnome,Gnome,EXCLUDES,class_cleric,Cleric,class eligibility,,negates,derived,PHB,13,CHARACTER RACE TABLE I: CHARACTER CLASS LIMITATIONS,explicit_rule,page-sweep,core,,,
race_gnome,Gnome,EXCLUDES,class_druid,Druid,class eligibility,,negates,derived,PHB,13,CHARACTER RACE TABLE I: CHARACTER CLASS LIMITATIONS,explicit_rule,page-sweep,core,,,
race_gnome,Gnome,EXCLUDES,class_paladin,Paladin,class eligibility,,negates,derived,PHB,13,CHARACTER RACE TABLE I: CHARACTER CLASS LIMITATIONS,explicit_rule,page-sweep,core,,,
race_gnome,Gnome,EXCLUDES,class_ranger,Ranger,class eligibility,,negates,derived,PHB,13,CHARACTER RACE TABLE I: CHARACTER CLASS LIMITATIONS,explicit_rule,page-sweep,core,,,
race_gnome,Gnome,EXCLUDES,class_magic_user,Magic-User,class eligibility,,negates,derived,PHB,13,CHARACTER RACE TABLE I: CHARACTER CLASS LIMITATIONS,explicit_rule,page-sweep,core,,,
race_gnome,Gnome,EXCLUDES,class_monk,Monk,class eligibility,,negates,derived,PHB,13,CHARACTER RACE TABLE I: CHARACTER CLASS LIMITATIONS,explicit_rule,page-sweep,core,,,
race_half_elf,Half-Elf,EXCLUDES,class_paladin,Paladin,class eligibility,,negates,derived,PHB,13,CHARACTER RACE TABLE I: CHARACTER CLASS LIMITATIONS,explicit_rule,page-sweep,core,,,
race_half_elf,Half-Elf,EXCLUDES,class_illusionist,Illusionist,class eligibility,,negates,derived,PHB,13,CHARACTER RACE TABLE I: CHARACTER CLASS LIMITATIONS,explicit_rule,page-sweep,core,,,
race_half_elf,Half-Elf,EXCLUDES,class_monk,Monk,class eligibility,,negates,derived,PHB,13,CHARACTER RACE TABLE I: CHARACTER CLASS LIMITATIONS,explicit_rule,page-sweep,core,,,
race_halfling,Halfling,EXCLUDES,class_cleric,Cleric,class eligibility,,negates,derived,PHB,13,CHARACTER RACE TABLE I: CHARACTER CLASS LIMITATIONS,explicit_rule,page-sweep,core,,,
race_halfling,Halfling,EXCLUDES,class_druid,Druid,class eligibility,,negates,derived,PHB,13,CHARACTER RACE TABLE I: CHARACTER CLASS LIMITATIONS,explicit_rule,page-sweep,core,,,
race_halfling,Halfling,EXCLUDES,class_paladin,Paladin,class eligibility,,negates,derived,PHB,13,CHARACTER RACE TABLE I: CHARACTER CLASS LIMITATIONS,explicit_rule,page-sweep,core,,,
race_halfling,Halfling,EXCLUDES,class_ranger,Ranger,class eligibility,,negates,derived,PHB,13,CHARACTER RACE TABLE I: CHARACTER CLASS LIMITATIONS,explicit_rule,page-sweep,core,,,
race_halfling,Halfling,EXCLUDES,class_magic_user,Magic-User,class eligibility,,negates,derived,PHB,13,CHARACTER RACE TABLE I: CHARACTER CLASS LIMITATIONS,explicit_rule,page-sweep,core,,,
race_halfling,Halfling,EXCLUDES,class_illusionist,Illusionist,class eligibility,,negates,derived,PHB,13,CHARACTER RACE TABLE I: CHARACTER CLASS LIMITATIONS,explicit_rule,page-sweep,core,,,
race_halfling,Halfling,EXCLUDES,class_assassin,Assassin,class eligibility,,negates,derived,PHB,13,CHARACTER RACE TABLE I: CHARACTER CLASS LIMITATIONS,explicit_rule,page-sweep,core,,,
race_halfling,Halfling,EXCLUDES,class_monk,Monk,class eligibility,,negates,derived,PHB,13,CHARACTER RACE TABLE I: CHARACTER CLASS LIMITATIONS,explicit_rule,page-sweep,core,,,
race_half_orc,Half-Orc,EXCLUDES,class_druid,Druid,class eligibility,,negates,derived,PHB,13,CHARACTER RACE TABLE I: CHARACTER CLASS LIMITATIONS,explicit_rule,page-sweep,core,,,
race_half_orc,Half-Orc,EXCLUDES,class_paladin,Paladin,class eligibility,,negates,derived,PHB,13,CHARACTER RACE TABLE I: CHARACTER CLASS LIMITATIONS,explicit_rule,page-sweep,core,,,
race_half_orc,Half-Orc,EXCLUDES,class_ranger,Ranger,class eligibility,,negates,derived,PHB,13,CHARACTER RACE TABLE I: CHARACTER CLASS LIMITATIONS,explicit_rule,page-sweep,core,,,
race_half_orc,Half-Orc,EXCLUDES,class_magic_user,Magic-User,class eligibility,,negates,derived,PHB,13,CHARACTER RACE TABLE I: CHARACTER CLASS LIMITATIONS,explicit_rule,page-sweep,core,,,
race_half_orc,Half-Orc,EXCLUDES,class_illusionist,Illusionist,class eligibility,,negates,derived,PHB,13,CHARACTER RACE TABLE I: CHARACTER CLASS LIMITATIONS,explicit_rule,page-sweep,core,,,
race_half_orc,Half-Orc,EXCLUDES,class_monk,Monk,class eligibility,,negates,derived,PHB,13,CHARACTER RACE TABLE I: CHARACTER CLASS LIMITATIONS,explicit_rule,page-sweep,core,,,
race_dwarf,Dwarf,CONSTRAINS,exp_level,Experience Level,maximum level,varies by class,worsens,read,PHB,14,CHARACTER RACE TABLE II: CLASS LEVEL LIMITATIONS,explicit_rule,page-sweep,core,,,
race_elf,Elf,CONSTRAINS,exp_level,Experience Level,maximum level,varies by class,worsens,read,PHB,14,CHARACTER RACE TABLE II: CLASS LEVEL LIMITATIONS,explicit_rule,page-sweep,core,,,
race_gnome,Gnome,CONSTRAINS,exp_level,Experience Level,maximum level,varies by class,worsens,read,PHB,14,CHARACTER RACE TABLE II: CLASS LEVEL LIMITATIONS,explicit_rule,page-sweep,core,,,
race_half_elf,Half-Elf,CONSTRAINS,exp_level,Experience Level,maximum level,varies by class,worsens,read,PHB,14,CHARACTER RACE TABLE II: CLASS LEVEL LIMITATIONS,explicit_rule,page-sweep,core,,,
race_halfling,Halfling,CONSTRAINS,exp_level,Experience Level,maximum level,varies by class,worsens,read,PHB,14,CHARACTER RACE TABLE II: CLASS LEVEL LIMITATIONS,explicit_rule,page-sweep,core,,,
race_half_orc,Half-Orc,CONSTRAINS,exp_level,Experience Level,maximum level,varies by class,worsens,read,PHB,14,CHARACTER RACE TABLE II: CLASS LEVEL LIMITATIONS,explicit_rule,page-sweep,core,,,
abil_strength,Strength,GATES,race_dwarf,Dwarf,racial minimum,,enables,derived,PHB,15,CHARACTER RACE TABLE III: ABILITY SCORE MINIMUMS & MAXIMUMS,explicit_rule,page-sweep,core,,,
abil_strength,Strength,GATES,race_gnome,Gnome,racial minimum,,enables,derived,PHB,15,CHARACTER RACE TABLE III: ABILITY SCORE MINIMUMS & MAXIMUMS,explicit_rule,page-sweep,core,,,
abil_strength,Strength,GATES,race_halfling,Halfling,racial minimum,,enables,derived,PHB,15,CHARACTER RACE TABLE III: ABILITY SCORE MINIMUMS & MAXIMUMS,explicit_rule,page-sweep,core,,,
abil_strength,Strength,GATES,race_half_orc,Half-Orc,racial minimum,,enables,derived,PHB,15,CHARACTER RACE TABLE III: ABILITY SCORE MINIMUMS & MAXIMUMS,explicit_rule,page-sweep,core,,,
abil_constitution,Constitution,GATES,race_half_elf,Half-Elf,racial minimum,,enables,derived,PHB,15,CHARACTER RACE TABLE III: ABILITY SCORE MINIMUMS & MAXIMUMS,explicit_rule,page-sweep,core,,,
abil_charisma,Charisma,GATES,race_elf,Elf,racial minimum,,enables,derived,PHB,15,CHARACTER RACE TABLE III: ABILITY SCORE MINIMUMS & MAXIMUMS,explicit_rule,page-sweep,core,,,
race_dwarf,Dwarf,CONSTRAINS,abil_strength,Strength,maximum score,females only,worsens,read,PHB,15,CHARACTER RACE TABLE III: ABILITY SCORE MINIMUMS & MAXIMUMS,explicit_rule,page-sweep,core,,,
race_elf,Elf,CONSTRAINS,abil_strength,Strength,maximum score,females only,worsens,read,PHB,15,CHARACTER RACE TABLE III: ABILITY SCORE MINIMUMS & MAXIMUMS,explicit_rule,page-sweep,core,,,
race_gnome,Gnome,CONSTRAINS,abil_strength,Strength,maximum score,females only,worsens,read,PHB,15,CHARACTER RACE TABLE III: ABILITY SCORE MINIMUMS & MAXIMUMS,explicit_rule,page-sweep,core,,,
race_half_elf,Half-Elf,CONSTRAINS,abil_strength,Strength,maximum score,females only,worsens,read,PHB,15,CHARACTER RACE TABLE III: ABILITY SCORE MINIMUMS & MAXIMUMS,explicit_rule,page-sweep,core,,,
race_halfling,Halfling,CONSTRAINS,abil_strength,Strength,maximum score,"both sexes, lower for females",worsens,read,PHB,15,CHARACTER RACE TABLE III: ABILITY SCORE MINIMUMS & MAXIMUMS,explicit_rule,page-sweep,core,,,
race_half_orc,Half-Orc,CONSTRAINS,abil_intelligence,Intelligence,maximum score,,worsens,read,PHB,15,CHARACTER RACE TABLE III: ABILITY SCORE MINIMUMS & MAXIMUMS,explicit_rule,page-sweep,core,,,
race_halfling,Halfling,CONSTRAINS,abil_wisdom,Wisdom,maximum score,,worsens,read,PHB,15,CHARACTER RACE TABLE III: ABILITY SCORE MINIMUMS & MAXIMUMS,explicit_rule,page-sweep,core,,,
race_half_orc,Half-Orc,CONSTRAINS,abil_wisdom,Wisdom,maximum score,,worsens,read,PHB,15,CHARACTER RACE TABLE III: ABILITY SCORE MINIMUMS & MAXIMUMS,explicit_rule,page-sweep,core,,,
race_dwarf,Dwarf,CONSTRAINS,abil_dexterity,Dexterity,maximum score,,worsens,read,PHB,15,CHARACTER RACE TABLE III: ABILITY SCORE MINIMUMS & MAXIMUMS,explicit_rule,page-sweep,core,,,
race_elf,Elf,CONSTRAINS,abil_dexterity,Dexterity,maximum score,ceiling raised above the human maximum,improves,read,PHB,15,CHARACTER RACE TABLE III: ABILITY SCORE MINIMUMS & MAXIMUMS,explicit_rule,page-sweep,core,,,
race_half_orc,Half-Orc,CONSTRAINS,abil_dexterity,Dexterity,maximum score,,worsens,read,PHB,15,CHARACTER RACE TABLE III: ABILITY SCORE MINIMUMS & MAXIMUMS,explicit_rule,page-sweep,core,,,
race_dwarf,Dwarf,CONSTRAINS,abil_constitution,Constitution,maximum score,ceiling raised above the human maximum,improves,read,PHB,15,CHARACTER RACE TABLE III: ABILITY SCORE MINIMUMS & MAXIMUMS,explicit_rule,page-sweep,core,,,
race_halfling,Halfling,CONSTRAINS,abil_constitution,Constitution,maximum score,ceiling raised above the human maximum,improves,read,PHB,15,CHARACTER RACE TABLE III: ABILITY SCORE MINIMUMS & MAXIMUMS,explicit_rule,page-sweep,core,,,
race_half_orc,Half-Orc,CONSTRAINS,abil_constitution,Constitution,maximum score,ceiling raised above the human maximum,improves,read,PHB,15,CHARACTER RACE TABLE III: ABILITY SCORE MINIMUMS & MAXIMUMS,explicit_rule,page-sweep,core,,,
race_dwarf,Dwarf,CONSTRAINS,abil_charisma,Charisma,maximum score,outside the character's own race,worsens,read,PHB,15,CHARACTER RACE TABLE III: ABILITY SCORE MINIMUMS & MAXIMUMS,explicit_rule,page-sweep,core,,,
race_half_orc,Half-Orc,CONSTRAINS,abil_charisma,Charisma,maximum score,outside the character's own race,worsens,read,PHB,15,CHARACTER RACE TABLE III: ABILITY SCORE MINIMUMS & MAXIMUMS,explicit_rule,page-sweep,core,,,
race_dwarf,Dwarf,MODIFIES,save_rod_staff_wand,Rod Staff or Wand,saving throw,scaled by constitution,improves,read,PHB,15,Dwarves,explicit_rule,page-sweep,core,,,
race_dwarf,Dwarf,MODIFIES,save_spell,Spell,saving throw,scaled by constitution,improves,read,PHB,15,Dwarves,explicit_rule,page-sweep,core,,,
race_dwarf,Dwarf,MODIFIES,save_poison,Saving Throw vs Poison,saving throw,scaled by constitution,improves,read,PHB,15,Dwarves,explicit_rule,page-sweep,core,,,
race_dwarf,Dwarf,CONSTRAINS,rule_languages,Languages,additional language limit,regardless of intelligence,worsens,read,PHB,15,Dwarves,explicit_rule,page-sweep,core,,,
race_dwarf,Dwarf,GATES,race_infravision,Infravision,racial vision,,enables,derived,PHB,15,Dwarves,explicit_rule,page-sweep,core,,,
race_dwarf,Dwarf,GATES,rule_detection,Detection,underground detection,when actively seeking,enables,derived,PHB,,Dwarves,explicit_rule,page-sweep,core,,,
race_dwarf,Dwarf,MODIFIES,cbt_tohit,To-Hit Roll,attack and defence adjustment,versus specified creature types,improves,read,PHB,16,Dwarves,explicit_rule,page-sweep,core,,,
race_dwarf,Dwarf,MODIFIES,abil_cha_max_henchmen,Maximum Henchmen,henchman ceiling,dwarven henchmen,improves,read,PHB,16,Dwarves,explicit_rule,page-sweep,core,,,
race_elf,Elf,MODIFIES,spell_sleep,Sleep,spell resistance,,worsens,read,PHB,16,Elves,explicit_rule,page-sweep,core,,,
race_elf,Elf,MODIFIES,cbt_tohit,To-Hit Roll,attack adjustment,bow or sword,improves,read,PHB,16,Elves,explicit_rule,page-sweep,core,,,
race_elf,Elf,MODIFIES,rule_languages,Languages,additional languages,scaled by intelligence,improves,read,PHB,16,Elves,explicit_rule,page-sweep,core,,,
race_elf,Elf,GATES,race_infravision,Infravision,racial vision,,enables,derived,PHB,16,Elves,explicit_rule,page-sweep,core,,,
race_elf,Elf,MODIFIES,cbt_surprise,Surprise,surprise chance,"alone or well in advance, not in metal armour",improves,read,PHB,16,Elves,explicit_rule,page-sweep,core,,,
race_gnome,Gnome,MODIFIES,save_rod_staff_wand,Rod Staff or Wand,saving throw,scaled by constitution,improves,read,PHB,16,Gnomes,explicit_rule,page-sweep,core,,,
race_gnome,Gnome,MODIFIES,save_spell,Spell,saving throw,scaled by constitution,improves,read,PHB,16,Gnomes,explicit_rule,page-sweep,core,,,
race_gnome,Gnome,CONSTRAINS,rule_languages,Languages,additional language limit,regardless of intelligence,worsens,read,PHB,16,Gnomes,explicit_rule,page-sweep,core,,,
race_gnome,Gnome,GATES,race_infravision,Infravision,racial vision,,enables,derived,PHB,16,Gnomes,explicit_rule,page-sweep,core,,,
race_gnome,Gnome,GATES,rule_detection,Detection,underground detection,when actively seeking,enables,derived,PHB,,Gnomes,explicit_rule,page-sweep,core,,,
race_gnome,Gnome,MODIFIES,cbt_tohit,To-Hit Roll,attack and defence adjustment,versus specified creature types,improves,read,PHB,17,Gnomes,explicit_rule,page-sweep,core,,,
race_half_elf,Half-Elf,MODIFIES,spell_sleep,Sleep,spell resistance,,worsens,read,PHB,17,Half-Elves,explicit_rule,page-sweep,core,,,
race_half_elf,Half-Elf,MODIFIES,rule_languages,Languages,additional languages,scaled by intelligence,improves,read,PHB,17,Half-Elves,explicit_rule,page-sweep,core,,,
race_half_elf,Half-Elf,GATES,race_infravision,Infravision,racial vision,,enables,derived,PHB,17,Half-Elves,explicit_rule,page-sweep,core,,,
race_half_elf,Half-Elf,MODIFIES,ex_secret_doors,Secret Doors,detection chance,,improves,read,PHB,17,Half-Elves,explicit_rule,page-sweep,core,,,
race_halfling,Halfling,MODIFIES,save_rod_staff_wand,Rod Staff or Wand,saving throw,scaled by constitution,improves,read,PHB,17,Halflings,explicit_rule,page-sweep,core,,,
race_halfling,Halfling,MODIFIES,save_spell,Spell,saving throw,scaled by constitution,improves,read,PHB,17,Halflings,explicit_rule,page-sweep,core,,,
race_halfling,Halfling,MODIFIES,save_poison,Saving Throw vs Poison,saving throw,scaled by constitution,improves,read,PHB,17,Halflings,explicit_rule,page-sweep,core,,,
race_halfling,Halfling,MODIFIES,rule_languages,Languages,additional languages,scaled by intelligence,improves,read,PHB,17,Halflings,explicit_rule,page-sweep,core,,,
race_halfling,Halfling,GATES,rule_detection,Detection,underground detection,when concentrating,enables,derived,PHB,17,Halflings,explicit_rule,page-sweep,core,,,
race_halfling,Halfling,MODIFIES,cbt_surprise,Surprise,surprise chance,"alone or well in advance, not in metal armour",improves,read,PHB,17,Halflings,explicit_rule,page-sweep,core,,,
race_subrace,Sub-Race,MODIFIES,race_infravision,Infravision,vision range,halfling subraces,neutral,read,PHB,17,Halflings,explicit_rule,page-sweep,core,,,
race_half_orc,Half-Orc,CONSTRAINS,rule_languages,Languages,additional language limit,,worsens,read,PHB,17,Half-Orcs,explicit_rule,page-sweep,core,,,
race_half_orc,Half-Orc,GATES,race_infravision,Infravision,racial vision,,enables,derived,PHB,17,Half-Orcs,explicit_rule,page-sweep,core,,,
race_half_orc,Half-Orc,MODIFIES,abil_cha_max_henchmen,Maximum Henchmen,henchman ceiling,half-orc henchmen,improves,read,PHB,17,Half-Orcs,explicit_rule,page-sweep,core,,,
race_human,Human,EXCLUDED_FROM,rule_racial_adjustment,Racial Ability Adjustment,ability adjustment,,negates,derived,PHB,17,Humans,explicit_rule,page-sweep,core,,,
race_dwarf,Dwarf,GATES,rule_multiclass,Multi-Class,multi-class eligibility,,enables,derived,PHB,15,Dwarves,explicit_rule,page-sweep,core,,,
race_gnome,Gnome,GATES,rule_multiclass,Multi-Class,multi-class eligibility,,enables,derived,PHB,16,Gnomes,explicit_rule,page-sweep,core,,,
race_half_elf,Half-Elf,GATES,rule_multiclass,Multi-Class,multi-class eligibility,,enables,derived,PHB,17,Half-Elves,explicit_rule,page-sweep,core,,,
race_halfling,Halfling,GATES,rule_multiclass,Multi-Class,multi-class eligibility,,enables,derived,PHB,17,Halflings,explicit_rule,page-sweep,core,,,
race_half_orc,Half-Orc,GATES,rule_multiclass,Multi-Class,multi-class eligibility,,enables,derived,PHB,17,Half-Orcs,explicit_rule,page-sweep,core,,,
rule_multiclass,Multi-Class,CONSTRAINS,exp_level,Experience Level,experience division,even after a class ceiling is reached,worsens,read,PHB,16,Elves,explicit_rule,page-sweep,core,,,
rule_multiclass,Multi-Class,CONSTRAINS,sys_equipment,Equipment,armour and weaponry,elven multiclass thieves,worsens,read,PHB,16,Elves,explicit_rule,page-sweep,core,,,
race_elf,Elf,MODIFIES,spell_charm_spells,Charm Spells,spell resistance,,worsens,read,PHB,16,Elves,explicit_rule,page-sweep,core,,,
race_half_elf,Half-Elf,MODIFIES,spell_charm_spells,Charm Spells,spell resistance,,worsens,read,PHB,17,Half-Elves,explicit_rule,page-sweep,core,,,
exp_level,Experience Level,MODIFIES,rule_hit_points,Hit Points,hit dice gained,,improves,read,PHB,34,CHARACTER HIT POINTS,explicit_rule,page-sweep,core,,,
rule_hit_points,Hit Points,CONSTRAINS,rule_hp_recovery,Hit Point Recovery,restoration ceiling,,worsens,read,PHB,34,CHARACTER HIT POINTS,explicit_rule,page-sweep,core,,,
rule_rest,Rest and Nourishment,MODIFIES,rule_hp_recovery,Hit Point Recovery,natural restoration,,improves,read,PHB,34,CHARACTER HIT POINTS,explicit_rule,page-sweep,core,,,
rule_alignment_change,Changing Alignment,FEEDS_INTO,rule_alignment_graph,Alignment Graph,recorded drift,,neutral,derived,PHB,34,Changing Alignment,explicit_rule,page-sweep,core,,,
rule_alignment_change,Changing Alignment,CONSTRAINS,sys_alignment,Alignment,voluntary change,outside limited axes,worsens,read,PHB,34,Changing Alignment,explicit_rule,page-sweep,core,,,
rule_alignment_change,Changing Alignment,TRIGGERS,rule_alignment_languages,Alignment Languages,former dialect loss,,inflicts,read,PHB,34,CHARACTER LANGUAGES,explicit_rule,page-sweep,core,,,
sys_alignment,Alignment,CONSTRAINS,rule_cleric_spells,Cleric Spells,high-level access,at deity judgment,worsens,read,PHB,40,CHARACTER SPELLS,explicit_rule,page-sweep,core,,,
hench_henchmen,Henchmen,CONSTRAINS,hench_experience,Henchman Experience,share of experience awarded,acting under direction,worsens,read,PHB,39,HENCHMEN,explicit_rule,page-sweep,core,,,
rule_movement_scale,Movement Scale,MODIFIES,wpn_range,Weapon Range,range,outdoors,improves,read,PHB,39,DISTANCE,explicit_rule,page-sweep,core,,,
rule_rounds_and_segments,Rounds and Segments,GATES,cbt_initiative,Initiative,segment ordering,,enables,derived,PHB,39,TIME,explicit_rule,page-sweep,core,,,
abil_dexterity,Dexterity,EXCLUDED_FROM,cbt_armor_class,Armor Class,defensive adjustment,monks,negates,derived,PHB,30,The Monk,explicit_rule,page-sweep,core,,,
abil_strength,Strength,EXCLUDED_FROM,cbt_damage,Damage,damage adjustment,monks,negates,derived,PHB,32,The Monk,explicit_rule,page-sweep,core,,,
abil_strength,Strength,EXCLUDED_FROM,cbt_tohit,To-Hit Roll,attack adjustment,monks,negates,derived,PHB,32,The Monk,explicit_rule,page-sweep,core,,,
abil_wisdom,Wisdom,MODIFIES,rule_prime_requisite,Prime Requisite Experience Bonus,experience bonus,druids with high wisdom,improves,read,PHB,20,The Druid,explicit_rule,page-sweep,core,,,
class_assassin,Assassin,CONSTRAINS,exp_level,Experience Level,class level limit,,worsens,read,PHB,19,"CHARACTER CLASSES TABLE I: HIT DICE, SPELL ABILITY, AND CLASS LEVEL LIMIT",explicit_rule,page-sweep,core,,,
class_assassin,Assassin,CONSTRAINS,sys_equipment,Equipment,armour and weapons permitted,,worsens,read,PHB,19,CHARACTER CLASSES TABLE II: ARMOR AND WEAPONS PERMITTED,explicit_rule,page-sweep,core,,,
class_assassin,Assassin,CONSTRAINS,thief_skills,Thief Skills,effective thieving level,,worsens,read,PHB,29,The Assassin,explicit_rule,page-sweep,core,,,
class_assassin,Assassin,EXCLUDED_FROM,rule_prime_requisite,Prime Requisite Experience Bonus,experience bonus,,negates,derived,PHB,28,The Assassin,explicit_rule,page-sweep,core,,,
class_assassin,Assassin,EXCLUDES,rule_spell_casting,Casting a Spell,spell ability,,negates,derived,PHB,19,"CHARACTER CLASSES TABLE I: HIT DICE, SPELL ABILITY, AND CLASS LEVEL LIMIT",explicit_rule,page-sweep,core,,,
class_assassin,Assassin,GATES,rule_assassination,Assassination,assassination attack,on surprise,enables,derived,PHB,29,The Assassin,explicit_rule,page-sweep,core,,,
class_assassin,Assassin,GATES,rule_poison_use,Use of Poison,poison use,,enables,derived,PHB,29,The Assassin,explicit_rule,page-sweep,core,,,
class_cleric,Cleric,GATES,rule_spell_casting,Casting a Spell,spell ability,,enables,derived,PHB,19,"CHARACTER CLASSES TABLE I: HIT DICE, SPELL ABILITY, AND CLASS LEVEL LIMIT",explicit_rule,page-sweep,core,,,
class_druid,Druid,CONSTRAINS,exp_level,Experience Level,class level limit,,worsens,read,PHB,19,"CHARACTER CLASSES TABLE I: HIT DICE, SPELL ABILITY, AND CLASS LEVEL LIMIT",explicit_rule,page-sweep,core,,,
class_druid,Druid,CONSTRAINS,sys_equipment,Equipment,armour and weapons permitted,,worsens,read,PHB,19,CHARACTER CLASSES TABLE II: ARMOR AND WEAPONS PERMITTED,explicit_rule,page-sweep,core,,,
class_druid,Druid,GATES,rule_languages,Languages,druidic language,,enables,derived,PHB,21,The Druid,explicit_rule,page-sweep,core,,,
class_druid,Druid,GATES,rule_spell_casting,Casting a Spell,spell ability,,enables,derived,PHB,19,"CHARACTER CLASSES TABLE I: HIT DICE, SPELL ABILITY, AND CLASS LEVEL LIMIT",explicit_rule,page-sweep,core,,,
class_druid,Druid,MODIFIES,save_matrix,Saving Throw Matrix,saving throw,fire and lightning attacks,improves,read,PHB,21,The Druid,explicit_rule,page-sweep,core,,,
class_fighter,Fighter,EXCLUDES,rule_spell_casting,Casting a Spell,spell ability,,negates,derived,PHB,19,"CHARACTER CLASSES TABLE I: HIT DICE, SPELL ABILITY, AND CLASS LEVEL LIMIT",explicit_rule,page-sweep,core,,,
class_fighter,Fighter,GATES,hench_mercenary,Mercenary Soldier,men-at-arms attraction,on establishing a freehold,enables,derived,PHB,22,The Fighter,explicit_rule,page-sweep,core,,,
class_fighter,Fighter,GATES,rule_freehold,Freehold,freehold establishment,at high level,enables,derived,PHB,22,The Fighter,explicit_rule,page-sweep,core,,,
class_illusionist,Illusionist,CONSTRAINS,item_magic_item,Magic Device,usable magic items,,worsens,read,PHB,26,The Illusionist,explicit_rule,page-sweep,core,,,
class_illusionist,Illusionist,CONSTRAINS,sys_equipment,Equipment,armour and weapons permitted,,worsens,read,PHB,19,CHARACTER CLASSES TABLE II: ARMOR AND WEAPONS PERMITTED,explicit_rule,page-sweep,core,,,
class_illusionist,Illusionist,EXCLUDED_FROM,rule_prime_requisite,Prime Requisite Experience Bonus,experience bonus,,negates,derived,PHB,26,The Illusionist,explicit_rule,page-sweep,core,,,
class_illusionist,Illusionist,GATES,rule_spell_casting,Casting a Spell,spell ability,,enables,derived,PHB,19,"CHARACTER CLASSES TABLE I: HIT DICE, SPELL ABILITY, AND CLASS LEVEL LIMIT",explicit_rule,page-sweep,core,,,
class_magic_user,Magic-User,GATES,item_enchant,Enchanting Items,item enchantment,at high level,enables,derived,PHB,25,The Magic-User,explicit_rule,page-sweep,core,,,
class_magic_user,Magic-User,GATES,item_scribe_scroll,Scribing Scrolls,scroll scribing,at high level,enables,derived,PHB,25,The Magic-User,explicit_rule,page-sweep,core,,,
class_magic_user,Magic-User,GATES,rule_spell_book,Spell Book,spell book maintenance,,enables,derived,PHB,25,The Magic-User,explicit_rule,page-sweep,core,,,
class_magic_user,Magic-User,GATES,rule_spell_casting,Casting a Spell,spell ability,,enables,derived,PHB,19,"CHARACTER CLASSES TABLE I: HIT DICE, SPELL ABILITY, AND CLASS LEVEL LIMIT",explicit_rule,page-sweep,core,,,
class_magic_user,Magic-User,GATES,rule_stronghold,Stronghold,stronghold construction,at high level,enables,derived,PHB,25,The Magic-User,explicit_rule,page-sweep,core,,,
class_monk,Monk,CONSTRAINS,exp_level,Experience Level,class level limit,,worsens,read,PHB,19,"CHARACTER CLASSES TABLE I: HIT DICE, SPELL ABILITY, AND CLASS LEVEL LIMIT",explicit_rule,page-sweep,core,,,
class_monk,Monk,CONSTRAINS,hench_hirelings,Hirelings,hiring eligibility,before the required level,worsens,read,PHB,32,The Monk,explicit_rule,page-sweep,core,,,
class_monk,Monk,CONSTRAINS,item_magic_item,Magic Device,retained magic items,,worsens,read,PHB,32,The Monk,explicit_rule,page-sweep,core,,,
class_monk,Monk,CONSTRAINS,money_gp,Money,retained treasure,,worsens,read,PHB,32,The Monk,explicit_rule,page-sweep,core,,,
class_monk,Monk,CONSTRAINS,sys_equipment,Equipment,armour and weapons permitted,,worsens,read,PHB,19,CHARACTER CLASSES TABLE II: ARMOR AND WEAPONS PERMITTED,explicit_rule,page-sweep,core,,,
class_monk,Monk,EXCLUDED_FROM,rule_prime_requisite,Prime Requisite Experience Bonus,experience bonus,,negates,derived,PHB,30,The Monk,explicit_rule,page-sweep,core,,,
class_monk,Monk,EXCLUDES,rule_disease,Disease,disease immunity,after the required level,negates,derived,PHB,31,The Monk,explicit_rule,page-sweep,core,,,
class_monk,Monk,EXCLUDES,save_poison,Saving Throw vs Poison,immunity,after the required level,negates,derived,PHB,32,"Notes Regarding Special Abilities, ability I",explicit_rule,page-sweep,core,,,
class_monk,Monk,EXCLUDES,spell_haste,Haste,immunity,after the required level,negates,derived,PHB,31,"Notes Regarding Special Abilities, ability C",explicit_rule,page-sweep,core,,,
class_monk,Monk,EXCLUDES,spell_slow,Slow,immunity,after the required level,negates,derived,PHB,31,"Notes Regarding Special Abilities, ability C",explicit_rule,page-sweep,core,,,
class_monk,Monk,GATES,rule_stun,Stunning Blow,stunning blow,on a sufficient attack roll,enables,derived,PHB,30,The Monk,explicit_rule,page-sweep,core,,,
class_monk,Monk,MODIFIES,cbt_damage,Damage,weapon damage bonus,,improves,read,PHB,30,The Monk,explicit_rule,page-sweep,core,,,
class_monk,Monk,MODIFIES,ex_falling,Falling Damage,falling damage,when descending near a wall,improves,read,PHB,31,The Monk,explicit_rule,page-sweep,core,,,
class_monk,Monk,MODIFIES,psi_attack_modes,Psionic Attack,telepathic and mind-blast resistance,after the required level,worsens,read,PHB,31,"Notes Regarding Special Abilities, ability H",explicit_rule,page-sweep,core,,,
class_monk,Monk,MODIFIES,rule_hp_recovery,Hit Point Recovery,self-healing,after the required level,improves,read,PHB,31,"Notes Regarding Special Abilities, ability E",explicit_rule,page-sweep,core,,,
class_monk,Monk,MODIFIES,spell_esp,ESP,resistance,after the required level,worsens,read,PHB,31,"Notes Regarding Special Abilities, ability B",explicit_rule,page-sweep,core,,,
class_monk,Monk,MODIFIES,spell_suggestion,Suggestion,resistance,after the required level,worsens,read,PHB,31,"Notes Regarding Special Abilities, ability G",explicit_rule,page-sweep,core,,,
class_paladin,Paladin,CONSTRAINS,item_magic_item,Magic Device,retained magic items,,worsens,read,PHB,22,The Paladin,explicit_rule,page-sweep,core,,,
class_paladin,Paladin,CONSTRAINS,money_gp,Money,retained wealth,,worsens,read,PHB,24,The Paladin,explicit_rule,page-sweep,core,,,
class_paladin,Paladin,EXCLUDED_FROM,hench_mercenary,Mercenary Soldier,men-at-arms attraction,,negates,derived,PHB,24,The Paladin,explicit_rule,page-sweep,core,,,
class_paladin,Paladin,EXCLUDES,rule_poison_use,Use of Poison,poison use,,negates,derived,PHB,19,CHARACTER CLASSES TABLE II: ARMOR AND WEAPONS PERMITTED,explicit_rule,page-sweep,core,,,
class_paladin,Paladin,GATES,rule_spell_casting,Casting a Spell,spell ability,,enables,derived,PHB,19,"CHARACTER CLASSES TABLE I: HIT DICE, SPELL ABILITY, AND CLASS LEVEL LIMIT",explicit_rule,page-sweep,core,,,
class_ranger,Ranger,CONSTRAINS,hench_hirelings,Hirelings,hiring eligibility,before the required level,worsens,read,PHB,24,The Ranger,explicit_rule,page-sweep,core,,,
class_ranger,Ranger,CONSTRAINS,money_gp,Money,portable wealth,,worsens,read,PHB,25,The Ranger,explicit_rule,page-sweep,core,,,
class_ranger,Ranger,EXCLUDED_FROM,hench_mercenary,Mercenary Soldier,mercenary attraction,,negates,derived,PHB,25,The Ranger,explicit_rule,page-sweep,core,,,
class_ranger,Ranger,GATES,rule_spell_casting,Casting a Spell,spell ability,,enables,derived,PHB,19,"CHARACTER CLASSES TABLE I: HIT DICE, SPELL ABILITY, AND CLASS LEVEL LIMIT",explicit_rule,page-sweep,core,,,
class_ranger,Ranger,MODIFIES,cbt_damage,Damage,damage bonus,versus giant-class humanoids,improves,read,PHB,24,The Ranger,explicit_rule,page-sweep,core,,,
class_ranger,Ranger,MODIFIES,cbt_surprise,Surprise,surprise chance,,improves,read,PHB,24,The Ranger,explicit_rule,page-sweep,core,,,
class_thief,Thief,EXCLUDES,rule_spell_casting,Casting a Spell,spell ability,,negates,derived,PHB,19,"CHARACTER CLASSES TABLE I: HIT DICE, SPELL ABILITY, AND CLASS LEVEL LIMIT",explicit_rule,page-sweep,core,,,
class_thief,Thief,GATES,rule_languages,Languages,thieves cant,,enables,derived,PHB,27,The Thief,explicit_rule,page-sweep,core,,,
class_thief,Thief,GATES,rule_thieves_guild,Thieves Guild,guild rivalry,at high level,enables,derived,PHB,27,The Thief,explicit_rule,page-sweep,core,,,
class_thief,Thief,GATES,thief_backstab,Back Stab,back stabbing,,enables,derived,PHB,27,The Thief,explicit_rule,page-sweep,core,,,
class_thief,Thief,GATES,thief_skills,Thief Skills,thief function,,enables,derived,PHB,27,The Thief,explicit_rule,page-sweep,core,,,
exp_level,Experience Level,GATES,hench_hirelings,Hirelings,hiring eligibility,assassins after the required level,enables,derived,PHB,30,The Assassin,explicit_rule,page-sweep,core,,,
exp_level,Experience Level,MODIFIES,cbt_armor_class,Armor Class,effective armour class,monks,improves,read,PHB,30,The Monk,explicit_rule,page-sweep,core,,,
exp_level,Experience Level,MODIFIES,ex_movement_rate,Movement Rate,movement rate,monks,improves,read,PHB,30,The Monk,explicit_rule,page-sweep,core,,,
race_demihuman,Demihuman,GATES,rule_multiclass,Multi-Class,multi-class eligibility,,enables,derived,PHB,32,The Multi-Classed Character,explicit_rule,page-sweep,core,,,
race_human,Human,EXCLUDED_FROM,rule_multiclass,Multi-Class,multi-class eligibility,,negates,derived,PHB,32,The Multi-Classed Character,explicit_rule,page-sweep,core,,,
rule_alignment_change,Changing Alignment,TRIGGERS,class_followers,Followers,loss of followers,cleric alignment change,inflicts,read,PHB,20,The Cleric,explicit_rule,page-sweep,core,,,
rule_alignment_change,Changing Alignment,TRIGGERS,class_monk_loss,Loss of Monk Status,loss of class,on loss of lawful alignment,inflicts,read,PHB,30,The Monk,explicit_rule,page-sweep,core,,,
rule_multiclass,Multi-Class,CONSTRAINS,rule_hit_points,Hit Points,hit dice averaging,,worsens,read,PHB,19,Notes Regarding Character Classes Table I,explicit_rule,page-sweep,core,,,
rule_multiclass,Multi-Class,CONSTRAINS,rule_xp_division,Adjustment and Division of Experience,experience division,,worsens,read,PHB,33,The Multi-Classed Character,explicit_rule,page-sweep,core,,,
sys_alignment,Alignment,CONSTRAINS,hench_henchmen,Henchmen,retainer alignment,paladins,worsens,read,PHB,24,The Paladin,explicit_rule,page-sweep,core,,,
sys_alignment,Alignment,GATES,class_ranger,Ranger,alignment eligibility,,enables,derived,PHB,24,The Ranger,explicit_rule,page-sweep,core,,,
sys_alignment,Alignment,GATES,rule_poison_use,Use of Poison,poison use,evil clerics,enables,derived,PHB,19,CHARACTER CLASSES TABLE II: ARMOR AND WEAPONS PERMITTED,explicit_rule,page-sweep,core,,,
tbl_height_weight,Height and Weight Tables,CONSTRAINS,sys_equipment,Equipment,weapon usability,small or light characters,worsens,read,PHB,19,CHARACTER CLASSES TABLE II: ARMOR AND WEAPONS PERMITTED,explicit_rule,page-sweep,core,,,
class_druid,Druid,EXCLUDES,rule_turn_undead,Turning Undead,undead turning,,negates,derived,PHB,21,The Druid,explicit_rule,page-sweep,core,,,
class_monk,Monk,GATES,rule_quivering_palm,Quivering Palm,quivering palm attack,after the required level,enables,derived,PHB,32,"Notes Regarding Special Abilities, ability K",explicit_rule,page-sweep,core,,,
class_monk,Monk,MODIFIES,spell_beguiling_charm_hypnosis_suggestion_spells,"Beguiling, Charm, Hypnosis, and Suggestion Spells",resistance,after the required level,worsens,read,PHB,31,"Notes Regarding Special Abilities, ability G",explicit_rule,page-sweep,core,,,
class_ranger,Ranger,GATES,rule_tracking,Tracking,tracking,,enables,derived,PHB,24,The Ranger,explicit_rule,page-sweep,core,,,
exp_level,Experience Level,MODIFIES,rule_quivering_palm,Quivering Palm,death-command time limit,,improves,read,PHB,32,"Notes Regarding Special Abilities, ability K",explicit_rule,page-sweep,core,,,
monster_hd,Hit Dice,CONSTRAINS,rule_quivering_palm,Quivering Palm,eligible victim,victim measured against the monk,worsens,read,PHB,32,"Notes Regarding Special Abilities, ability K",explicit_rule,page-sweep,core,,,
monster_special,Special Creatures,EXCLUDES,rule_quivering_palm,Quivering Palm,cannot be affected,creatures hit only by magical weaponry,negates,derived,PHB,32,"Notes Regarding Special Abilities, ability K",explicit_rule,page-sweep,core,,,
monster_undead,Undead,EXCLUDES,rule_quivering_palm,Quivering Palm,cannot be affected,,negates,derived,PHB,32,"Notes Regarding Special Abilities, ability K",explicit_rule,page-sweep,core,,,
race_human,Human,GATES,rule_dual_class,The Character with Two Classes,dual-class eligibility,,enables,derived,PHB,33,The Character with Two Classes,explicit_rule,page-sweep,core,,,
rule_dual_class,The Character with Two Classes,CONSTRAINS,exp_level,Experience Level,original-class advancement,,worsens,read,PHB,33,The Character with Two Classes,explicit_rule,page-sweep,core,,,
rule_dual_class,The Character with Two Classes,CONSTRAINS,rule_hit_points,Hit Points,class-change hit dice,,worsens,read,PHB,33,The Character with Two Classes,explicit_rule,page-sweep,core,,,
sys_ability_scores,Ability Scores,GATES,rule_dual_class,The Character with Two Classes,class change eligibility,,enables,derived,PHB,33,The Character with Two Classes,explicit_rule,page-sweep,core,,,
exp_level,Experience Level,MODIFIES,spell_commune,Commune,questions permitted,,improves,read,PHB,49,Commune,explicit_rule,page-sweep,core,,,
exp_level,Experience Level,MODIFIES,spell_conjure_animals,Conjure Animals,duration,,improves,read,PHB,51,Conjure Animals,explicit_rule,page-sweep,core,,,
exp_level,Experience Level,MODIFIES,spell_detect_evil,Detect Evil,duration,,improves,read,PHB,44,Detect Evil,explicit_rule,page-sweep,core,,,
exp_level,Experience Level,MODIFIES,spell_dispel_magic,Dispel Magic,success chance,,improves,read,PHB,47,Dispel Magic,explicit_rule,page-sweep,core,,,
exp_level,Experience Level,MODIFIES,spell_glyph_of_warding,Glyph of Warding,warded area,,improves,read,PHB,47,Glyph of Warding,explicit_rule,page-sweep,core,,,
exp_level,Experience Level,MODIFIES,spell_hold_person,Hold Person,duration,,improves,read,PHB,45,Hold Person,explicit_rule,page-sweep,core,,,
exp_level,Experience Level,MODIFIES,spell_insect_plague,Insect Plague,duration,,improves,read,PHB,50,Insect Plague,explicit_rule,page-sweep,core,,,
exp_level,Experience Level,MODIFIES,spell_light,Light,duration,,improves,read,PHB,44,Light,explicit_rule,page-sweep,core,,,
exp_level,Experience Level,MODIFIES,spell_raise_dead,Raise Dead,time dead limit,,improves,read,PHB,50,Raise Dead,explicit_rule,page-sweep,core,,,
exp_level,Experience Level,MODIFIES,spell_remove_curse,Remove Curse,reverse duration,,improves,read,PHB,47,Remove Curse,explicit_rule,page-sweep,core,,,
exp_level,Experience Level,MODIFIES,spell_restoration,Restoration,treatment window,,improves,read,PHB,52,Restoration,explicit_rule,page-sweep,core,,,
exp_level,Experience Level,MODIFIES,spell_resurrection,Resurrection,time dead limit,,improves,read,PHB,52,Resurrection,explicit_rule,page-sweep,core,,,
exp_level,Experience Level,MODIFIES,spell_slow_poison,Slow Poison,treatment window,,improves,read,PHB,45,Slow Poison,explicit_rule,page-sweep,core,,,
monster_special,Special Creatures,EXCLUDES,spell_cure_light_wounds,Cure Light Wounds,cannot be affected,creatures harmed only by special weapons,negates,derived,PHB,43,Cure Light Wounds,explicit_rule,page-sweep,core,,,
rule_spell_level,Spell Level,MODIFIES,rule_cleric_spells,Cleric Spells,likelihood the deity concurs,,worsens,read,PHB,43,Notes Regarding Cleric Spells,explicit_rule,page-sweep,core,,,
rule_spell_reversal,Reversed Spells,CONSTRAINS,rule_spell_memorization,Spell Memorization,application fixed at learning,,worsens,read,PHB,43,Notes Regarding Cleric Spells,explicit_rule,page-sweep,core,,,
rule_spell_reversal,Reversed Spells,TRIGGERS,rule_alignment_change,Changing Alignment,alignment drift,continued incautious use,inflicts,read,PHB,43,Notes Regarding Cleric Spells,explicit_rule,page-sweep,core,,,
spell_cure_light_wounds,Cure Light Wounds,TRIGGERS,cbt_tohit,To-Hit Roll,attack roll required,,neutral,read,PHB,43,Cure Light Wounds,explicit_rule,page-sweep,core,,,
spell_glyph_of_warding,Glyph of Warding,TRIGGERS,save_spell,Spell,saving throw,,neutral,read,PHB,47,Glyph of Warding,explicit_rule,page-sweep,core,,,
spell_heal,Heal,OVERRIDES,rule_disease,Disease,cures all disease,,neutral,derived,PHB,51,Heal,explicit_rule,page-sweep,core,explicit_replacement,,
spell_hold_person,Hold Person,TRIGGERS,save_spell,Spell,saving throw,,neutral,read,PHB,45,Hold Person,explicit_rule,page-sweep,core,,,
spell_raise_dead,Raise Dead,TRIGGERS,rule_alignment_change,Changing Alignment,alignment shift,,inflicts,read,PHB,50,Raise Dead,explicit_rule,page-sweep,core,,,
spell_raise_dead,Raise Dead,TRIGGERS,save_spell,Spell,saving throw,,neutral,read,PHB,50,Raise Dead,explicit_rule,page-sweep,core,,,
spell_remove_curse,Remove Curse,TRIGGERS,save_spell,Spell,saving throw,,neutral,read,PHB,47,Remove Curse,explicit_rule,page-sweep,core,,,
exp_level,Experience Level,MODIFIES,spell_aerial_servant,Aerial Servant,duration,,improves,read,PHB,50,Aerial Servant,explicit_rule,page-sweep,core,,,
exp_level,Experience Level,MODIFIES,spell_animate_dead,Animate Dead,number animated,,improves,read,PHB,46,Animate Dead,explicit_rule,page-sweep,core,,,
exp_level,Experience Level,MODIFIES,spell_animate_object,Animate Object,volume animated,,improves,read,PHB,51,Animate Object,explicit_rule,page-sweep,core,,,
exp_level,Experience Level,MODIFIES,spell_augury,Augury,success chance,,improves,read,PHB,45,Augury,explicit_rule,page-sweep,core,,,
exp_level,Experience Level,MODIFIES,spell_blade_barrier,Blade Barrier,duration,,improves,read,PHB,51,Blade Barrier,explicit_rule,page-sweep,core,,,
exp_level,Experience Level,MODIFIES,spell_create_food_and_water,Create Food & Water,volume created,,improves,read,PHB,46,Create Food & Water,explicit_rule,page-sweep,core,,,
exp_level,Experience Level,MODIFIES,spell_create_water,Create Water,volume created,,improves,read,PHB,43,Create Water,explicit_rule,page-sweep,core,,,
exp_level,Experience Level,MODIFIES,spell_detect_lie,Detect Lie,duration,,improves,read,PHB,48,Detect Lie,explicit_rule,page-sweep,core,,,
exp_level,Experience Level,MODIFIES,spell_dispel_evil,Dispel Evil,duration,,improves,read,PHB,49,Dispel Evil,explicit_rule,page-sweep,core,,,
exp_level,Experience Level,MODIFIES,spell_divination,Divination,success chance,,improves,read,PHB,48,Divination,explicit_rule,page-sweep,core,,,
exp_level,Experience Level,MODIFIES,spell_earthquake,Earthquake,area of effect,,improves,read,PHB,52,Earthquake,explicit_rule,page-sweep,core,,,
exp_level,Experience Level,MODIFIES,spell_exorcise,Exorcise,success chance,,improves,read,PHB,48,Exorcise,explicit_rule,page-sweep,core,,,
exp_level,Experience Level,MODIFIES,spell_find_the_path,Find the Path,duration,,improves,read,PHB,51,Find the Path,explicit_rule,page-sweep,core,,,
exp_level,Experience Level,MODIFIES,spell_lower_water,Lower Water,depth and duration,,improves,read,PHB,48,Lower Water,explicit_rule,page-sweep,core,,,
exp_level,Experience Level,MODIFIES,spell_part_water,Part Water,trough size,,improves,read,PHB,51,Part Water,explicit_rule,page-sweep,core,,,
exp_level,Experience Level,MODIFIES,spell_remove_fear,Remove Fear,saving throw bonus,,improves,read,PHB,44,Remove Fear,explicit_rule,page-sweep,core,,,
exp_level,Experience Level,MODIFIES,spell_resist_cold,Resist Cold,duration,,improves,read,PHB,44,Resist Cold,explicit_rule,page-sweep,core,,,
exp_level,Experience Level,MODIFIES,spell_resist_fire,Resist Fire,duration,,improves,read,PHB,45,Resist Fire,explicit_rule,page-sweep,core,,,
exp_level,Experience Level,MODIFIES,spell_silence_15_radius,"Silence, 15′ Radius",duration,,improves,read,PHB,45,"Silence, 15′ Radius",explicit_rule,page-sweep,core,,,
exp_level,Experience Level,MODIFIES,spell_speak_with_animals,Speak with Animals,duration,,improves,read,PHB,46,Speak with Animals,explicit_rule,page-sweep,core,,,
exp_level,Experience Level,MODIFIES,spell_speak_with_monsters,Speak with Monsters,duration,,improves,read,PHB,51,Speak with Monsters,explicit_rule,page-sweep,core,,,
exp_level,Experience Level,MODIFIES,spell_speak_with_plants,Speak with Plants,duration,,improves,read,PHB,49,Speak with Plants,explicit_rule,page-sweep,core,,,
exp_level,Experience Level,MODIFIES,spell_speak_with_the_dead,Speak with the Dead,questions permitted,,improves,read,PHB,48,Speak with the Dead,explicit_rule,page-sweep,core,,,
exp_level,Experience Level,MODIFIES,spell_spiritual_hammer,Spiritual Hammer,weapon enchantment,,improves,read,PHB,46,Spiritual Hammer,explicit_rule,page-sweep,core,,,
exp_level,Experience Level,MODIFIES,spell_sticks_to_snakes,Sticks to Snakes,number transformed,,improves,read,PHB,49,Sticks to Snakes,explicit_rule,page-sweep,core,,,
exp_level,Experience Level,MODIFIES,spell_symbol,Symbol,duration,,improves,read,PHB,52,Symbol,explicit_rule,page-sweep,core,,,
exp_level,Experience Level,MODIFIES,spell_wind_walk,Wind Walk,duration,,improves,read,PHB,54,Wind Walk,explicit_rule,page-sweep,core,,,
exp_level,Experience Level,MODIFIES,spell_word_of_recall,Word of Recall,weight transported,,improves,read,PHB,52,Word of Recall,explicit_rule,page-sweep,core,,,
monster_undead,Undead,EXCLUDES,spell_command,Command,cannot be affected,,negates,derived,PHB,43,Command,explicit_rule,page-sweep,core,,,
spell_animate_dead,Animate Dead,TRIGGERS,monster_undead,Undead,creates skeletons or zombies,,neutral,read,PHB,46,Animate Dead,explicit_rule,page-sweep,core,,,
spell_command,Command,TRIGGERS,save_spell,Spell,saving throw,high intelligence or many hit dice,neutral,read,PHB,43,Command,explicit_rule,page-sweep,core,,,
spell_dispel_evil,Dispel Evil,TRIGGERS,save_spell,Spell,saving throw,,neutral,read,PHB,49,Dispel Evil,explicit_rule,page-sweep,core,,,
spell_flame_strike,Flame Strike,TRIGGERS,save_spell,Spell,saving throw,reduces damage,neutral,read,PHB,49,Flame Strike,explicit_rule,page-sweep,core,,,
spell_light,Light,TRIGGERS,rule_magic_resistance,Magic Resistance,resistance check,,neutral,read,PHB,44,Light,explicit_rule,page-sweep,core,,,
spell_quest,Quest,TRIGGERS,save_spell,Spell,saving throw,,neutral,read,PHB,50,Quest,explicit_rule,page-sweep,core,,,
spell_spiritual_hammer,Spiritual Hammer,TRIGGERS,save_spell,Spell,saving throw,,neutral,read,PHB,46,Spiritual Hammer,explicit_rule,page-sweep,core,,,
spell_symbol,Symbol,TRIGGERS,save_spell,Spell,saving throw,,neutral,read,PHB,52,Symbol,explicit_rule,page-sweep,core,,,
cbt_charge,Charging,MODIFIES,cbt_damage,Damage,damage against chargers,weapon set to receive,improves,read,PHB,37,WEIGHT AND DAMAGE BY WEAPON TYPE,explicit_rule,page-sweep,core,,,
enc_encumbrance,Encumbrance,CONSTRAINS,sys_equipment,Equipment,carrying choice,,worsens,read,PHB,35,EQUIPPING THE CHARACTER,explicit_rule,page-sweep,core,,,
item_magic_armor,Magic Armor,EXCLUDED_FROM,enc_encumbrance,Encumbrance,carried weight,,negates,derived,PHB,36,ARMOR,explicit_rule,page-sweep,core,,,
rule_immobile,Total Immobility,MODIFIES,cbt_tohit,To-Hit Roll,bonus to strike,target motionless,improves,read,PHB,38,"WEAPON TYPES, GENERAL DATA, AND ""TO HIT"" ADJUSTMENTS",explicit_rule,page-sweep,core,,,
rule_mount,Mount,MODIFIES,cbt_damage,Damage,damage from a charge,attacker on a charging mount,improves,read,PHB,37,WEIGHT AND DAMAGE BY WEAPON TYPE,explicit_rule,page-sweep,core,,,
rule_prone,Prone or Helpless Opponent,MODIFIES,cbt_tohit,To-Hit Roll,bonus to strike,target prone,improves,read,PHB,38,"WEAPON TYPES, GENERAL DATA, AND ""TO HIT"" ADJUSTMENTS",explicit_rule,page-sweep,core,,,
rule_shield,Shield,EXCLUDED_FROM,cbt_armor_class,Armor Class,shield bonus,attacks from the right flank or rear,negates,derived,PHB,36,ARMOR,explicit_rule,page-sweep,core,,,
rule_stun,Stunning Blow,MODIFIES,cbt_tohit,To-Hit Roll,bonus to strike,target stunned,improves,read,PHB,38,"WEAPON TYPES, GENERAL DATA, AND ""TO HIT"" ADJUSTMENTS",explicit_rule,page-sweep,core,,,
sys_equipment,Equipment,CONSUMES,money_gp,Money,purchase cost,,neutral,derived,PHB,35,EQUIPPING THE CHARACTER,explicit_rule,page-sweep,core,,,
rule_alignment_ethical_axis,Ethical Axis,FEEDS_INTO,rule_alignment_graph,Alignment Graph,the graph's horizontal coordinate,,neutral,derived,PHB,119,APPENDIX III: CHARACTER ALIGNMENT GRAPH,explicit_rule,page-sweep,core,,,
rule_alignment_moral_axis,Moral Axis,FEEDS_INTO,rule_alignment_graph,Alignment Graph,the graph's vertical coordinate,,neutral,derived,PHB,119,APPENDIX III: CHARACTER ALIGNMENT GRAPH,explicit_rule,page-sweep,core,,,
sys_alignment,Alignment,DERIVED_FROM,rule_alignment_ethical_axis,Ethical Axis,the ethical component,,neutral,derived,PHB,119,APPENDIX III: CHARACTER ALIGNMENT GRAPH,explicit_rule,page-sweep,core,,,
sys_alignment,Alignment,DERIVED_FROM,rule_alignment_moral_axis,Moral Axis,the moral component,,neutral,derived,PHB,119,APPENDIX III: CHARACTER ALIGNMENT GRAPH,explicit_rule,page-sweep,core,,,
exp_level,Experience Level,MODIFIES,rule_treasure_division,Division of Treasure,rolls when dicing,,improves,read,PHB,122,Magical Treasure:,explicit_rule,page-sweep,optional,,,
exp_level,Experience Level,MODIFIES,rule_treasure_division,Division of Treasure,shares by level,the shares-by-level agreement,improves,read,PHB,122,Agreements:,explicit_rule,page-sweep,optional,,,
hench_henchmen,Henchmen,CONSTRAINS,rule_treasure_division,Division of Treasure,rolls for a henchman,,worsens,read,PHB,122,Magical Treasure:,explicit_rule,page-sweep,optional,,,
hench_henchmen,Henchmen,EXCLUDED_FROM,rule_treasure_division,Division of Treasure,bonus share,,negates,derived,PHB,122,Modifiers:,explicit_rule,page-sweep,optional,,,
hench_henchmen,Henchmen,MODIFIES,rule_treasure_division,Division of Treasure,fractional divisor,,neutral,read,PHB,122,Modifiers:,explicit_rule,page-sweep,optional,,,
item_magic_item,Magic Device,FEEDS_INTO,rule_treasure_division,Division of Treasure,items parcelled,,neutral,derived,PHB,122,Magical Treasure:,explicit_rule,page-sweep,optional,,,
money_gp,Money,FEEDS_INTO,rule_treasure_division,Division of Treasure,balancing the parcels,,neutral,derived,PHB,122,Magical Treasure:,explicit_rule,page-sweep,optional,,,
rule_death,Death,CONSTRAINS,rule_treasure_division,Division of Treasure,treasure gained before death,,worsens,read,PHB,122,Modifiers:,explicit_rule,page-sweep,optional,,,
rule_dual_class,The Character with Two Classes,CONSTRAINS,rule_treasure_division,Division of Treasure,shares by class,,worsens,read,PHB,122,Agreements:,explicit_rule,page-sweep,optional,,,
rule_multiclass,Multi-Class,MODIFIES,rule_treasure_division,Division of Treasure,level calculation,,neutral,read,PHB,122,Agreements:,explicit_rule,page-sweep,optional,,,
rule_treasure_division,Division of Treasure,FEEDS_INTO,xp_treasure,Experience for Treasure,the individual share,,neutral,derived,PHB,122,Agreements:,inferred_rule,page-sweep,optional,,,
item_magic_item,Magic Device,GATES,rule_planar_travel,Ethereal Plane,ointment and items,,enables,derived,PHB,120,ETHEREAL TRAVEL,explicit_rule,page-sweep,core,,,
rule_ether_cyclone,Ether Cyclone,CONSUMES,rule_time,Time,time out of touch,,neutral,derived,PHB,120,ETHEREAL TRAVEL,explicit_rule,page-sweep,core,,,
rule_ether_cyclone,Ether Cyclone,TRIGGERS,rule_planar_travel,Ethereal Plane,carried to another plane,,inflicts,read,PHB,120,ETHEREAL TRAVEL,explicit_rule,page-sweep,core,,,
rule_psionic_use,Use of Psionic Powers,GATES,rule_planar_travel,Ethereal Plane,psionic discipline,,enables,derived,PHB,120,ETHEREAL TRAVEL,explicit_rule,page-sweep,core,,,
rule_psychic_wind,Psychic Wind,TRIGGERS,rule_planar_travel,Ethereal Plane,blown off course,,inflicts,read,PHB,120,ASTRAL TRAVEL,explicit_rule,page-sweep,core,,,
rule_astral_plane,Astral Plane,CONSTRAINS,cbt_melee,Melee Combat,what an attacker destroys,,worsens,read,PHB,120,ETHEREAL AND ASTRAL COMBAT,explicit_rule,page-sweep,core,,,
rule_astral_plane,Astral Plane,CONSTRAINS,rule_outer_planes,The Outer Planes,layers reached,,worsens,read,PHB,120,ASTRAL TRAVEL,explicit_rule,page-sweep,core,,,
rule_astral_plane,Astral Plane,EXCLUDED_FROM,rule_inner_planes,The Inner Planes,does not touch them,other than the Prime Material,negates,derived,PHB,120,ASTRAL TRAVEL,explicit_rule,page-sweep,core,,,
rule_astral_plane,Astral Plane,EXCLUDES,rule_spell_casting,Casting a Spell,casting to the Prime,,negates,derived,PHB,120,ETHEREAL AND ASTRAL COMBAT,explicit_rule,page-sweep,core,,,
rule_astral_plane,Astral Plane,GATES,rule_planar_travel,Ethereal Plane,movement to the Outer,,enables,derived,PHB,120,THE OUTER PLANES: 9Ã¢â¬â25,explicit_rule,page-sweep,core,,,
rule_ethereal_plane,Ethereal Plane,EXCLUDES,rule_rest,Rest and Nourishment,"food, drink and sleep",,negates,derived,PHB,120,ETHEREAL TRAVEL,explicit_rule,page-sweep,core,,,
rule_ethereal_plane,Ethereal Plane,GATES,rule_planar_travel,Ethereal Plane,movement between planes,,enables,derived,PHB,120,THE INNER PLANES: 1Ã¢â¬â8,explicit_rule,page-sweep,core,,,
rule_ethereal_plane,Ethereal Plane,GATES,rule_spell_casting,Casting a Spell,casting to the Prime,,enables,derived,PHB,120,ETHEREAL AND ASTRAL COMBAT,explicit_rule,page-sweep,core,,,
rule_ethereal_plane,Ethereal Plane,MODIFIES,item_magic_item,Magic Device,weapons that stay magical,,worsens,read,PHB,120,ETHEREAL AND ASTRAL COMBAT,explicit_rule,page-sweep,core,,,
rule_ethereal_plane,Ethereal Plane,MODIFIES,rule_hit_points,Hit Points,damage taken there,,worsens,read,PHB,120,ETHEREAL AND ASTRAL COMBAT,explicit_rule,page-sweep,core,,,
rule_negative_material_plane,Negative Material Plane,GATES,monster_undead,Undead,source of their power,,enables,derived,PHB,120,THE INNER PLANES: 1Ã¢â¬â8,explicit_rule,page-sweep,core,,,
rule_outer_planes,The Outer Planes,FEEDS_INTO,sys_alignment,Alignment,source of alignment,,neutral,derived,PHB,120,THE OUTER PLANES: 9Ã¢â¬â25,explicit_rule,page-sweep,core,,,
rule_psychic_wind,Psychic Wind,TRIGGERS,rule_silver_cord,Silver Cord,the cord snapped,,inflicts,read,PHB,120,ASTRAL TRAVEL,explicit_rule,page-sweep,core,,,
rule_silver_cord,Silver Cord,GATES,rule_astral_plane,Astral Plane,sustains the traveller's return,,enables,derived,PHB,120,ASTRAL TRAVEL,explicit_rule,page-sweep,core,,,
rule_silver_cord,Silver Cord,TRIGGERS,rule_death,Death,snapping kills irrevocably,,inflicts,read,PHB,120,ASTRAL TRAVEL,explicit_rule,page-sweep,core,,,
cbt_armor_class,Armor Class,GATES,cbt_tohit,To-Hit Roll,whether a hit lands,,enables,derived,PHB,105,COMBAT PROCEDURES,explicit_rule,page-sweep,core,,,
cbt_initiative,Initiative,GATES,cbt_tohit,To-Hit Roll,who strikes first,,enables,derived,PHB,104,INITIATIVE,explicit_rule,page-sweep,core,,,
cbt_morale,Morale,EXCLUDED_FROM,class_fighter,Fighter,morale checks,,negates,derived,PHB,106,MORALE,explicit_rule,page-sweep,core,,,
cbt_surprise,Surprise,CONSUMES,rule_time,Time,segments lost,,neutral,derived,PHB,103,SURPRISE,explicit_rule,page-sweep,core,,,
cbt_surprise,Surprise,MODIFIES,cbt_initiative,Initiative,initiative when surprised,,improves,read,PHB,104,INITIATIVE,explicit_rule,page-sweep,core,,,
cbt_tohit,To-Hit Roll,EXCLUDES,rule_spell_casting,Casting a Spell,casting when struck,interrupted mid-casting,negates,derived,PHB,100,SPELL CASTING,explicit_rule,page-sweep,core,,,
class_paladin,Paladin,MODIFIES,rule_hit_points,Hit Points,laying on of hands,,improves,read,PHB,106,HEALING,explicit_rule,page-sweep,core,,,
enc_encumbrance,Encumbrance,MODIFIES,cbt_encounter_reactions,Encounter Reactions,reactions when laden,,worsens,read,PHB,102,ENCUMBRANCE,explicit_rule,page-sweep,core,,,
ex_falling,Falling Damage,TRIGGERS,rule_hit_points,Hit Points,damage by distance fallen,,inflicts,read,PHB,105,FALLING DAMAGE,explicit_rule,page-sweep,core,,,
exp_level,Experience Level,MODIFIES,cbt_melee,Melee Combat,attack order,,improves,read,PHB,104,Melee Combat:,explicit_rule,page-sweep,core,,,
exp_level,Experience Level,MODIFIES,cbt_morale,Morale,likelihood of breaking,,improves,read,PHB,106,MORALE,explicit_rule,page-sweep,core,,,
exp_level,Experience Level,MODIFIES,rule_turn_undead,Turning Undead,degree of success,,improves,read,PHB,104,Turning Undead:,explicit_rule,page-sweep,core,,,
exp_level,Experience Level,MODIFIES,save_matrix,Saving Throw Matrix,base save score,,improves,read,PHB,105,Saving Throw:,explicit_rule,page-sweep,core,,,
exp_level,Experience Level,MODIFIES,xp_treasure,Experience for Treasure,award for the guardian,,worsens,read,PHB,106,EXPERIENCE,explicit_rule,page-sweep,core,,,
hench_loyalty,Loyalty Base,CONSTRAINS,exp_level,Experience Level,henchman share,,worsens,read,PHB,107,EXPERIENCE,explicit_rule,page-sweep,core,,,
item_magic_item,Magic Device,MODIFIES,cbt_armor_class,Armor Class,magical protection,,improves,read,PHB,105,Armor Class:,explicit_rule,page-sweep,core,,,
item_magic_item,Magic Device,MODIFIES,xp_treasure,Experience for Treasure,value of items gained,,worsens,read,PHB,106,EXPERIENCE,explicit_rule,page-sweep,core,,,
item_magic_item,Magic Device,TRIGGERS,save_matrix,Saving Throw Matrix,item saving throws,,inflicts,read,PHB,105,Saving Throw:,explicit_rule,page-sweep,core,,,
item_magic_item,Magic Device,TRIGGERS,save_matrix,Saving Throw Matrix,save against devices,,inflicts,read,PHB,104,Magical Device Attacks:,explicit_rule,page-sweep,core,,,
race_infravision,Infravision,EXCLUDES,thief_hide_in_shadows,Hide in Shadows,hiding from infravision,no masking heat or cold source nearby,negates,derived,PHB,102,INFRAVISION,explicit_rule,page-sweep,core,,,
rule_hit_points,Hit Points,TRIGGERS,rule_death,Death,hit points exhausted,,inflicts,read,PHB,105,DAMAGE,explicit_rule,page-sweep,core,,,
rule_holy_symbol,Holy Symbol,GATES,rule_turn_undead,Turning Undead,symbol held forth,,enables,derived,PHB,104,Turning Undead:,explicit_rule,page-sweep,core,,,
rule_immobile,Total Immobility,EXCLUDES,rule_spell_casting,Casting a Spell,casting while immobile,,negates,derived,PHB,100,SPELL CASTING,explicit_rule,page-sweep,core,,,
rule_invisibility,Invisibility,EXCLUDED_FROM,rule_light_source,Light Source,a carried light,,negates,derived,PHB,102,INVISIBLE MOVEMENT,explicit_rule,page-sweep,core,,,
rule_light_source,Light Source,EXCLUDES,cbt_surprise,Surprise,light negates the chance,,negates,derived,PHB,102,SURPRISE,explicit_rule,page-sweep,core,,,
rule_light_source,Light Source,EXCLUDES,race_infravision,Infravision,illumination spoils the capability,,negates,derived,PHB,102,INFRAVISION,explicit_rule,page-sweep,core,,,
rule_prime_requisite,Prime Requisite Experience Bonus,MODIFIES,exp_level,Experience Level,experience bonus,,improves,read,PHB,106,EXPERIENCE,explicit_rule,page-sweep,core,,,
rule_spell_casting,Casting a Spell,CONSUMES,spell_component_material,Material Component,material components,,neutral,derived,PHB,100,SPELL CASTING,explicit_rule,page-sweep,core,,,
rule_spell_level,Spell Level,MODIFIES,spell_casting_time,Casting Time,casting time,,worsens,read,PHB,104,Spell Combat:,explicit_rule,page-sweep,core,,,
rule_time,Time,MODIFIES,rule_hit_points,Hit Points,points restored by rest,,improves,read,PHB,105,HEALING,explicit_rule,page-sweep,core,,,
rule_traps,Traps,TRIGGERS,rule_hit_points,Hit Points,injuring and killing traps,,inflicts,read,PHB,103,"TRAPS, TRICKS, AND ENCOUNTERS",explicit_rule,page-sweep,core,,,
rule_turn_undead,Turning Undead,EXCLUDES,rule_spell_casting,Casting a Spell,other spell activity,,negates,derived,PHB,104,Turning Undead:,explicit_rule,page-sweep,core,,,
rule_uncontrolled_fire,Uncontrolled Fire,EXCLUDES,race_infravision,Infravision,infravision near heat,,negates,derived,PHB,102,INFRAVISION,explicit_rule,page-sweep,core,,,
save_matrix,Saving Throw Matrix,EXCLUDES,cbt_tohit,To-Hit Roll,attack roll required,,negates,derived,PHB,105,COMBAT PROCEDURES,explicit_rule,page-sweep,core,,,
save_matrix,Saving Throw Matrix,GATES,rule_spell_casting,Casting a Spell,save to keep casting,,enables,derived,PHB,104,Spell Combat:,explicit_rule,page-sweep,core,,,
spell_haste,Haste,MODIFIES,cbt_initiative,Initiative,initiative outcome,,improves,read,PHB,104,INITIATIVE,explicit_rule,page-sweep,core,,,
spell_silence_15_radius,"Silence, 15′ Radius",EXCLUDES,spell_component_verbal,Verbal Component,magical silence prevents completion,,negates,derived,PHB,100,SPELL CASTING,explicit_rule,page-sweep,core,,,
spell_slow,Slow,MODIFIES,cbt_initiative,Initiative,initiative outcome,,worsens,read,PHB,104,INITIATIVE,explicit_rule,page-sweep,core,,,
sys_alignment,Alignment,GATES,rule_turn_undead,Turning Undead,command or destroy,,enables,derived,PHB,104,Turning Undead:,explicit_rule,page-sweep,core,,,
sys_equipment,Equipment,CONSTRAINS,cbt_armor_class,Armor Class,foes a shield covers,,worsens,read,PHB,105,Armor Class:,explicit_rule,page-sweep,core,,,
sys_equipment,Equipment,MODIFIES,cbt_armor_class,Armor Class,armour and shield,,improves,read,PHB,105,Armor Class:,explicit_rule,page-sweep,core,,,
thief_find_remove_traps,Find/Remove Traps,EXCLUDES,rule_traps,Traps,traps detected and removed,,negates,derived,PHB,103,"TRAPS, TRICKS, AND ENCOUNTERS",explicit_rule,page-sweep,core,,,
thief_move_silently,Move Silently,EXCLUDES,rule_noise,Noise,movement without sound,,negates,derived,PHB,102,SILENT MOVEMENT,explicit_rule,page-sweep,core,,,
wpn_length,Weapon Length,MODIFIES,cbt_melee,Melee Combat,strike order,,neutral,read,PHB,104,Melee Combat:,explicit_rule,page-sweep,core,,,
wpn_length,Weapon Length,MODIFIES,cbt_tohit,To-Hit Roll,striking a rushing opponent,,improves,read,PHB,105,First Strike:,explicit_rule,page-sweep,core,,,
wpn_speed_factor,Weapon Speed Factor,MODIFIES,cbt_initiative,Initiative,strikes in single combat,,neutral,read,PHB,105,First Strike:,explicit_rule,page-sweep,core,,,
abil_strength,Strength,MODIFIES,rule_parry,Parrying,parry benefit,,improves,read,PHB,105,Melee Combat:,explicit_rule,page-sweep,core,,,
campaign_social_class,Social Class and Rank,CONSTRAINS,rule_poisoned_weapon,Poisoned Weapon,social and legal sanction,,worsens,read,PHB,107,POISON,explicit_rule,page-sweep,core,,,
cbt_breath_weapon,Breath Weapon,TRIGGERS,save_matrix,Saving Throw Matrix,save against breath,,inflicts,read,PHB,104,Breath Weapon Attacks:,explicit_rule,page-sweep,core,,,
cbt_gaze_attack,Gaze Attack,TRIGGERS,save_matrix,Saving Throw Matrix,save against gaze,,inflicts,read,PHB,104,Breath Weapon Attacks:,explicit_rule,page-sweep,core,,,
cbt_morale,Morale,GATES,rule_obedience,Obedience,obedience and reactions,,enables,derived,PHB,106,MORALE,explicit_rule,page-sweep,core,,,
cbt_surprise,Surprise,GATES,rule_magical_control,Magical Control,opportunity to employ,,enables,derived,PHB,104,Magical Control:,explicit_rule,page-sweep,core,,,
hench_loyalty,Loyalty Base,GATES,rule_obedience,Obedience,compliance,,enables,derived,PHB,106,OBEDIENCE,explicit_rule,page-sweep,core,,,
item_magic_item,Magic Device,GATES,rule_magical_control,Magical Control,items conferring control,,enables,derived,PHB,104,Magical Control:,explicit_rule,page-sweep,core,,,
item_ring_regeneration,Ring of Regeneration,EXCLUDES,rule_death,Death,actual death,,negates,derived,PHB,105,DAMAGE,explicit_rule,page-sweep,core,,,
race_infravision,Infravision,EXCLUDED_FROM,rule_mapping,Mapping,mapping by infravision,,negates,derived,PHB,102,MOVEMENT — TIME AND DISTANCE FACTORS,explicit_rule,page-sweep,core,,,
rule_grappling,Grappling,EXCLUDES,spell_component_somatic,Somatic Component,physical restraint prevents completion,,negates,derived,PHB,100,SPELL CASTING,explicit_rule,page-sweep,core,,,
rule_hit_dice,Hit Dice,MODIFIES,xp_monster,Experience Point Value of Monsters,stronger monsters award more,,improves,read,PHB,106,EXPERIENCE,explicit_rule,page-sweep,core,,,
rule_light_source,Light Source,GATES,rule_mapping,Mapping,light to map,,enables,derived,PHB,102,MOVEMENT — TIME AND DISTANCE FACTORS,explicit_rule,page-sweep,core,,,
rule_mapping,Mapping,CONSTRAINS,ex_movement_rate,Movement Rate,mapping slows the party,,worsens,read,PHB,102,MOVEMENT — TIME AND DISTANCE FACTORS,explicit_rule,page-sweep,core,,,
rule_noise,Noise,FEEDS_INTO,rule_wandering_monsters,Wandering Monsters,noise attracts additional monsters,,neutral,derived,PHB,103,"TRAPS, TRICKS, AND ENCOUNTERS",explicit_rule,page-sweep,core,,,
rule_parry,Parrying,EXCLUDES,cbt_tohit,To-Hit Roll,return attack,,negates,derived,PHB,105,Melee Combat:,explicit_rule,page-sweep,core,,,
rule_poisoned_weapon,Poisoned Weapon,EXCLUDED_FROM,cbt_melee,Melee Combat,envenoming a weapon,,negates,derived,PHB,107,POISON,explicit_rule,page-sweep,core,,,
rule_poisoned_weapon,Poisoned Weapon,TRIGGERS,save_poison,Saving Throw vs Poison,save on a hit,,inflicts,read,PHB,107,POISON,explicit_rule,page-sweep,core,,,
rule_scroll_spells,Scroll Spells,CONSTRAINS,rule_spell_range,Spell Range,effective caster level,except variable-strength attack spells,worsens,read,PHB,101,SPELL CASTING,explicit_rule,page-sweep,core,,,
rule_scroll_spells,Scroll Spells,EXCLUDED_FROM,spell_component_material,Material Component,material components,,negates,derived,PHB,101,SPELL CASTING,explicit_rule,page-sweep,core,,,
rule_scroll_spells,Scroll Spells,EXCLUDED_FROM,spell_component_somatic,Somatic Component,somatic components,,negates,derived,PHB,101,SPELL CASTING,explicit_rule,page-sweep,core,,,
rule_size,Size Differential,MODIFIES,cbt_armor_class,Armor Class,size differential,,improves,read,PHB,105,Armor Class:,explicit_rule,page-sweep,core,,,
rule_time,Time,FEEDS_INTO,rule_wandering_monsters,Wandering Monsters,check interval,,neutral,derived,PHB,103,"TRAPS, TRICKS, AND ENCOUNTERS",explicit_rule,page-sweep,core,,,
rule_wandering_monsters,Wandering Monsters,MODIFIES,xp_treasure,Experience for Treasure,treasure carried,,worsens,read,PHB,103,"TRAPS, TRICKS, AND ENCOUNTERS",explicit_rule,page-sweep,core,,,
sword_ego_vs_personality,Intelligence and Ego,EXCLUDES,rule_obedience,Obedience,obedience of the sword,,negates,derived,PHB,106,OBEDIENCE,explicit_rule,page-sweep,core,,,
sys_alignment,Alignment,CONSTRAINS,rule_poisoned_weapon,Poisoned Weapon,who may use poison,,worsens,read,PHB,107,POISON,explicit_rule,page-sweep,core,,,
exp_level,Experience Level,GATES,psi_disciplines,Psionic Discipline,disciplines gained,,enables,derived,PHB,111,PSIONIC DISCIPLINES,explicit_rule,page-sweep,optional,,,
item_magic_item,Magic Device,MODIFIES,psi_ability,Psionic Ability,alteration by devices,,neutral,read,PHB,110,PSIONIC ABILITY,explicit_rule,page-sweep,optional,,,
item_magic_item,Magic Device,MODIFIES,save_magical_attack,Saving Throw vs Magical Attack,the item's save,,improves,read,PHB,115,MAJOR SCIENCES: Molecular Manipulation,explicit_rule,spell-scan,optional,,,
psi_attack_blast,Psionic Blast,CONSUMES,psi_strength_points,Psionic Strength,point cost per usage,,neutral,derived,PHB,110,Attack Modes,explicit_rule,page-sweep,optional,,,
psi_combat,Psionic Combat,TRIGGERS,death_character,Death,death when undefended,,inflicts,read,PHB,111,Defense Modes,explicit_rule,page-sweep,optional,,,
psi_combat,Psionic Combat,TRIGGERS,rule_stun,Stunning Blow,stunning when undefended,,inflicts,read,PHB,111,Defense Modes,explicit_rule,page-sweep,optional,,,
psi_disciplines,Psionic Discipline,CONSUMES,psi_strength_points,Psionic Strength,cost of employment,,neutral,derived,PHB,111,PSIONIC DISCIPLINES,explicit_rule,page-sweep,optional,,,
psi_disciplines,Psionic Discipline,DERIVED_FROM,exp_level,Experience Level,level of mastery,,neutral,derived,PHB,111,PSIONIC DISCIPLINES,explicit_rule,page-sweep,optional,,,
psi_strength_points,Psionic Strength,CONSTRAINS,psi_attack_modes,Psionic Attack,attacking when spent,,worsens,read,PHB,110,Attack Modes,explicit_rule,page-sweep,optional,,,
psi_strength_points,Psionic Strength,CONSTRAINS,psi_defense_modes,Defense Mode,defending when spent,,worsens,read,PHB,111,Defense Modes,explicit_rule,page-sweep,optional,,,
psi_strength_points,Psionic Strength,EXCLUDED_FROM,psi_ability,Psionic Ability,spending and regaining,,negates,derived,PHB,110,PSIONIC ABILITY,explicit_rule,page-sweep,optional,,,
psi_strength_points,Psionic Strength,FEEDS_INTO,psi_attack_modes,Psionic Attack,attack strength,,neutral,derived,PHB,110,PSIONIC ABILITY,explicit_rule,page-sweep,optional,,,
psi_strength_points,Psionic Strength,FEEDS_INTO,psi_defense_modes,Defense Mode,defense strength,,neutral,derived,PHB,110,PSIONIC ABILITY,explicit_rule,page-sweep,optional,,,
sys_classes,Character Class,EXCLUDED_FROM,psi_disciplines,Psionic Discipline,class eligibility,,negates,derived,PHB,111,PSIONIC DISCIPLINES,explicit_rule,page-sweep,optional,,,
abil_charisma,Charisma,CONSTRAINS,psi_mass_domination,Mass Domination,period of control,,worsens,read,PHB,115,MAJOR SCIENCES: Mass Domination,explicit_rule,spell-scan,optional,,,
abil_charisma,Charisma,FEEDS_INTO,psi_telepathic_projection,Telepathic Projection,cost of possession,,neutral,derived,PHB,116,MAJOR SCIENCES: Telepathic Projection,explicit_rule,spell-scan,optional,,,
abil_intelligence,Intelligence,CONSTRAINS,psi_mass_domination,Mass Domination,period of control,,worsens,read,PHB,115,MAJOR SCIENCES: Mass Domination,explicit_rule,spell-scan,optional,,,
abil_intelligence,Intelligence,FEEDS_INTO,psi_precognition,Precognition,accuracy,,neutral,derived,PHB,113,MINOR DEVOTIONS: Precognition,explicit_rule,spell-scan,optional,,,
abil_intelligence,Intelligence,FEEDS_INTO,psi_telepathic_projection,Telepathic Projection,cost of possession,,neutral,derived,PHB,116,MAJOR SCIENCES: Telepathic Projection,explicit_rule,spell-scan,optional,,,
abil_intelligence,Intelligence,GATES,psi_hypnosis,Hypnosis,who is subject,,enables,derived,PHB,113,MINOR DEVOTIONS: Hypnosis,explicit_rule,spell-scan,optional,,,
abil_intelligence,Intelligence,GATES,psi_telepathy,Telepathy,minimum intelligence,,enables,derived,PHB,116,MAJOR SCIENCES: Telepathy,explicit_rule,spell-scan,optional,,,
abil_strength,Strength,CONSTRAINS,psi_expansion,Expansion,bonus already held,,worsens,read,PHB,112,MINOR DEVOTIONS: Expansion,explicit_rule,spell-scan,optional,,,
abil_wisdom,Wisdom,CONSTRAINS,psi_mass_domination,Mass Domination,period of control,,worsens,read,PHB,115,MAJOR SCIENCES: Mass Domination,explicit_rule,spell-scan,optional,,,
abil_wisdom,Wisdom,FEEDS_INTO,psi_precognition,Precognition,accuracy,,neutral,derived,PHB,113,MINOR DEVOTIONS: Precognition,explicit_rule,spell-scan,optional,,,
abil_wisdom,Wisdom,FEEDS_INTO,psi_telepathic_projection,Telepathic Projection,cost of possession,,neutral,derived,PHB,116,MAJOR SCIENCES: Telepathic Projection,explicit_rule,spell-scan,optional,,,
class_cleric,Cleric,EXCLUDED_FROM,psi_expansion,Expansion,class eligibility,,negates,derived,PHB,111,TABLE OF PSIONIC DISCIPLINES,explicit_rule,page-sweep,optional,,,
class_cleric,Cleric,EXCLUDED_FROM,psi_reduction,Reduction,class eligibility,,negates,derived,PHB,111,TABLE OF PSIONIC DISCIPLINES,explicit_rule,page-sweep,optional,,,
class_fighter,Fighter,EXCLUDED_FROM,psi_empathy,Empathy,class eligibility,,negates,derived,PHB,111,TABLE OF PSIONIC DISCIPLINES,explicit_rule,page-sweep,optional,,,
class_fighter,Fighter,EXCLUDED_FROM,psi_telempathic_projection,Telempathic Projection,class eligibility,,negates,derived,PHB,111,TABLE OF PSIONIC DISCIPLINES,explicit_rule,page-sweep,optional,,,
class_magic_user,Magic-User,EXCLUDED_FROM,psi_body_weaponry,Body Weaponry,class eligibility,,negates,derived,PHB,111,TABLE OF PSIONIC DISCIPLINES,explicit_rule,page-sweep,optional,,,
class_thief,Thief,EXCLUDED_FROM,psi_domination,Domination,class eligibility,,negates,derived,PHB,111,TABLE OF PSIONIC DISCIPLINES,explicit_rule,page-sweep,optional,,,
class_thief,Thief,EXCLUDED_FROM,psi_mass_domination,Mass Domination,class eligibility,,negates,derived,PHB,111,TABLE OF PSIONIC DISCIPLINES,explicit_rule,page-sweep,optional,,,
class_thief,Thief,EXCLUDED_FROM,psi_object_reading,Object Reading,class eligibility,,negates,derived,PHB,111,TABLE OF PSIONIC DISCIPLINES,explicit_rule,page-sweep,optional,,,
enc_encumbrance,Encumbrance,FEEDS_INTO,psi_shape_alteration,Shape Alteration,weight altered,,neutral,derived,PHB,116,MAJOR SCIENCES: Shape Alteration,explicit_rule,spell-scan,optional,,,
exp_level,Experience Level,GATES,psi_detection_good_evil,Detection of Good or Evil,retrying a failed reading,,enables,derived,PHB,112,MINOR DEVOTIONS: Detection of Good or Evil,explicit_rule,spell-scan,optional,,,
exp_level,Experience Level,GATES,psi_mind_bar,Mind Bar,locating the attacker,,enables,derived,PHB,115,MAJOR SCIENCES: Mind Bar,explicit_rule,spell-scan,optional,,,
exp_level,Experience Level,MODIFIES,psi_animal_telepathy,Animal Telepathy,range and creatures reached,,improves,read,PHB,111,MINOR DEVOTIONS: Animal Telepathy,explicit_rule,spell-scan,optional,,,
exp_level,Experience Level,MODIFIES,psi_body_control,Body Control,damage and duration,,improves,read,PHB,114,MAJOR SCIENCES: Body Control,explicit_rule,spell-scan,optional,,,
exp_level,Experience Level,MODIFIES,psi_body_weaponry,Body Weaponry,armour and weapon equivalent,,improves,read,PHB,111,MINOR DEVOTIONS: Body Weaponry,explicit_rule,spell-scan,optional,,,
exp_level,Experience Level,MODIFIES,psi_cell_adjustment,Cell Adjustment,healing ceiling,,improves,read,PHB,112,MINOR DEVOTIONS: Cell Adjustment,explicit_rule,spell-scan,optional,,,
exp_level,Experience Level,MODIFIES,psi_detection_good_evil,Detection of Good or Evil,chance of reading,,improves,read,PHB,112,MINOR DEVOTIONS: Detection of Good or Evil,explicit_rule,spell-scan,optional,,,
exp_level,Experience Level,MODIFIES,psi_detection_magic,Detection of Magic,naming the type,,improves,read,PHB,112,MINOR DEVOTIONS: Detection of Magic,explicit_rule,spell-scan,optional,,,
exp_level,Experience Level,MODIFIES,psi_dimension_walk,Dimension Walk,risk of misdirection,,improves,read,PHB,114,MAJOR SCIENCES: Dimension Walk,explicit_rule,spell-scan,optional,,,
exp_level,Experience Level,MODIFIES,psi_empathy,Empathy,range,,improves,read,PHB,112,MINOR DEVOTIONS: Empathy,explicit_rule,spell-scan,optional,,,
exp_level,Experience Level,MODIFIES,psi_etherealness,Etherealness,weight carried across,,improves,read,PHB,115,MAJOR SCIENCES: Etherealness,explicit_rule,spell-scan,optional,,,
exp_level,Experience Level,MODIFIES,psi_expansion,Expansion,maximum growth,,improves,read,PHB,112,MINOR DEVOTIONS: Expansion,explicit_rule,spell-scan,optional,,,
exp_level,Experience Level,MODIFIES,psi_hypnosis,Hypnosis,creature levels affected,,improves,read,PHB,113,MINOR DEVOTIONS: Hypnosis,explicit_rule,spell-scan,optional,,,
exp_level,Experience Level,MODIFIES,psi_invisibility,Invisibility,creature levels fooled,,improves,read,PHB,113,MINOR DEVOTIONS: Invisibility,explicit_rule,spell-scan,optional,,,
exp_level,Experience Level,MODIFIES,psi_levitation,Levitation,total duration,,improves,read,PHB,113,MINOR DEVOTIONS: Levitation,explicit_rule,spell-scan,optional,,,
exp_level,Experience Level,MODIFIES,psi_mass_domination,Mass Domination,creatures and duration,,improves,read,PHB,115,MAJOR SCIENCES: Mass Domination,explicit_rule,spell-scan,optional,,,
exp_level,Experience Level,MODIFIES,psi_mind_bar,Mind Bar,chance the bar holds,,improves,read,PHB,115,MAJOR SCIENCES: Mind Bar,explicit_rule,spell-scan,optional,,,
exp_level,Experience Level,MODIFIES,psi_mind_over_body,Mind Over Body,days sustained,,improves,read,PHB,113,MINOR DEVOTIONS: Mind Over Body,explicit_rule,spell-scan,optional,,,
exp_level,Experience Level,MODIFIES,psi_molecular_agitation,Molecular Agitation,time before effect,,improves,read,PHB,113,MINOR DEVOTIONS: Molecular Agitation,explicit_rule,spell-scan,optional,,,
exp_level,Experience Level,MODIFIES,psi_molecular_manipulation,Molecular Manipulation,what may be weakened,,improves,read,PHB,115,MAJOR SCIENCES: Molecular Manipulation,explicit_rule,spell-scan,optional,,,
exp_level,Experience Level,MODIFIES,psi_molecular_rearrangement,Molecular Rearrangement,metals and weight,,improves,read,PHB,115,MAJOR SCIENCES: Molecular Rearrangement,explicit_rule,spell-scan,optional,,,
exp_level,Experience Level,MODIFIES,psi_precognition,Precognition,accuracy,,improves,read,PHB,113,MINOR DEVOTIONS: Precognition,explicit_rule,spell-scan,optional,,,
exp_level,Experience Level,MODIFIES,psi_probability_travel,Probability Travel,companions and risk,,improves,read,PHB,116,MAJOR SCIENCES: Probability Travel,explicit_rule,spell-scan,optional,,,
exp_level,Experience Level,MODIFIES,psi_reduction,Reduction,size reduction,,improves,read,PHB,114,MINOR DEVOTIONS: Reduction,explicit_rule,spell-scan,optional,,,
exp_level,Experience Level,MODIFIES,psi_suspend_animation,Suspend Animation,duration suspended,,improves,read,PHB,114,MINOR DEVOTIONS: Suspend Animation,explicit_rule,spell-scan,optional,,,
exp_level,Experience Level,MODIFIES,psi_telekinesis,Telekinesis,weight moved,,improves,read,PHB,116,MAJOR SCIENCES: Telekinesis,explicit_rule,spell-scan,optional,,,
exp_level,Experience Level,MODIFIES,psi_telempathic_projection,Telempathic Projection,duration,,improves,read,PHB,116,MAJOR SCIENCES: Telempathic Projection,explicit_rule,spell-scan,optional,,,
exp_level,Experience Level,MODIFIES,psi_telepathic_projection,Telepathic Projection,range and creatures influenced,,improves,read,PHB,116,MAJOR SCIENCES: Telepathic Projection,explicit_rule,spell-scan,optional,,,
psi_ability,Psionic Ability,GATES,psi_defense_mind_blank,Mind Blank,possession of the mode,,enables,derived,PHB,110,Defense Modes,explicit_rule,page-sweep,optional,,,
psi_animal_telepathy,Animal Telepathy,CONSUMES,psi_strength_points,Psionic Strength,strength point cost,,neutral,derived,PHB,111,MINOR DEVOTIONS: Animal Telepathy,explicit_rule,spell-scan,optional,,,
psi_animal_telepathy,Animal Telepathy,EXCLUDES,psi_domination,Domination,command and influence,,negates,derived,PHB,111,MINOR DEVOTIONS: Animal Telepathy,explicit_rule,spell-scan,optional,,,
psi_animal_telepathy,Animal Telepathy,FEEDS_INTO,rule_communication,Communication,speech with animals,,neutral,derived,PHB,111,MINOR DEVOTIONS: Animal Telepathy,explicit_rule,spell-scan,optional,,,
psi_astral_projection,Astral Projection,CONSUMES,psi_strength_points,Psionic Strength,strength point cost,,neutral,derived,PHB,114,MAJOR SCIENCES: Astral Projection,explicit_rule,spell-scan,optional,,,
psi_astral_projection,Astral Projection,CROSS_REFERENCES,spell_astral_spell,Astral Spell,who may travel,,neutral,derived,PHB,114,MAJOR SCIENCES: Astral Projection,explicit_reference,spell-scan,optional,,,
psi_astral_projection,Astral Projection,GATES,rule_astral_plane,Astral Plane,means of reaching it,,enables,derived,PHB,114,MAJOR SCIENCES: Astral Projection,explicit_rule,spell-scan,optional,,,
psi_attack_ego_whip,Ego Whip,CONSUMES,psi_strength_points,Psionic Strength,point cost per usage,,neutral,derived,PHB,110,Attack Modes,explicit_rule,page-sweep,optional,,,
psi_attack_id_insinuation,Id Insinuation,CONSUMES,psi_strength_points,Psionic Strength,point cost per usage,,neutral,derived,PHB,110,Attack Modes,explicit_rule,page-sweep,optional,,,
psi_attack_mind_thrust,Mind Thrust,CONSUMES,psi_strength_points,Psionic Strength,point cost per usage,,neutral,derived,PHB,110,Attack Modes,explicit_rule,page-sweep,optional,,,
psi_attack_psychic_crush,Psychic Crush,CONSTRAINS,psi_defense_modes,Defense Mode,defenses left available,,worsens,read,PHB,110,Attack Modes,explicit_rule,page-sweep,optional,,,
psi_attack_psychic_crush,Psychic Crush,CONSUMES,psi_strength_points,Psionic Strength,point cost per usage,,neutral,derived,PHB,110,Attack Modes,explicit_rule,page-sweep,optional,,,
psi_aura_alteration,Aura Alteration,CONSUMES,psi_strength_points,Psionic Strength,strength point cost,,neutral,derived,PHB,114,MAJOR SCIENCES: Aura Alteration,explicit_rule,spell-scan,optional,,,
psi_aura_alteration,Aura Alteration,CROSS_REFERENCES,spell_remove_curse,Remove Curse,performs the same removal,,neutral,derived,PHB,114,MAJOR SCIENCES: Aura Alteration,explicit_reference,spell-scan,optional,,,
psi_aura_alteration,Aura Alteration,EXCLUDES,spell_quest,Quest,removal of the aura,,negates,derived,PHB,114,MAJOR SCIENCES: Aura Alteration,explicit_rule,spell-scan,optional,,,
psi_aura_alteration,Aura Alteration,MODIFIES,sys_alignment,Alignment,shows a false alignment,,neutral,read,PHB,114,MAJOR SCIENCES: Aura Alteration,explicit_rule,spell-scan,optional,,,
psi_body_control,Body Control,CONSUMES,psi_strength_points,Psionic Strength,strength point cost,,neutral,derived,PHB,114,MAJOR SCIENCES: Body Control,explicit_rule,spell-scan,optional,,,
psi_body_control,Body Control,GATES,rule_water_breathing,Breathing,breathing under water,,enables,derived,PHB,114,MAJOR SCIENCES: Body Control,explicit_rule,spell-scan,optional,,,
psi_body_control,Body Control,MODIFIES,cbt_damage,Damage,environmental damage,,improves,read,PHB,114,MAJOR SCIENCES: Body Control,explicit_rule,spell-scan,optional,,,
psi_body_equilibrium,Body Equilibrium,CONSUMES,psi_strength_points,Psionic Strength,strength point cost,,neutral,derived,PHB,111,MINOR DEVOTIONS: Body Equilibrium,explicit_rule,spell-scan,optional,,,
psi_body_equilibrium,Body Equilibrium,MODIFIES,ex_movement_rate,Movement Rate,surfaces that bear weight,,improves,read,PHB,111,MINOR DEVOTIONS: Body Equilibrium,explicit_rule,spell-scan,optional,,,
psi_body_weaponry,Body Weaponry,CONSUMES,psi_strength_points,Psionic Strength,strength point cost,,neutral,derived,PHB,111,MINOR DEVOTIONS: Body Weaponry,explicit_rule,spell-scan,optional,,,
psi_body_weaponry,Body Weaponry,MODIFIES,cbt_armor_class,Armor Class,the body as armour,,improves,read,PHB,111,MINOR DEVOTIONS: Body Weaponry,explicit_rule,spell-scan,optional,,,
psi_body_weaponry,Body Weaponry,MODIFIES,cbt_damage,Damage,the body as weapon,,improves,read,PHB,111,MINOR DEVOTIONS: Body Weaponry,explicit_rule,spell-scan,optional,,,
psi_cell_adjustment,Cell Adjustment,CONSUMES,psi_strength_points,Psionic Strength,strength point cost,,neutral,derived,PHB,112,MINOR DEVOTIONS: Cell Adjustment,explicit_rule,spell-scan,optional,,,
psi_cell_adjustment,Cell Adjustment,MODIFIES,rule_disease,Disease,disease cured,,improves,read,PHB,112,MINOR DEVOTIONS: Cell Adjustment,explicit_rule,spell-scan,optional,,,
psi_cell_adjustment,Cell Adjustment,MODIFIES,rule_hit_points,Hit Points,wounds healed,,improves,read,PHB,112,MINOR DEVOTIONS: Cell Adjustment,explicit_rule,spell-scan,optional,,,
psi_clairaudience,Clairaudience,CONSUMES,psi_strength_points,Psionic Strength,strength point cost,,neutral,derived,PHB,112,MINOR DEVOTIONS: Clairaudience,explicit_rule,spell-scan,optional,,,
psi_clairvoyance,Clairvoyance,CONSUMES,psi_strength_points,Psionic Strength,strength point cost,,neutral,derived,PHB,112,MINOR DEVOTIONS: Clairvoyance,explicit_rule,spell-scan,optional,,,
psi_clairvoyance,Clairvoyance,GATES,psi_molecular_agitation,Molecular Agitation,the item in view,,enables,derived,PHB,113,MINOR DEVOTIONS: Molecular Agitation,explicit_rule,spell-scan,optional,,,
psi_defense_intellect_fortress,Intellect Fortress,CONSUMES,psi_strength_points,Psionic Strength,point cost per usage,,neutral,derived,PHB,110,Defense Modes,explicit_rule,page-sweep,optional,,,
psi_defense_intellect_fortress,Intellect Fortress,MODIFIES,psi_defense_modes,Defense Mode,defense available nearby,,improves,read,PHB,111,Defense Modes,explicit_rule,page-sweep,optional,,,
psi_defense_intellect_fortress,Intellect Fortress,MODIFIES,save_spell,Spell,saves of nearby non-psionics,versus psionic blast,improves,read,PHB,111,Defense Modes,explicit_rule,page-sweep,optional,,,
psi_defense_mental_barrier,Mental Barrier,CONSUMES,psi_strength_points,Psionic Strength,point cost per usage,,neutral,derived,PHB,110,Defense Modes,explicit_rule,page-sweep,optional,,,
psi_defense_mind_blank,Mind Blank,CONSUMES,psi_strength_points,Psionic Strength,point cost per usage,,neutral,derived,PHB,110,Defense Modes,explicit_rule,page-sweep,optional,,,
psi_defense_thought_shield,Thought Shield,CONSUMES,psi_strength_points,Psionic Strength,point cost per usage,,neutral,derived,PHB,110,Defense Modes,explicit_rule,page-sweep,optional,,,
psi_defense_tower_iron_will,Tower of Iron Will,CONSUMES,psi_strength_points,Psionic Strength,point cost per usage,,neutral,derived,PHB,110,Defense Modes,explicit_rule,page-sweep,optional,,,
psi_defense_tower_iron_will,Tower of Iron Will,MODIFIES,psi_defense_modes,Defense Mode,defense available nearby,,improves,read,PHB,111,Defense Modes,explicit_rule,page-sweep,optional,,,
psi_defense_tower_iron_will,Tower of Iron Will,MODIFIES,save_spell,Spell,saves of nearby non-psionics,versus psionic blast,improves,read,PHB,111,Defense Modes,explicit_rule,page-sweep,optional,,,
psi_detection_good_evil,Detection of Good or Evil,CONSUMES,psi_strength_points,Psionic Strength,strength point cost,,neutral,derived,PHB,112,MINOR DEVOTIONS: Detection of Good or Evil,explicit_rule,spell-scan,optional,,,
psi_detection_good_evil,Detection of Good or Evil,FEEDS_INTO,sys_alignment,Alignment,the aura read,,neutral,derived,PHB,112,MINOR DEVOTIONS: Detection of Good or Evil,explicit_rule,spell-scan,optional,,,
psi_detection_good_evil,Detection of Good or Evil,RESOLVED_BY,save_spell,Spell,save for exact alignment,,governs,derived,PHB,112,MINOR DEVOTIONS: Detection of Good or Evil,explicit_rule,spell-scan,optional,,,
psi_detection_magic,Detection of Magic,CONSUMES,psi_strength_points,Psionic Strength,strength point cost,,neutral,derived,PHB,112,MINOR DEVOTIONS: Detection of Magic,explicit_rule,spell-scan,optional,,,
psi_detection_magic,Detection of Magic,CROSS_REFERENCES,spell_detect_magic,Detect Magic,the aural force,,neutral,derived,PHB,112,MINOR DEVOTIONS: Detection of Magic,explicit_reference,spell-scan,optional,,,
psi_dimension_door,Dimension Door,CONSUMES,psi_strength_points,Psionic Strength,strength point cost,,neutral,derived,PHB,114,MAJOR SCIENCES: Dimension Door,explicit_rule,spell-scan,optional,,,
psi_dimension_walk,Dimension Walk,CONSUMES,psi_strength_points,Psionic Strength,strength point cost,,neutral,derived,PHB,114,MAJOR SCIENCES: Dimension Walk,explicit_rule,spell-scan,optional,,,
psi_dimension_walk,Dimension Walk,EXCLUDES,cbt_encounter_reactions,Encounter Reactions,encounters in transit,,negates,derived,PHB,115,MAJOR SCIENCES: Dimension Walk,explicit_rule,spell-scan,optional,,,
psi_dimension_walk,Dimension Walk,MODIFIES,ex_movement_rate,Movement Rate,distance crossed,,improves,read,PHB,114,MAJOR SCIENCES: Dimension Walk,explicit_rule,spell-scan,optional,,,
psi_domination,Domination,CONSUMES,psi_strength_points,Psionic Strength,strength point cost,,neutral,derived,PHB,112,MINOR DEVOTIONS: Domination,explicit_rule,spell-scan,optional,,,
psi_domination,Domination,CONSUMES,psi_strength_points,Psionic Strength,upkeep of control,,neutral,derived,PHB,112,MINOR DEVOTIONS: Domination,explicit_rule,spell-scan,optional,,,
psi_domination,Domination,RESOLVED_BY,save_spell,Spell,the save negates control,,governs,derived,PHB,112,MINOR DEVOTIONS: Domination,explicit_rule,spell-scan,optional,,,
psi_empathy,Empathy,CONSUMES,psi_strength_points,Psionic Strength,strength point cost,,neutral,derived,PHB,112,MINOR DEVOTIONS: Empathy,explicit_rule,spell-scan,optional,,,
psi_empathy,Empathy,FEEDS_INTO,cbt_encounter_reactions,Encounter Reactions,drives and emotions,,neutral,derived,PHB,112,MINOR DEVOTIONS: Empathy,explicit_rule,spell-scan,optional,,,
psi_energy_control,Energy Control,CONSUMES,psi_strength_points,Psionic Strength,strength point cost,,neutral,derived,PHB,115,MAJOR SCIENCES: Energy Control,explicit_rule,spell-scan,optional,,,
psi_energy_control,Energy Control,EXCLUDES,cbt_damage,Damage,directed energy,,negates,derived,PHB,115,MAJOR SCIENCES: Energy Control,explicit_rule,spell-scan,optional,,,
psi_esp,ESP,CONSUMES,psi_strength_points,Psionic Strength,strength point cost,,neutral,derived,PHB,112,MINOR DEVOTIONS: ESP,explicit_rule,spell-scan,optional,,,
psi_esp,ESP,CROSS_REFERENCES,spell_esp,ESP,thoughts received,,neutral,derived,PHB,112,MINOR DEVOTIONS: ESP,explicit_reference,spell-scan,optional,,,
psi_esp,ESP,GATES,psi_telepathic_projection,Telepathic Projection,or possess ESP,,enables,derived,PHB,116,MAJOR SCIENCES: Telepathic Projection,explicit_rule,spell-scan,optional,,,
psi_etherealness,Etherealness,CONSUMES,psi_strength_points,Psionic Strength,strength point cost,,neutral,derived,PHB,115,MAJOR SCIENCES: Etherealness,explicit_rule,spell-scan,optional,,,
psi_etherealness,Etherealness,GATES,rule_ethereal_plane,Ethereal Plane,means of reaching it,,enables,derived,PHB,115,MAJOR SCIENCES: Etherealness,explicit_rule,spell-scan,optional,,,
psi_etherealness,Etherealness,GATES,rule_inner_planes,The Inner Planes,materialising on them,,enables,derived,PHB,115,MAJOR SCIENCES: Etherealness,explicit_rule,spell-scan,optional,,,
psi_expansion,Expansion,CONSUMES,psi_strength_points,Psionic Strength,strength point cost,,neutral,derived,PHB,112,MINOR DEVOTIONS: Expansion,explicit_rule,spell-scan,optional,,,
psi_expansion,Expansion,MODIFIES,abil_strength,Strength,strength equivalent,,improves,read,PHB,112,MINOR DEVOTIONS: Expansion,explicit_rule,spell-scan,optional,,,
psi_expansion,Expansion,MODIFIES,cbt_damage,Damage,bonus to damage inflicted,,improves,read,PHB,112,MINOR DEVOTIONS: Expansion,explicit_rule,spell-scan,optional,,,
psi_expansion,Expansion,TRIGGERS,item_magic_item,Magic Device,expanded magical items,,inflicts,read,PHB,112,MINOR DEVOTIONS: Expansion,explicit_rule,spell-scan,optional,,,
psi_hypnosis,Hypnosis,CONSUMES,psi_strength_points,Psionic Strength,strength point cost,,neutral,derived,PHB,113,MINOR DEVOTIONS: Hypnosis,explicit_rule,spell-scan,optional,,,
psi_hypnosis,Hypnosis,CROSS_REFERENCES,spell_charm_monster,Charm Monster,similar to the spell,,neutral,derived,PHB,113,MINOR DEVOTIONS: Hypnosis,explicit_reference,spell-scan,optional,,,
psi_hypnosis,Hypnosis,CROSS_REFERENCES,spell_charm_person,Charm Person,similar to the spell,,neutral,derived,PHB,113,MINOR DEVOTIONS: Hypnosis,explicit_reference,spell-scan,optional,,,
psi_hypnosis,Hypnosis,CROSS_REFERENCES,spell_suggestion,Suggestion,similar to the spell,,neutral,derived,PHB,113,MINOR DEVOTIONS: Hypnosis,explicit_reference,spell-scan,optional,,,
psi_hypnosis,Hypnosis,RESOLVED_BY,save_spell,Spell,who may save,,governs,derived,PHB,113,MINOR DEVOTIONS: Hypnosis,explicit_rule,spell-scan,optional,,,
psi_invisibility,Invisibility,CONSUMES,psi_strength_points,Psionic Strength,strength point cost,,neutral,derived,PHB,113,MINOR DEVOTIONS: Invisibility,explicit_rule,spell-scan,optional,,,
psi_invisibility,Invisibility,CROSS_REFERENCES,spell_invisibility,Invisibility,closely resembles the spell,,neutral,derived,PHB,113,MINOR DEVOTIONS: Invisibility,explicit_reference,spell-scan,optional,,,
psi_invisibility,Invisibility,EXCLUDES,rule_detection_invisibility,Detection of Invisibility,magical detection,,negates,derived,PHB,113,MINOR DEVOTIONS: Invisibility,explicit_rule,spell-scan,optional,,,
psi_levitation,Levitation,CONSUMES,psi_strength_points,Psionic Strength,strength point cost,,neutral,derived,PHB,113,MINOR DEVOTIONS: Levitation,explicit_rule,spell-scan,optional,,,
psi_levitation,Levitation,CROSS_REFERENCES,spell_levitate,Levitation,similar to the spell,,neutral,derived,PHB,113,MINOR DEVOTIONS: Levitation,explicit_reference,spell-scan,optional,,,
psi_major_sciences,Major Sciences,DERIVED_FROM,psi_disciplines,Psionic Discipline,the major division,,neutral,derived,PHB,111,PSIONIC DISCIPLINES,explicit_rule,page-sweep,optional,,,
psi_mass_domination,Mass Domination,CONSUMES,psi_strength_points,Psionic Strength,strength point cost,,neutral,derived,PHB,115,MAJOR SCIENCES: Mass Domination,explicit_rule,spell-scan,optional,,,
psi_mass_domination,Mass Domination,CROSS_REFERENCES,psi_domination,Domination,minds dominated,,neutral,derived,PHB,115,MAJOR SCIENCES: Mass Domination,explicit_reference,spell-scan,optional,,,
psi_mass_domination,Mass Domination,MODIFIES,save_spell,Spell,the saving throw,,worsens,read,PHB,115,MAJOR SCIENCES: Mass Domination,explicit_rule,spell-scan,optional,,,
psi_mass_domination,Mass Domination,RESOLVED_BY,save_spell,Spell,the save negates control,,governs,derived,PHB,115,MAJOR SCIENCES: Mass Domination,explicit_rule,spell-scan,optional,,,
psi_mind_bar,Mind Bar,CONSUMES,psi_strength_points,Psionic Strength,strength point cost,,neutral,derived,PHB,115,MAJOR SCIENCES: Mind Bar,explicit_rule,spell-scan,optional,,,
psi_mind_bar,Mind Bar,EXCLUDES,monster_demon_devil,Demons and Devils,influence and possession,,negates,derived,PHB,115,MAJOR SCIENCES: Mind Bar,explicit_rule,spell-scan,optional,,,
psi_mind_bar,Mind Bar,EXCLUDES,psi_domination,Domination,the psionic power,,negates,derived,PHB,115,MAJOR SCIENCES: Mind Bar,explicit_rule,spell-scan,optional,,,
psi_mind_bar,Mind Bar,EXCLUDES,psi_empathy,Empathy,the psionic power,,negates,derived,PHB,115,MAJOR SCIENCES: Mind Bar,explicit_rule,spell-scan,optional,,,
psi_mind_bar,Mind Bar,EXCLUDES,psi_hypnosis,Hypnosis,the psionic power,,negates,derived,PHB,115,MAJOR SCIENCES: Mind Bar,explicit_rule,spell-scan,optional,,,
psi_mind_bar,Mind Bar,EXCLUDES,psi_invisibility,Invisibility,seeing the invisible,,negates,derived,PHB,115,MAJOR SCIENCES: Mind Bar,explicit_rule,spell-scan,optional,,,
psi_mind_bar,Mind Bar,EXCLUDES,psi_telepathy,Telepathy,the psionic power,,negates,derived,PHB,115,MAJOR SCIENCES: Mind Bar,explicit_rule,spell-scan,optional,,,
psi_mind_bar,Mind Bar,EXCLUDES,spell_charm_person,Charm Person,the magical attack,,negates,derived,PHB,115,MAJOR SCIENCES: Mind Bar,explicit_rule,spell-scan,optional,,,
psi_mind_bar,Mind Bar,EXCLUDES,spell_confusion,Confusion,the magical attack,,negates,derived,PHB,115,MAJOR SCIENCES: Mind Bar,explicit_rule,spell-scan,optional,,,
psi_mind_bar,Mind Bar,EXCLUDES,spell_esp,ESP,the magical attack,,negates,derived,PHB,115,MAJOR SCIENCES: Mind Bar,explicit_rule,spell-scan,optional,,,
psi_mind_bar,Mind Bar,EXCLUDES,spell_feeblemind,Feeblemind,the magical attack,,negates,derived,PHB,115,MAJOR SCIENCES: Mind Bar,explicit_rule,spell-scan,optional,,,
psi_mind_bar,Mind Bar,EXCLUDES,spell_magic_jar,Magic Jar,the magical attack,,negates,derived,PHB,115,MAJOR SCIENCES: Mind Bar,explicit_rule,spell-scan,optional,,,
psi_mind_bar,Mind Bar,EXCLUDES,spell_sleep,Sleep,the magical attack,,negates,derived,PHB,115,MAJOR SCIENCES: Mind Bar,explicit_rule,spell-scan,optional,,,
psi_mind_bar,Mind Bar,EXCLUDES,spell_suggestion,Suggestion,the magical attack,,negates,derived,PHB,115,MAJOR SCIENCES: Mind Bar,explicit_rule,spell-scan,optional,,,
psi_mind_over_body,Mind Over Body,CONSUMES,psi_strength_points,Psionic Strength,strength point cost,,neutral,derived,PHB,113,MINOR DEVOTIONS: Mind Over Body,explicit_rule,spell-scan,optional,,,
psi_mind_over_body,Mind Over Body,EXCLUDES,rule_rest,Rest and Nourishment,need for rest,,negates,derived,PHB,113,MINOR DEVOTIONS: Mind Over Body,explicit_rule,spell-scan,optional,,,
psi_minor_devotions,Minor Devotions,DERIVED_FROM,psi_disciplines,Psionic Discipline,the minor division,,neutral,derived,PHB,111,PSIONIC DISCIPLINES,explicit_rule,page-sweep,optional,,,
psi_minor_devotions,Minor Devotions,GATES,psi_major_sciences,Major Sciences,order of acquisition,,enables,derived,PHB,111,PSIONIC DISCIPLINES,explicit_rule,page-sweep,optional,,,
psi_molecular_agitation,Molecular Agitation,CONSUMES,psi_strength_points,Psionic Strength,strength point cost,,neutral,derived,PHB,113,MINOR DEVOTIONS: Molecular Agitation,explicit_rule,spell-scan,optional,,,
psi_molecular_agitation,Molecular Agitation,TRIGGERS,cbt_damage,Damage,damage to flesh,,inflicts,read,PHB,113,MINOR DEVOTIONS: Molecular Agitation,explicit_rule,spell-scan,optional,,,
psi_molecular_manipulation,Molecular Manipulation,CONSUMES,psi_strength_points,Psionic Strength,strength point cost,,neutral,derived,PHB,115,MAJOR SCIENCES: Molecular Manipulation,explicit_rule,spell-scan,optional,,,
psi_molecular_manipulation,Molecular Manipulation,RESOLVED_BY,save_magical_attack,Saving Throw vs Magical Attack,the item's save,,governs,derived,PHB,115,MAJOR SCIENCES: Molecular Manipulation,explicit_rule,spell-scan,optional,,,
psi_molecular_rearrangement,Molecular Rearrangement,CONSUMES,psi_strength_points,Psionic Strength,strength point cost,,neutral,derived,PHB,115,MAJOR SCIENCES: Molecular Rearrangement,explicit_rule,spell-scan,optional,,,
psi_molecular_rearrangement,Molecular Rearrangement,MODIFIES,money_gp,Money,the metal transmuted,,improves,read,PHB,115,MAJOR SCIENCES: Molecular Rearrangement,explicit_rule,spell-scan,optional,,,
psi_object_reading,Object Reading,CONSUMES,psi_strength_points,Psionic Strength,strength point cost,,neutral,derived,PHB,113,MINOR DEVOTIONS: Object Reading,explicit_rule,spell-scan,optional,,,
psi_object_reading,Object Reading,FEEDS_INTO,item_magic_item,Magic Device,owner and history,not all objects carry them,neutral,derived,PHB,113,MINOR DEVOTIONS: Object Reading,explicit_rule,spell-scan,optional,,,
psi_object_reading,Object Reading,FEEDS_INTO,sys_alignment,Alignment,a previous owner's alignment,,neutral,derived,PHB,113,MINOR DEVOTIONS: Object Reading,explicit_rule,spell-scan,optional,,,
psi_precognition,Precognition,CONSUMES,psi_strength_points,Psionic Strength,strength point cost,,neutral,derived,PHB,113,MINOR DEVOTIONS: Precognition,explicit_rule,spell-scan,optional,,,
psi_probability_travel,Probability Travel,CONSUMES,psi_strength_points,Psionic Strength,strength point cost,,neutral,derived,PHB,116,MAJOR SCIENCES: Probability Travel,explicit_rule,spell-scan,optional,,,
psi_probability_travel,Probability Travel,CROSS_REFERENCES,psi_astral_projection,Astral Projection,the body carried,,neutral,derived,PHB,116,MAJOR SCIENCES: Probability Travel,explicit_reference,spell-scan,optional,,,
psi_probability_travel,Probability Travel,GATES,rule_ethereal_plane,Ethereal Plane,planes reachable,,enables,derived,PHB,116,MAJOR SCIENCES: Probability Travel,explicit_rule,spell-scan,optional,,,
psi_probability_travel,Probability Travel,GATES,rule_planar_travel,Ethereal Plane,crossing to other planes,,enables,derived,PHB,116,MAJOR SCIENCES: Probability Travel,explicit_rule,spell-scan,optional,,,
psi_reduction,Reduction,CONSUMES,psi_strength_points,Psionic Strength,strength point cost,,neutral,derived,PHB,114,MINOR DEVOTIONS: Reduction,explicit_rule,spell-scan,optional,,,
psi_sensitivity_psychic_impressions,Sensitivity to Psychic Impressions,CONSUMES,psi_strength_points,Psionic Strength,strength point cost,,neutral,derived,PHB,114,MINOR DEVOTIONS: Sensitivity to Psychic Impressions,explicit_rule,spell-scan,optional,,,
psi_sensitivity_psychic_impressions,Sensitivity to Psychic Impressions,FEEDS_INTO,death_character,Death,deaths sensed,,neutral,derived,PHB,114,MINOR DEVOTIONS: Sensitivity to Psychic Impressions,explicit_rule,spell-scan,optional,,,
psi_shape_alteration,Shape Alteration,CONSTRAINS,rule_spell_casting,Casting a Spell,casting while altered,,worsens,read,PHB,116,MAJOR SCIENCES: Shape Alteration,explicit_rule,spell-scan,optional,,,
psi_shape_alteration,Shape Alteration,CONSUMES,psi_strength_points,Psionic Strength,strength point cost,,neutral,derived,PHB,116,MAJOR SCIENCES: Shape Alteration,explicit_rule,spell-scan,optional,,,
psi_shape_alteration,Shape Alteration,CROSS_REFERENCES,spell_polymorph_self,Polymorph Self,closely resembles the spell,,neutral,derived,PHB,116,MAJOR SCIENCES: Shape Alteration,explicit_reference,spell-scan,optional,,,
psi_shape_alteration,Shape Alteration,EXCLUDES,monster_special,Special Creatures,special attack forms,,negates,derived,PHB,116,MAJOR SCIENCES: Shape Alteration,explicit_rule,spell-scan,optional,,,
psi_shape_alteration,Shape Alteration,MODIFIES,abil_strength,Strength,strength of the form,,neutral,read,PHB,116,MAJOR SCIENCES: Shape Alteration,explicit_rule,spell-scan,optional,,,
psi_strength_points,Psionic Strength,CONSTRAINS,psi_precognition,Precognition,reading when spent,,worsens,read,PHB,113,MINOR DEVOTIONS: Precognition,explicit_rule,spell-scan,optional,,,
psi_strength_points,Psionic Strength,CONSTRAINS,psi_telekinesis,Telekinesis,duration,,neutral,read,PHB,116,MAJOR SCIENCES: Telekinesis,explicit_rule,spell-scan,optional,,,
psi_suspend_animation,Suspend Animation,CONSTRAINS,rule_rest,Rest and Nourishment,activity owed after,,worsens,read,PHB,114,MINOR DEVOTIONS: Suspend Animation,explicit_rule,spell-scan,optional,,,
psi_suspend_animation,Suspend Animation,CONSUMES,psi_strength_points,Psionic Strength,strength point cost,,neutral,derived,PHB,114,MINOR DEVOTIONS: Suspend Animation,explicit_rule,spell-scan,optional,,,
psi_suspend_animation,Suspend Animation,EXCLUDES,rule_water_breathing,Breathing,air is not needed,,negates,derived,PHB,114,MINOR DEVOTIONS: Suspend Animation,explicit_rule,spell-scan,optional,,,
psi_telekinesis,Telekinesis,CONSUMES,psi_strength_points,Psionic Strength,strength point cost,,neutral,derived,PHB,116,MAJOR SCIENCES: Telekinesis,explicit_rule,spell-scan,optional,,,
psi_telempathic_projection,Telempathic Projection,CONSUMES,psi_strength_points,Psionic Strength,strength point cost,,neutral,derived,PHB,116,MAJOR SCIENCES: Telempathic Projection,explicit_rule,spell-scan,optional,,,
psi_telempathic_projection,Telempathic Projection,CROSS_REFERENCES,psi_empathy,Empathy,sending an emotion,,neutral,derived,PHB,116,MAJOR SCIENCES: Telempathic Projection,explicit_reference,spell-scan,optional,,,
psi_telepathic_projection,Telepathic Projection,CONSUMES,psi_strength_points,Psionic Strength,strength point cost,,neutral,derived,PHB,116,MAJOR SCIENCES: Telepathic Projection,explicit_rule,spell-scan,optional,,,
psi_telepathic_projection,Telepathic Projection,CROSS_REFERENCES,psi_telepathy,Telepathy,cost of communication,,neutral,derived,PHB,116,MAJOR SCIENCES: Telepathic Projection,explicit_reference,spell-scan,optional,,,
psi_telepathic_projection,Telepathic Projection,CROSS_REFERENCES,spell_suggestion,Suggestion,the implanted suggestion,,neutral,derived,PHB,116,MAJOR SCIENCES: Telepathic Projection,explicit_reference,spell-scan,optional,,,
psi_telepathic_projection,Telepathic Projection,RESOLVED_BY,save_spell,Spell,the saving throw,,governs,derived,PHB,116,MAJOR SCIENCES: Telepathic Projection,explicit_rule,spell-scan,optional,,,
psi_telepathy,Telepathy,CONSUMES,psi_strength_points,Psionic Strength,strength point cost,,neutral,derived,PHB,116,MAJOR SCIENCES: Telepathy,explicit_rule,spell-scan,optional,,,
psi_telepathy,Telepathy,FEEDS_INTO,rule_communication,Communication,speech without language,,neutral,derived,PHB,116,MAJOR SCIENCES: Telepathy,explicit_rule,spell-scan,optional,,,
psi_telepathy,Telepathy,GATES,psi_telepathic_projection,Telepathic Projection,the recipient's power,,enables,derived,PHB,116,MAJOR SCIENCES: Telepathic Projection,explicit_rule,spell-scan,optional,,,
psi_teleportation,Teleportation,CONSUMES,psi_strength_points,Psionic Strength,strength point cost,,neutral,derived,PHB,116,MAJOR SCIENCES: Teleportation,explicit_rule,spell-scan,optional,,,
psi_teleportation,Teleportation,MODIFIES,rule_teleport_error,Teleport Mishap,chance of misarrival,,improves,read,PHB,116,MAJOR SCIENCES: Teleportation,explicit_rule,spell-scan,optional,,,
rule_alignment_graph,Alignment Graph,FEEDS_INTO,psi_aura_alteration,Aura Alteration,cost by factor change,,neutral,derived,PHB,114,MAJOR SCIENCES: Aura Alteration,explicit_rule,spell-scan,optional,,,
rule_communication,Communication,CONSTRAINS,psi_esp,ESP,thoughts in unknown languages,,worsens,read,PHB,112,MINOR DEVOTIONS: ESP,explicit_rule,spell-scan,optional,,,
rule_dm_discretion,DM Discretion,GATES,psi_precognition,Precognition,referee adjudication,,enables,derived,PHB,114,MINOR DEVOTIONS: Precognition,explicit_rule,spell-scan,optional,,,
rule_planar_travel,Ethereal Plane,CONSTRAINS,psi_telepathy,Telepathy,the same plane,,worsens,read,PHB,116,MAJOR SCIENCES: Telepathy,explicit_rule,spell-scan,optional,,,
rule_rest,Rest and Nourishment,GATES,psi_mind_over_body,Mind Over Body,rest before reuse,,enables,derived,PHB,113,MINOR DEVOTIONS: Mind Over Body,explicit_rule,spell-scan,optional,,,
rule_time,Time,CONSTRAINS,psi_molecular_rearrangement,Molecular Rearrangement,interval between uses,,worsens,read,PHB,115,MAJOR SCIENCES: Molecular Rearrangement,explicit_rule,spell-scan,optional,,,
sys_armor,Armor,EXCLUDES,psi_body_weaponry,Body Weaponry,use while armoured,,negates,derived,PHB,111,MINOR DEVOTIONS: Body Weaponry,explicit_rule,spell-scan,optional,,,
sys_classes,Character Class,CONSTRAINS,psi_cell_adjustment,Cell Adjustment,healing ceiling,,worsens,read,PHB,112,MINOR DEVOTIONS: Cell Adjustment,explicit_rule,spell-scan,optional,,,
sys_classes,Character Class,MODIFIES,psi_body_weaponry,Body Weaponry,class sets the progression,,neutral,read,PHB,111,MINOR DEVOTIONS: Body Weaponry,explicit_rule,spell-scan,optional,,,
abil_constitution,Constitution,MODIFIES,rule_hit_points,Hit Points,bonus timing,cavalier entry grade,improves,read,UA,14,THE CAVALIER,explicit_rule,page-sweep,optional,,,
abil_intelligence,Intelligence,GATES,class_cavalier,Cavalier,minimum score,,enables,derived,UA,14,THE CAVALIER,explicit_rule,page-sweep,optional,,,
abil_wisdom,Wisdom,GATES,class_cavalier,Cavalier,minimum score,,enables,derived,UA,14,THE CAVALIER,explicit_rule,page-sweep,optional,,,
cbt_parry,Parry,CONSTRAINS,cbt_attacks_per_round,Attacks Per Melee Round,attack forfeited,cavalier parries,worsens,read,UA,15,CAVALIERS TABLE I,explicit_rule,page-sweep,optional,,,
class_cavalier,Cavalier,CONSTRAINS,item_magic_armor,Magic Armor,preference still applies,,neutral,read,UA,15,CAVALIERS TABLE I,explicit_rule,page-sweep,optional,,,
class_cavalier,Cavalier,CONSTRAINS,prof_weapon,Weapon Proficiency,proficiency order,,neutral,read,UA,14,THE CAVALIER,explicit_rule,page-sweep,optional,,,
class_cavalier,Cavalier,CONSTRAINS,sys_armor,Armor,armor types worn,,neutral,read,UA,15,CAVALIERS TABLE I,explicit_rule,page-sweep,optional,,,
class_cavalier,Cavalier,CROSS_REFERENCES,abil_str_exceptional,Exceptional Strength,percentile strength,,neutral,derived,UA,15,CAVALIERS TABLE I,explicit_reference,page-sweep,optional,,,
class_cavalier,Cavalier,DERIVED_FROM,save_matrix,Saving Throw Matrix,saves as a fighter,,neutral,derived,UA,15,CAVALIERS TABLE I,explicit_rule,page-sweep,optional,,,
class_cavalier,Cavalier,EXCLUDES,rule_fear,Fear or Religious Awe,allied aura,good aligned,negates,derived,UA,15,CAVALIERS TABLE I,explicit_rule,page-sweep,optional,,,
class_cavalier,Cavalier,EXCLUDES,rule_fear,Fear or Religious Awe,immunity,,negates,derived,UA,15,CAVALIERS TABLE I,explicit_rule,page-sweep,optional,,,
class_cavalier,Cavalier,MODIFIES,psi_attack_blast,Psionic Blast,mind effect resistance,,improves,read,UA,15,CAVALIERS TABLE I,explicit_rule,page-sweep,optional,,,
class_cavalier,Cavalier,MODIFIES,rule_hit_points,Hit Points,selected steed bonus,steed chosen,improves,read,UA,15,CAVALIERS TABLE I,explicit_rule,page-sweep,optional,,,
class_cavalier,Cavalier,MODIFIES,rule_mount,Mount,steed worth judged,,improves,read,UA,15,CAVALIERS TABLE I,explicit_rule,page-sweep,optional,,,
class_cavalier,Cavalier,MODIFIES,rule_mount,Mount,thrown from saddle,,improves,read,UA,15,CAVALIERS TABLE I,explicit_rule,page-sweep,optional,,,
class_cavalier,Cavalier,MODIFIES,spell_beguiling_charm_hypnosis_suggestion_spells,"Beguiling, Charm, Hypnosis, and Suggestion Spells",mind effect resistance,,improves,read,UA,15,CAVALIERS TABLE I,explicit_rule,page-sweep,optional,,,
class_cavalier,Cavalier,MODIFIES,spell_hold_person,Hold Person,mind effect resistance,,improves,read,UA,15,CAVALIERS TABLE I,explicit_rule,page-sweep,optional,,,
class_cavalier,Cavalier,MODIFIES,spell_magic_jar,Magic Jar,mind effect resistance,,improves,read,UA,15,CAVALIERS TABLE I,explicit_rule,page-sweep,optional,,,
class_cavalier,Cavalier,MODIFIES,spell_sleep,Sleep,mind effect resistance,,improves,read,UA,15,CAVALIERS TABLE I,explicit_rule,page-sweep,optional,,,
class_cavalier,Cavalier,MODIFIES,training,Training,self sufficient,at higher levels,improves,read,UA,15,CAVALIERS TABLE I,explicit_rule,page-sweep,optional,,,
class_cavalier,Cavalier,OVERRIDES,rule_sex,Character Sex,score ceiling,,neutral,derived,UA,15,CAVALIERS TABLE I,explicit_rule,page-sweep,optional,explicit_replacement,,
class_cavalier,Cavalier,OVERRIDES,tbl_race_maximums,Racial Ability Maximums,score ceiling,,neutral,derived,UA,15,CAVALIERS TABLE I,explicit_rule,page-sweep,optional,explicit_replacement,,
exp_level,Experience Level,GATES,monster_unicorn,Unicorn,steed handling,female elven cavalier,enables,derived,UA,15,CAVALIERS TABLE I,explicit_rule,page-sweep,optional,,,
exp_level,Experience Level,GATES,rule_battleflag,Battle Flag,pennon unlocked,,enables,derived,UA,16,CAVALIERS TABLE I,explicit_rule,page-sweep,optional,,,
exp_level,Experience Level,GATES,rule_mount,Mount,rapid mounting,,enables,derived,UA,15,CAVALIERS TABLE I,explicit_rule,page-sweep,optional,,,
exp_level,Experience Level,MODIFIES,ex_movement_rate,Movement Rate,mount speed urged,cavalier urges mount,improves,read,UA,15,CAVALIERS TABLE I,explicit_rule,page-sweep,optional,,,
exp_level,Experience Level,MODIFIES,rule_alignment_change,Changing Alignment,penalty free window,early levels,neutral,read,UA,16,CAVALIERS TABLE I,explicit_rule,page-sweep,optional,,,
exp_level,Experience Level,MODIFIES,rule_hit_points,Hit Points,flat gain past level,cavalier,improves,read,UA,15,CAVALIERS TABLE I,explicit_rule,page-sweep,optional,,,
exp_level,Experience Level,MODIFIES,rule_mount,Mount,saddle security,,improves,read,UA,15,CAVALIERS TABLE I,explicit_rule,page-sweep,optional,,,
exp_level,Experience Level,MODIFIES,sys_ability_scores,Ability Scores,percentile increase,,improves,read,UA,15,CAVALIERS TABLE I,explicit_rule,page-sweep,optional,,,
exp_level,Experience Level,MODIFIES,sys_experience,Experience Points,flat cost beyond table,,neutral,read,UA,15,CAVALIERS TABLE I,explicit_rule,page-sweep,optional,,,
exp_level_loss,Level Loss,MODIFIES,sys_ability_scores,Ability Scores,percentile loss,,worsens,read,UA,15,CAVALIERS TABLE I,explicit_rule,page-sweep,optional,,,
race_elf,Elf,EXCLUDED_FROM,cbt_attack_matrix,Attack Matrix,mounted attack bonus,,negates,derived,UA,15,CAVALIERS TABLE I,explicit_rule,page-sweep,optional,,,
race_elf,Elf,GATES,monster_unicorn,Unicorn,steed handling,female cavalier,enables,derived,UA,15,CAVALIERS TABLE I,explicit_rule,page-sweep,optional,,,
race_half_elf,Half-Elf,EXCLUDED_FROM,cbt_attack_matrix,Attack Matrix,mounted attack bonus,,negates,derived,UA,15,CAVALIERS TABLE I,explicit_rule,page-sweep,optional,,,
rule_mount,Mount,MODIFIES,cbt_attack_matrix,Attack Matrix,effective attack level,human cavalier,improves,read,UA,15,CAVALIERS TABLE I,explicit_rule,page-sweep,optional,,,
rule_sex,Character Sex,CONSTRAINS,monster_unicorn,Unicorn,steed handling,female only,neutral,read,UA,15,CAVALIERS TABLE I,explicit_rule,page-sweep,optional,,,
rule_shield,Shield,MODIFIES,cbt_parry,Parry,second opponent,,improves,read,UA,15,CAVALIERS TABLE I,explicit_rule,page-sweep,optional,,,
sys_alignment,Alignment,CONSTRAINS,hench_henchmen,Henchmen,follower types limited,neutral or evil cavalier,neutral,read,UA,16,CAVALIERS TABLE I,explicit_rule,page-sweep,optional,,,
sys_alignment,Alignment,CONSTRAINS,rule_hospitality,Hospitality,same alignment only,,neutral,read,UA,16,CAVALIERS TABLE I,explicit_rule,page-sweep,optional,,,
sys_alignment,Alignment,CONSTRAINS,rule_mount,Mount,mount acceptance,opposed alignment,neutral,read,UA,15,CAVALIERS TABLE I,explicit_rule,page-sweep,optional,,,
sys_alignment,Alignment,GATES,rule_poison_use,Use of Poison,poison use,evil cavaliers,enables,derived,UA,16,CAVALIERS TABLE I,explicit_rule,page-sweep,optional,,,
training,Training,MODIFIES,abil_constitution,Constitution,percentile gain,,improves,read,UA,15,CAVALIERS TABLE I,explicit_rule,page-sweep,optional,,,
training,Training,MODIFIES,abil_dexterity,Dexterity,percentile gain,,improves,read,UA,15,CAVALIERS TABLE I,explicit_rule,page-sweep,optional,,,
training,Training,MODIFIES,abil_strength,Strength,percentile gain,,improves,read,UA,15,CAVALIERS TABLE I,explicit_rule,page-sweep,optional,,,
exp_level,Experience Level,DERIVED_FROM,tbl_cavaliers_i,Cavaliers Table I,level threshold,,neutral,derived,UA,15,CAVALIERS TABLE I,explicit_rule,page-sweep,optional,,,
exp_level,Experience Level,GATES,monster_griffon,Griffon,steed handling,,enables,derived,UA,15,CAVALIERS TABLE I,explicit_rule,page-sweep,optional,,,
exp_level,Experience Level,GATES,monster_hippogriff,Hippogriff,steed handling,,enables,derived,UA,15,CAVALIERS TABLE I,explicit_rule,page-sweep,optional,,,
exp_level,Experience Level,GATES,monster_pegasus,Pegasus,steed handling,,enables,derived,UA,15,CAVALIERS TABLE I,explicit_rule,page-sweep,optional,,,
exp_level,Experience Level,MODIFIES,rule_level_title,Level Title,title advancement,,neutral,read,UA,15,CAVALIERS TABLE I,explicit_rule,page-sweep,optional,,,
exp_level,Experience Level,MODIFIES,rule_weapon_of_choice,Weapon of Choice,to hit bonus,,improves,read,UA,14,THE CAVALIER,explicit_rule,page-sweep,optional,,,
rule_armorial_bearing,Armorial Bearing,DERIVED_FROM,campaign_social_class,Social Class and Rank,device of station,,neutral,derived,UA,16,CAVALIERS TABLE I,explicit_rule,page-sweep,optional,,,
rule_chivalric_code,Code of Chivalry,CONSTRAINS,class_cavalier,Cavalier,battlefield control,,neutral,read,UA,16,CAVALIERS TABLE I,explicit_rule,page-sweep,optional,,,
rule_chivalric_code,Code of Chivalry,CONSTRAINS,class_cavalier,Cavalier,conduct required,,neutral,read,UA,14,THE CAVALIER,explicit_rule,page-sweep,optional,,,
rule_chivalric_code,Code of Chivalry,CONSTRAINS,prof_weapon,Weapon Proficiency,distance weapons avoided,,neutral,read,UA,14,THE CAVALIER,explicit_rule,page-sweep,optional,,,
rule_chivalric_code,Code of Chivalry,GATES,class_cavalier,Cavalier,knighthood retained,order or liege lord demands revocation,enables,derived,UA,16,CAVALIERS TABLE I,explicit_rule,page-sweep,optional,,,
rule_chivalric_code,Code of Chivalry,MODIFIES,sys_experience,Experience Points,award reduced,code violated,worsens,read,UA,16,CAVALIERS TABLE I,explicit_rule,page-sweep,optional,,,
rule_hit_points,Hit Points,DERIVED_FROM,tbl_cavaliers_i,Cavaliers Table I,hit dice by level,,neutral,derived,UA,15,CAVALIERS TABLE I,explicit_rule,page-sweep,optional,,,
rule_level_title,Level Title,DERIVED_FROM,tbl_cavaliers_i,Cavaliers Table I,title by level,,neutral,derived,UA,15,CAVALIERS TABLE I,explicit_rule,page-sweep,optional,,,
rule_weapon_of_choice,Weapon of Choice,CONSTRAINS,class_cavalier,Cavalier,same weapon retained,,neutral,read,UA,14,THE CAVALIER,explicit_rule,page-sweep,optional,,,
rule_weapon_of_choice,Weapon of Choice,EXCLUDED_FROM,cbt_damage,Damage,to hit bonus,,negates,derived,UA,14,THE CAVALIER,explicit_rule,page-sweep,optional,,,
rule_weapon_of_choice,Weapon of Choice,EXCLUDED_FROM,item_magic_weapon,Magic Weapon,hitting magic immune,,negates,derived,UA,14,THE CAVALIER,explicit_rule,page-sweep,optional,,,
rule_weapon_of_choice,Weapon of Choice,MODIFIES,cbt_attacks_per_round,Attacks Per Melee Round,effective level,,improves,read,UA,14,THE CAVALIER,explicit_rule,page-sweep,optional,,,
rule_weapon_of_choice,Weapon of Choice,MODIFIES,cbt_tohit,To-Hit Roll,chosen weapon bonus,,improves,read,UA,14,THE CAVALIER,explicit_rule,page-sweep,optional,,,
rule_zero_level_progression,Zero Level Progression,CONSTRAINS,class_cavalier,Cavalier,special abilities withheld,,neutral,read,UA,14,THE CAVALIER,explicit_rule,page-sweep,optional,,,
rule_zero_level_progression,Zero Level Progression,GATES,class_cavalier,Cavalier,low born entry,,enables,derived,UA,14,THE CAVALIER,explicit_rule,page-sweep,optional,,,
rule_zero_level_progression,Zero Level Progression,MODIFIES,rule_hit_points,Hit Points,entry path dice,,neutral,read,UA,14,THE CAVALIER,explicit_rule,page-sweep,optional,,,
weapon_lance,Lance,DERIVED_FROM,weapon_awl_pike,Awl Pike,dismounted specifications,heavy lance,neutral,derived,UA,15,CAVALIERS TABLE I,explicit_rule,page-sweep,optional,,,
weapon_lance,Lance,DERIVED_FROM,weapon_spear,Spear,dismounted specifications,medium or light lance,neutral,derived,UA,15,CAVALIERS TABLE I,explicit_rule,page-sweep,optional,,,
